{
"type": "FeatureCollection",
"name": "regiones_simplificado",
"crs": { "type": "name", "properties": { "name": "urn:ogc:def:crs:OGC:1.3:CRS84" } },
"xy_coordinate_resolution": 0.0001,
"features": [
{ "type": "Feature", "properties": { "codregion": 15 }, "geometry": { "type": "Polygon", "coordinates": [ [ [ -69.4678, -17.6048 ], [ -69.3366, -17.7322 ], [ -69.2821, -17.9682 ], [ -69.2558, -17.954 ], [ -69.2306, -17.9891 ], [ -69.1209, -18.0044 ], [ -69.057, -18.0612 ], [ -69.1461, -18.1638 ], [ -69.0639, -18.2309 ], [ -69.0742, -18.2874 ], [ -69.038, -18.3226 ], [ -69.0483, -18.4265 ], [ -69.0027, -18.4823 ], [ -69.0074, -18.6015 ], [ -69.0368, -18.6222 ], [ -68.9842, -18.6782 ], [ -68.9116, -18.8908 ], [ -68.9581, -18.9458 ], [ -69.0202, -18.9537 ], [ -69.0142, -19.0032 ], [ -69.1599, -19.1047 ], [ -69.2334, -19.0939 ], [ -69.3178, -19.1365 ], [ -69.3149, -19.103 ], [ -69.4255, -19.0247 ], [ -69.8864, -19.0346 ], [ -70.2853, -19.2293 ], [ -70.2692, -19.1456 ], [ -70.3605, -18.7933 ], [ -70.3166, -18.5151 ], [ -70.3335, -18.4799 ], [ -70.3026, -18.4487 ], [ -70.3791, -18.3501 ], [ -70.3181, -18.3111 ], [ -70.1494, -18.3193 ], [ -70.0504, -18.2692 ], [ -69.9852, -18.2697 ], [ -69.8605, -18.1705 ], [ -69.7546, -17.9892 ], [ -69.8222, -17.7439 ], [ -69.7962, -17.6459 ], [ -69.6664, -17.6603 ], [ -69.4684, -17.4983 ], [ -69.4678, -17.6048 ] ] ] } },
{ "type": "Feature", "properties": { "codregion": 1 }, "geometry": { "type": "Polygon", "coordinates": [ [ [ -70.1375, -20.1926 ], [ -70.1232, -19.9976 ], [ -70.132, -19.8799 ], [ -70.1652, -19.8287 ], [ -70.1515, -19.7241 ], [ -70.1713, -19.6546 ], [ -70.2401, -19.6019 ], [ -70.2058, -19.5901 ], [ -70.2022, -19.498 ], [ -70.2845, -19.3085 ], [ -70.2854, -19.2297 ], [ -69.9538, -19.0517 ], [ -69.4255, -19.0247 ], [ -69.3149, -19.103 ], [ -69.3178, -19.1365 ], [ -69.2334, -19.0939 ], [ -69.1534, -19.1027 ], [ -69.0142, -19.0032 ], [ -69.0202, -18.9537 ], [ -68.9502, -18.9366 ], [ -68.8708, -19.0603 ], [ -68.8059, -19.0835 ], [ -68.6197, -19.2764 ], [ -68.5427, -19.2967 ], [ -68.4048, -19.4161 ], [ -68.5724, -19.6054 ], [ -68.6242, -19.702 ], [ -68.6962, -19.738 ], [ -68.5993, -19.8279 ], [ -68.5281, -19.8455 ], [ -68.5513, -20.0217 ], [ -68.5662, -20.05 ], [ -68.7621, -20.0781 ], [ -68.7738, -20.1296 ], [ -68.7045, -20.1332 ], [ -68.7126, -20.2489 ], [ -68.6605, -20.319 ], [ -68.6743, -20.3567 ], [ -68.7415, -20.369 ], [ -68.7387, -20.4568 ], [ -68.4386, -20.6408 ], [ -68.5531, -20.729 ], [ -68.5532, -20.8762 ], [ -68.4807, -20.9451 ], [ -68.5357, -21.0646 ], [ -68.8596, -21.2849 ], [ -69.313, -21.3981 ], [ -69.5508, -21.6302 ], [ -69.6667, -21.4629 ], [ -69.7656, -21.4195 ], [ -69.7811, -21.4417 ], [ -70.0583, -21.4302 ], [ -70.0872, -21.3783 ], [ -70.0982, -21.339 ], [ -70.0655, -21.3027 ], [ -70.0819, -21.2314 ], [ -70.1337, -21.1296 ], [ -70.1247, -21.0873 ], [ -70.1774, -21.0245 ], [ -70.127, -20.9352 ], [ -70.1447, -20.8723 ], [ -70.207, -20.811 ], [ -70.1851, -20.7978 ], [ -70.1995, -20.5335 ], [ -70.1583, -20.4617 ], [ -70.1827, -20.363 ], [ -70.1293, -20.2956 ], [ -70.1634, -20.2076 ], [ -70.1375, -20.1926 ] ] ] } },
{ "type": "Feature", "properties": { "codregion": 2 }, "geometry": { "type": "Polygon", "coordinates": [ [ [ -68.4124, -20.9345 ], [ -68.1791, -21.3019 ], [ -68.1806, -21.604 ], [ -68.0605, -21.77 ], [ -68.0712, -21.9816 ], [ -67.9646, -22.0539 ], [ -67.9392, -22.1074 ], [ -67.9576, -22.166 ], [ -67.9154, -22.2723 ], [ -67.9372, -22.2732 ], [ -67.942, -22.3822 ], [ -67.9, -22.407 ], [ -67.8929, -22.4991 ], [ -67.8409, -22.533 ], [ -67.8319, -22.5812 ], [ -67.8833, -22.628 ], [ -67.8824, -22.8334 ], [ -67.826, -22.8452 ], [ -67.799, -22.8811 ], [ -67.5685, -22.898 ], [ -67.1803, -22.8141 ], [ -66.9901, -22.9999 ], [ -67.3226, -24.0341 ], [ -68.2457, -24.3958 ], [ -68.3105, -24.4906 ], [ -68.3901, -24.4886 ], [ -68.4332, -24.6057 ], [ -68.4677, -24.6228 ], [ -68.4951, -24.5999 ], [ -68.4918, -24.6643 ], [ -68.5682, -24.795 ], [ -68.5193, -24.8736 ], [ -68.4317, -24.9054 ], [ -68.4127, -25.0195 ], [ -68.3743, -25.0358 ], [ -68.3432, -25.1106 ], [ -68.4085, -25.1445 ], [ -68.4649, -25.1307 ], [ -68.5073, -25.168 ], [ -68.5089, -25.2325 ], [ -68.5498, -25.2609 ], [ -68.53, -25.2913 ], [ -68.6574, -25.3035 ], [ -68.6719, -25.3606 ], [ -68.7249, -25.3903 ], [ -68.9874, -25.3768 ], [ -69.0358, -25.4422 ], [ -68.9958, -25.5054 ], [ -69.0848, -25.5841 ], [ -69.0506, -25.6348 ], [ -69.0947, -25.7199 ], [ -69.0582, -25.7276 ], [ -69.0982, -25.8017 ], [ -69.2666, -25.8666 ], [ -69.3802, -25.8802 ], [ -69.439, -25.8596 ], [ -69.5121, -25.9512 ], [ -69.7565, -25.9173 ], [ -69.8543, -25.9452 ], [ -69.9084, -25.8944 ], [ -70.0229, -25.9198 ], [ -70.0759, -25.965 ], [ -70.2404, -25.916 ], [ -70.2647, -25.9307 ], [ -70.301, -25.8961 ], [ -70.3243, -25.9311 ], [ -70.3931, -25.9287 ], [ -70.526, -26.0096 ], [ -70.6051, -26.0041 ], [ -70.6146, -26.0581 ], [ -70.6581, -26.0616 ], [ -70.6278, -25.9947 ], [ -70.7371, -25.8246 ], [ -70.7306, -25.7791 ], [ -70.6852, -25.7447 ], [ -70.6835, -25.6623 ], [ -70.6363, -25.6447 ], [ -70.6469, -25.53 ], [ -70.5284, -25.4785 ], [ -70.5171, -25.3959 ], [ -70.4923, -25.4093 ], [ -70.4507, -25.3775 ], [ -70.4344, -25.2565 ], [ -70.438, -25.1899 ], [ -70.5079, -25.0966 ], [ -70.4665, -24.9948 ], [ -70.5289, -24.9156 ], [ -70.5215, -24.8665 ], [ -70.5777, -24.7322 ], [ -70.5502, -24.5953 ], [ -70.5803, -24.551 ], [ -70.5422, -24.4253 ], [ -70.535, -24.248 ], [ -70.5029, -24.1782 ], [ -70.5198, -24.0208 ], [ -70.495, -23.9053 ], [ -70.5263, -23.862 ], [ -70.3921, -23.6131 ], [ -70.402, -23.5353 ], [ -70.4747, -23.4693 ], [ -70.5133, -23.4675 ], [ -70.5467, -23.5376 ], [ -70.599, -23.5062 ], [ -70.6287, -23.516 ], [ -70.5895, -23.4276 ], [ -70.6044, -23.2515 ], [ -70.5607, -23.1897 ], [ -70.5794, -23.083 ], [ -70.5164, -23.0249 ], [ -70.4851, -23.0977 ], [ -70.4045, -23.0827 ], [ -70.29, -22.9142 ], [ -70.316, -22.8046 ], [ -70.2804, -22.7178 ], [ -70.2903, -22.6563 ], [ -70.2624, -22.636 ], [ -70.2843, -22.5715 ], [ -70.238, -22.4969 ], [ -70.2685, -22.4605 ], [ -70.232, -22.1703 ], [ -70.1888, -22.0587 ], [ -70.1689, -21.9293 ], [ -70.1902, -21.9016 ], [ -70.143, -21.8487 ], [ -70.15, -21.6555 ], [ -70.0942, -21.5929 ], [ -70.0816, -21.4837 ], [ -70.0455, -21.4253 ], [ -69.8303, -21.4433 ], [ -69.7656, -21.4195 ], [ -69.6665, -21.4632 ], [ -69.5508, -21.6302 ], [ -69.313, -21.3981 ], [ -68.8596, -21.2849 ], [ -68.5357, -21.0646 ], [ -68.4808, -20.9412 ], [ -68.4124, -20.9345 ] ] ] } },
{ "type": "Feature", "properties": { "codregion": 12 }, "geometry": { "type": "MultiPolygon", "coordinates": [ [ [ [ -67.3202, -55.9201 ], [ -67.2487, -55.936 ], [ -67.2129, -55.9646 ], [ -67.288, -55.98 ], [ -67.3153, -55.968 ], [ -67.2947, -55.9447 ], [ -67.3501, -55.9313 ], [ -67.3202, -55.9201 ] ] ], [ [ [ -67.0947, -55.8138 ], [ -67.0732, -55.8345 ], [ -67.1191, -55.8443 ], [ -67.0832, -55.859 ], [ -67.112, -55.8696 ], [ -67.0717, -55.9089 ], [ -67.1767, -55.8664 ], [ -67.1659, -55.84 ], [ -67.0947, -55.8138 ] ], [ [ -67.119, -55.8321 ], [ -67.1174, -55.8314 ], [ -67.1185, -55.8313 ], [ -67.119, -55.8321 ] ], [ [ -67.1259, -55.8468 ], [ -67.1274, -55.8482 ], [ -67.125, -55.8471 ], [ -67.1259, -55.8468 ] ], [ [ -67.1137, -55.8596 ], [ -67.1157, -55.8602 ], [ -67.1107, -55.8596 ], [ -67.1137, -55.8596 ] ], [ [ -67.103, -55.8839 ], [ -67.1081, -55.8827 ], [ -67.1079, -55.8835 ], [ -67.103, -55.8839 ] ] ], [ [ [ -67.2994, -55.8043 ], [ -67.299, -55.8231 ], [ -67.2072, -55.852 ], [ -67.2058, -55.8883 ], [ -67.3476, -55.8656 ], [ -67.3566, -55.8216 ], [ -67.3884, -55.8362 ], [ -67.4227, -55.8241 ], [ -67.2994, -55.8043 ] ] ], [ [ [ -67.5954, -55.7953 ], [ -67.5058, -55.8251 ], [ -67.5475, -55.8344 ], [ -67.5286, -55.8511 ], [ -67.5722, -55.8586 ], [ -67.5407, -55.8671 ], [ -67.5567, -55.8946 ], [ -67.6168, -55.876 ], [ -67.6184, -55.9139 ], [ -67.6526, -55.9037 ], [ -67.6198, -55.8582 ], [ -67.6384, -55.8441 ], [ -67.6618, -55.8428 ], [ -67.6598, -55.8629 ], [ -67.6954, -55.8542 ], [ -67.6994, -55.8863 ], [ -67.7294, -55.8796 ], [ -67.7486, -55.8455 ], [ -67.801, -55.8667 ], [ -67.8014, -55.8946 ], [ -67.8284, -55.8892 ], [ -67.8267, -55.8682 ], [ -67.842, -55.8831 ], [ -67.9074, -55.8723 ], [ -67.8919, -55.8224 ], [ -67.7304, -55.8333 ], [ -67.6683, -55.8141 ], [ -67.5714, -55.8368 ], [ -67.5954, -55.7953 ] ], [ [ -67.5329, -55.8204 ], [ -67.5391, -55.8178 ], [ -67.54, -55.8205 ], [ -67.5329, -55.8204 ] ], [ [ -67.6247, -55.8999 ], [ -67.6207, -55.9006 ], [ -67.6208, -55.8991 ], [ -67.6247, -55.8999 ] ], [ [ -67.6342, -55.9052 ], [ -67.6343, -55.9039 ], [ -67.6352, -55.9042 ], [ -67.6342, -55.9052 ] ], [ [ -67.5688, -55.8797 ], [ -67.5672, -55.8795 ], [ -67.5691, -55.8791 ], [ -67.5688, -55.8797 ] ], [ [ -67.5704, -55.8847 ], [ -67.5686, -55.8856 ], [ -67.5688, -55.8845 ], [ -67.5704, -55.8847 ] ] ], [ [ [ -67.1683, -55.758 ], [ -67.1604, -55.7857 ], [ -67.2073, -55.7826 ], [ -67.2122, -55.8061 ], [ -67.2623, -55.7986 ], [ -67.2091, -55.7574 ], [ -67.1683, -55.758 ] ], [ [ -67.1814, -55.7678 ], [ -67.1849, -55.7665 ], [ -67.1856, -55.7676 ], [ -67.1814, -55.7678 ] ], [ [ -67.224, -55.7843 ], [ -67.2245, -55.7848 ], [ -67.2235, -55.7846 ], [ -67.224, -55.7843 ] ] ], [ [ [ -67.6212, -55.5945 ], [ -67.5466, -55.6303 ], [ -67.5908, -55.68 ], [ -67.6656, -55.7029 ], [ -67.6925, -55.6616 ], [ -67.6015, -55.6506 ], [ -67.6348, -55.6192 ], [ -67.6212, -55.5945 ] ] ], [ [ [ -67.3695, -55.567 ], [ -67.3817, -55.5967 ], [ -67.3397, -55.6146 ], [ -67.3779, -55.6355 ], [ -67.3218, -55.6394 ], [ -67.3767, -55.6667 ], [ -67.3863, -55.7067 ], [ -67.3664, -55.7199 ], [ -67.3254, -55.6884 ], [ -67.2775, -55.7043 ], [ -67.2588, -55.7268 ], [ -67.3161, -55.7258 ], [ -67.2988, -55.7515 ], [ -67.2439, -55.7565 ], [ -67.2618, -55.7606 ], [ -67.2628, -55.7854 ], [ -67.3392, -55.795 ], [ -67.3588, -55.7569 ], [ -67.3965, -55.7673 ], [ -67.395, -55.7397 ], [ -67.4477, -55.7727 ], [ -67.4636, -55.7388 ], [ -67.493, -55.7594 ], [ -67.5272, -55.7317 ], [ -67.5801, -55.7271 ], [ -67.5083, -55.7102 ], [ -67.5525, -55.7105 ], [ -67.5699, -55.6751 ], [ -67.5356, -55.6445 ], [ -67.5033, -55.6507 ], [ -67.5087, -55.6754 ], [ -67.4365, -55.6838 ], [ -67.4172, -55.718 ], [ -67.3982, -55.689 ], [ -67.4244, -55.636 ], [ -67.4527, -55.6176 ], [ -67.4982, -55.6212 ], [ -67.4666, -55.585 ], [ -67.4469, -55.5752 ], [ -67.3695, -55.567 ] ], [ [ -67.4661, -55.5862 ], [ -67.4613, -55.5885 ], [ -67.4646, -55.5841 ], [ -67.4661, -55.5862 ] ], [ [ -67.5252, -55.6491 ], [ -67.531, -55.6498 ], [ -67.5244, -55.65 ], [ -67.5252, -55.6491 ] ], [ [ -67.5331, -55.7288 ], [ -67.5313, -55.7284 ], [ -67.5319, -55.7279 ], [ -67.5331, -55.7288 ] ] ], [ [ [ -69.044, -55.569 ], [ -68.9875, -55.5787 ], [ -68.9634, -55.639 ], [ -69.012, -55.6522 ], [ -69.0375, -55.6066 ], [ -69.0227, -55.5744 ], [ -69.044, -55.569 ] ], [ [ -68.9832, -55.6051 ], [ -68.985, -55.6057 ], [ -68.9831, -55.606 ], [ -68.9832, -55.6051 ] ], [ [ -69.0124, -55.6064 ], [ -69.0147, -55.6062 ], [ -69.0129, -55.6072 ], [ -69.0124, -55.6064 ] ], [ [ -68.974, -55.6373 ], [ -68.9739, -55.6381 ], [ -68.973, -55.6384 ], [ -68.974, -55.6373 ] ], [ [ -68.9783, -55.6399 ], [ -68.9798, -55.6381 ], [ -68.9809, -55.6393 ], [ -68.9783, -55.6399 ] ], [ [ -69.0001, -55.6444 ], [ -69.0032, -55.6462 ], [ -68.9992, -55.6463 ], [ -69.0001, -55.6444 ] ] ], [ [ [ -69.3075, -55.5201 ], [ -69.2268, -55.5385 ], [ -69.2528, -55.5568 ], [ -69.2824, -55.5387 ], [ -69.2795, -55.5676 ], [ -69.3216, -55.5397 ], [ -69.3075, -55.5201 ] ], [ [ -69.2537, -55.5422 ], [ -69.252, -55.5429 ], [ -69.251, -55.5409 ], [ -69.2537, -55.5422 ] ] ], [ [ [ -68.6746, -55.5187 ], [ -68.6287, -55.5379 ], [ -68.6748, -55.5288 ], [ -68.6213, -55.5533 ], [ -68.6243, -55.5843 ], [ -68.695, -55.564 ], [ -68.7234, -55.5246 ], [ -68.7404, -55.5384 ], [ -68.7404, -55.5214 ], [ -68.6917, -55.5222 ], [ -68.682, -55.5331 ], [ -68.6746, -55.5187 ] ], [ [ -68.6501, -55.5359 ], [ -68.6457, -55.5378 ], [ -68.6476, -55.535 ], [ -68.6501, -55.5359 ] ] ], [ [ [ -68.5547, -55.5051 ], [ -68.5358, -55.5256 ], [ -68.5637, -55.5347 ], [ -68.5236, -55.5278 ], [ -68.5478, -55.5474 ], [ -68.5271, -55.5457 ], [ -68.5047, -55.581 ], [ -68.5276, -55.5793 ], [ -68.5887, -55.5242 ], [ -68.5547, -55.5051 ] ], [ [ -68.538, -55.5591 ], [ -68.5361, -55.559 ], [ -68.5367, -55.5579 ], [ -68.538, -55.5591 ] ] ], [ [ [ -67.6648, -55.4971 ], [ -67.6079, -55.5299 ], [ -67.6085, -55.5795 ], [ -67.5646, -55.5973 ], [ -67.6196, -55.5807 ], [ -67.6516, -55.6131 ], [ -67.7433, -55.6209 ], [ -67.6949, -55.5681 ], [ -67.6696, -55.5724 ], [ -67.7068, -55.5385 ], [ -67.6992, -55.5105 ], [ -67.6648, -55.4971 ] ], [ [ -67.5847, -55.5902 ], [ -67.585, -55.5911 ], [ -67.5837, -55.5902 ], [ -67.5847, -55.5902 ] ] ], [ [ [ -68.6885, -55.4882 ], [ -68.5769, -55.4806 ], [ -68.5713, -55.4935 ], [ -68.6226, -55.5281 ], [ -68.6687, -55.5067 ], [ -68.6126, -55.4851 ], [ -68.6885, -55.4882 ] ], [ [ -68.5807, -55.4897 ], [ -68.5794, -55.49 ], [ -68.5799, -55.4887 ], [ -68.5807, -55.4897 ] ], [ [ -68.6043, -55.4927 ], [ -68.603, -55.4923 ], [ -68.6042, -55.4921 ], [ -68.6043, -55.4927 ] ], [ [ -68.5957, -55.4935 ], [ -68.5961, -55.4953 ], [ -68.5939, -55.4943 ], [ -68.5957, -55.4935 ] ], [ [ -68.5992, -55.5024 ], [ -68.6003, -55.504 ], [ -68.5986, -55.5043 ], [ -68.5992, -55.5024 ] ] ], [ [ [ -69.5871, -55.4259 ], [ -69.4366, -55.4782 ], [ -69.4649, -55.4938 ], [ -69.446, -55.5093 ], [ -69.5052, -55.504 ], [ -69.5053, -55.4696 ], [ -69.5567, -55.4785 ], [ -69.5682, -55.4576 ], [ -69.5966, -55.4702 ], [ -69.5674, -55.4468 ], [ -69.6012, -55.4419 ], [ -69.5871, -55.4259 ] ] ], [ [ [ -69.789, -55.3774 ], [ -69.6297, -55.4034 ], [ -69.6396, -55.4362 ], [ -69.6697, -55.4106 ], [ -69.7386, -55.4185 ], [ -69.6642, -55.44 ], [ -69.6835, -55.4703 ], [ -69.7, -55.4502 ], [ -69.6971, -55.4686 ], [ -69.7186, -55.4667 ], [ -69.7271, -55.4379 ], [ -69.7915, -55.4562 ], [ -69.7533, -55.4417 ], [ -69.7728, -55.4151 ], [ -69.7457, -55.416 ], [ -69.789, -55.3774 ] ], [ [ -69.6878, -55.3991 ], [ -69.685, -55.4006 ], [ -69.6853, -55.3986 ], [ -69.6878, -55.3991 ] ], [ [ -69.6758, -55.4013 ], [ -69.6741, -55.4025 ], [ -69.6711, -55.402 ], [ -69.6758, -55.4013 ] ], [ [ -69.6889, -55.408 ], [ -69.6878, -55.4086 ], [ -69.6873, -55.4085 ], [ -69.6889, -55.408 ] ], [ [ -69.6804, -55.4506 ], [ -69.6795, -55.4529 ], [ -69.6775, -55.4518 ], [ -69.6804, -55.4506 ] ], [ [ -69.6471, -55.4224 ], [ -69.6522, -55.4213 ], [ -69.653, -55.424 ], [ -69.6471, -55.4224 ] ] ], [ [ [ -69.1148, -55.3623 ], [ -69.0519, -55.3836 ], [ -69.0872, -55.4031 ], [ -69.0191, -55.4148 ], [ -69.0352, -55.4198 ], [ -69.0163, -55.4168 ], [ -69.0329, -55.4212 ], [ -69.0168, -55.4397 ], [ -68.9777, -55.4288 ], [ -68.9583, -55.4536 ], [ -69.0021, -55.4621 ], [ -69.0382, -55.4438 ], [ -69.0244, -55.4347 ], [ -69.0919, -55.4186 ], [ -69.1336, -55.3759 ], [ -69.1148, -55.3623 ] ], [ [ -69.1214, -55.3762 ], [ -69.1196, -55.3771 ], [ -69.1199, -55.3755 ], [ -69.1214, -55.3762 ] ], [ [ -69.0804, -55.409 ], [ -69.0793, -55.4083 ], [ -69.081, -55.408 ], [ -69.0804, -55.409 ] ] ], [ [ [ -69.9775, -55.3147 ], [ -69.9416, -55.3463 ], [ -69.9899, -55.3464 ], [ -69.946, -55.3522 ], [ -69.9925, -55.377 ], [ -70.0234, -55.3634 ], [ -70.005, -55.4091 ], [ -70.0335, -55.3985 ], [ -70.0292, -55.3791 ], [ -70.0776, -55.3684 ], [ -70.0334, -55.36 ], [ -70.1315, -55.3294 ], [ -70.03, -55.324 ], [ -70.0216, -55.3485 ], [ -70.0186, -55.3279 ], [ -69.9775, -55.3147 ] ], [ [ -70.0698, -55.3279 ], [ -70.071, -55.3268 ], [ -70.0725, -55.3284 ], [ -70.0698, -55.3279 ] ] ], [ [ [ -68.9698, -55.2889 ], [ -68.9481, -55.3363 ], [ -68.9816, -55.3412 ], [ -69.0214, -55.3085 ], [ -68.9698, -55.2889 ] ] ], [ [ [ -70.2027, -55.2831 ], [ -70.0863, -55.2857 ], [ -70.0442, -55.2995 ], [ -70.2027, -55.2831 ] ] ], [ [ [ -69.2643, -55.2606 ], [ -69.1952, -55.264 ], [ -69.2435, -55.3025 ], [ -69.3958, -55.2937 ], [ -69.2643, -55.2606 ] ], [ [ -69.2711, -55.2624 ], [ -69.2699, -55.2636 ], [ -69.2692, -55.2627 ], [ -69.2711, -55.2624 ] ], [ [ -69.2883, -55.285 ], [ -69.2869, -55.2861 ], [ -69.2872, -55.2847 ], [ -69.2883, -55.285 ] ], [ [ -69.277, -55.2853 ], [ -69.2767, -55.2871 ], [ -69.275, -55.2864 ], [ -69.277, -55.2853 ] ], [ [ -69.2991, -55.2892 ], [ -69.3058, -55.2878 ], [ -69.3054, -55.2926 ], [ -69.2991, -55.2892 ] ] ], [ [ [ -68.8655, -55.2416 ], [ -68.8482, -55.2514 ], [ -68.8847, -55.2838 ], [ -68.8906, -55.3431 ], [ -68.9258, -55.3665 ], [ -68.9467, -55.3674 ], [ -68.9264, -55.3589 ], [ -68.9449, -55.3526 ], [ -68.955, -55.2937 ], [ -68.8655, -55.2416 ] ], [ [ -68.9323, -55.3465 ], [ -68.9306, -55.3469 ], [ -68.9313, -55.3458 ], [ -68.9323, -55.3465 ] ], [ [ -68.9312, -55.3474 ], [ -68.9301, -55.3478 ], [ -68.9301, -55.3475 ], [ -68.9312, -55.3474 ] ], [ [ -68.9321, -55.3517 ], [ -68.9268, -55.3511 ], [ -68.9305, -55.3498 ], [ -68.9321, -55.3517 ] ] ], [ [ [ -66.9964, -55.2315 ], [ -66.8646, -55.2256 ], [ -66.841, -55.2699 ], [ -66.8603, -55.2698 ], [ -66.8385, -55.3018 ], [ -66.8712, -55.3335 ], [ -66.8557, -55.3418 ], [ -67.0156, -55.3466 ], [ -67.0443, -55.3259 ], [ -67.0523, -55.2658 ], [ -66.9964, -55.2315 ] ] ], [ [ [ -70.142, -55.2126 ], [ -70.0419, -55.2295 ], [ -70.0398, -55.2583 ], [ -69.9885, -55.2617 ], [ -70.0954, -55.2578 ], [ -70.067, -55.2507 ], [ -70.142, -55.2126 ] ] ], [ [ [ -66.5261, -55.1728 ], [ -66.4312, -55.1933 ], [ -66.4186, -55.2202 ], [ -66.479, -55.2232 ], [ -66.5175, -55.2744 ], [ -66.6437, -55.2877 ], [ -66.653, -55.2056 ], [ -66.5839, -55.1956 ], [ -66.5261, -55.1728 ] ], [ [ -66.5499, -55.1779 ], [ -66.5506, -55.1822 ], [ -66.5443, -55.1786 ], [ -66.5499, -55.1779 ] ], [ [ -66.6179, -55.2731 ], [ -66.6172, -55.2758 ], [ -66.6154, -55.2748 ], [ -66.6179, -55.2731 ] ] ], [ [ [ -68.2854, -55.155 ], [ -68.2404, -55.1681 ], [ -68.2092, -55.222 ], [ -68.3226, -55.1958 ], [ -68.3271, -55.1672 ], [ -68.2854, -55.155 ] ] ], [ [ [ -70.6417, -55.1243 ], [ -70.6318, -55.1506 ], [ -70.6733, -55.1666 ], [ -70.6666, -55.1816 ], [ -70.7112, -55.1633 ], [ -70.6879, -55.1354 ], [ -70.6417, -55.1243 ] ] ], [ [ [ -69.9865, -55.0186 ], [ -70.0087, -55.0518 ], [ -70.0366, -55.0463 ], [ -70.0316, -55.0815 ], [ -70.0804, -55.0833 ], [ -70.08, -55.0343 ], [ -69.9865, -55.0186 ] ] ], [ [ [ -69.9498, -55.0126 ], [ -69.9443, -55.0693 ], [ -69.9994, -55.076 ], [ -69.9924, -55.0373 ], [ -69.9498, -55.0126 ] ] ], [ [ [ -67.0439, -54.9874 ], [ -66.9274, -55.0269 ], [ -66.8606, -55.0276 ], [ -66.8143, -55.119 ], [ -66.858, -55.1168 ], [ -67.0513, -55.024 ], [ -67.0439, -54.9874 ] ] ], [ [ [ -71.1706, -54.9632 ], [ -71.1089, -54.9848 ], [ -71.1392, -54.992 ], [ -71.1312, -55.0277 ], [ -71.1765, -55.0322 ], [ -71.1606, -55.0204 ], [ -71.1989, -54.9854 ], [ -71.1706, -54.9632 ] ] ], [ [ [ -71.2181, -54.9435 ], [ -71.1865, -54.9525 ], [ -71.2235, -54.98 ], [ -71.2107, -55.0156 ], [ -71.2293, -55.0197 ], [ -71.2301, -54.9969 ], [ -71.277, -55.0312 ], [ -71.2984, -55.0158 ], [ -71.2494, -54.9955 ], [ -71.2836, -54.9914 ], [ -71.2891, -54.9706 ], [ -71.2181, -54.9435 ] ] ], [ [ [ -69.9892, -54.9366 ], [ -69.984, -54.9529 ], [ -69.9481, -54.9567 ], [ -69.9897, -54.9953 ], [ -70.0427, -55.0048 ], [ -70.0135, -54.9605 ], [ -70.0563, -54.99 ], [ -70.0829, -54.9789 ], [ -70.0998, -55.0234 ], [ -70.2055, -55.0272 ], [ -70.1776, -54.9708 ], [ -70.1296, -54.9755 ], [ -70.1272, -54.9561 ], [ -70.1456, -54.9589 ], [ -70.0605, -54.9407 ], [ -70.059, -54.9558 ], [ -69.9892, -54.9366 ] ], [ [ -69.9998, -54.9522 ], [ -69.997, -54.954 ], [ -69.9984, -54.9516 ], [ -69.9998, -54.9522 ] ], [ [ -69.9817, -54.9567 ], [ -69.9854, -54.9548 ], [ -69.9854, -54.9574 ], [ -69.9817, -54.9567 ] ] ], [ [ [ -70.4779, -54.9632 ], [ -70.3231, -54.9247 ], [ -70.2875, -54.9395 ], [ -70.2971, -54.9538 ], [ -70.2454, -54.9519 ], [ -70.3084, -54.9772 ], [ -70.3141, -54.9575 ], [ -70.3579, -54.9516 ], [ -70.3335, -54.9575 ], [ -70.3441, -54.9856 ], [ -70.3989, -54.9825 ], [ -70.425, -55.0041 ], [ -70.4666, -55.0024 ], [ -70.4779, -54.9632 ] ] ], [ [ [ -68.5132, -54.9258 ], [ -68.4014, -54.9501 ], [ -68.3602, -54.9933 ], [ -68.344, -54.988 ], [ -68.3554, -54.9982 ], [ -68.3036, -55.033 ], [ -68.3314, -55.0809 ], [ -68.4105, -55.0628 ], [ -68.4454, -55.0231 ], [ -68.4052, -55.0797 ], [ -68.4483, -55.1105 ], [ -68.5191, -55.1138 ], [ -68.558, -55.085 ], [ -68.639, -55.0975 ], [ -68.5477, -55.1086 ], [ -68.5387, -55.1335 ], [ -68.5853, -55.1583 ], [ -68.7491, -55.1436 ], [ -69.0033, -55.0486 ], [ -69.0103, -55.0256 ], [ -69.0682, -55.0795 ], [ -68.9657, -55.0757 ], [ -68.9703, -55.1165 ], [ -68.7349, -55.1872 ], [ -68.6972, -55.1689 ], [ -68.7477, -55.1792 ], [ -68.7875, -55.1523 ], [ -68.5001, -55.1957 ], [ -68.345, -55.1824 ], [ -68.3438, -55.2111 ], [ -68.2452, -55.2261 ], [ -68.3277, -55.2344 ], [ -68.2231, -55.2563 ], [ -68.1761, -55.2776 ], [ -68.1762, -55.2948 ], [ -68.3842, -55.309 ], [ -68.487, -55.2832 ], [ -68.4462, -55.3061 ], [ -68.534, -55.322 ], [ -68.5759, -55.3145 ], [ -68.6451, -55.2551 ], [ -68.7245, -55.2771 ], [ -68.6309, -55.2736 ], [ -68.6203, -55.2892 ], [ -68.6612, -55.2917 ], [ -68.65, -55.3074 ], [ -68.6007, -55.3053 ], [ -68.6112, -55.3496 ], [ -68.5772, -55.331 ], [ -68.5243, -55.3358 ], [ -68.5736, -55.3752 ], [ -68.4928, -55.3402 ], [ -68.384, -55.3407 ], [ -68.3114, -55.3512 ], [ -68.3031, -55.3804 ], [ -68.2656, -55.374 ], [ -68.3188, -55.3975 ], [ -68.3066, -55.4087 ], [ -68.2326, -55.3822 ], [ -68.2058, -55.4106 ], [ -68.1339, -55.3892 ], [ -68.1107, -55.4216 ], [ -68.163, -55.4603 ], [ -68.1415, -55.4725 ], [ -68.1722, -55.4768 ], [ -68.0421, -55.4654 ], [ -68.0289, -55.4902 ], [ -68.1157, -55.5253 ], [ -68.0734, -55.5274 ], [ -68.0413, -55.549 ], [ -68.039, -55.5798 ], [ -67.9752, -55.5888 ], [ -68.0226, -55.6133 ], [ -67.9774, -55.6101 ], [ -67.9831, -55.6372 ], [ -68.0292, -55.6485 ], [ -67.9834, -55.6764 ], [ -68.0139, -55.6756 ], [ -68.0665, -55.7158 ], [ -68.1309, -55.6661 ], [ -68.1133, -55.6292 ], [ -68.1379, -55.6388 ], [ -68.1451, -55.6116 ], [ -68.1237, -55.5923 ], [ -68.2358, -55.632 ], [ -68.2746, -55.6237 ], [ -68.2148, -55.5335 ], [ -68.3056, -55.5059 ], [ -68.3161, -55.4807 ], [ -68.3338, -55.4923 ], [ -68.3183, -55.4668 ], [ -68.3385, -55.457 ], [ -68.3646, -55.4629 ], [ -68.3643, -55.484 ], [ -68.4398, -55.4938 ], [ -68.489, -55.4624 ], [ -68.5314, -55.4626 ], [ -68.531, -55.4072 ], [ -68.5521, -55.4372 ], [ -68.5566, -55.42 ], [ -68.5959, -55.3991 ], [ -68.5617, -55.4269 ], [ -68.599, -55.4283 ], [ -68.5634, -55.4689 ], [ -68.6063, -55.4511 ], [ -68.608, -55.4675 ], [ -68.7007, -55.4717 ], [ -68.7496, -55.431 ], [ -68.7765, -55.4431 ], [ -68.7303, -55.454 ], [ -68.7328, -55.4726 ], [ -68.7843, -55.4734 ], [ -68.7376, -55.4791 ], [ -68.7257, -55.498 ], [ -68.7731, -55.5124 ], [ -68.8035, -55.4868 ], [ -68.8785, -55.4816 ], [ -68.8344, -55.4586 ], [ -68.9167, -55.4622 ], [ -68.8943, -55.4494 ], [ -68.9313, -55.4465 ], [ -68.9298, -55.4284 ], [ -68.8496, -55.39 ], [ -68.8007, -55.385 ], [ -68.7631, -55.4057 ], [ -68.7521, -55.3871 ], [ -68.6868, -55.3871 ], [ -68.7642, -55.384 ], [ -68.7639, -55.3573 ], [ -68.7212, -55.3527 ], [ -68.7483, -55.3494 ], [ -68.7515, -55.3442 ], [ -68.8081, -55.3759 ], [ -68.9331, -55.4043 ], [ -68.9301, -55.3842 ], [ -68.8372, -55.3227 ], [ -68.8698, -55.2846 ], [ -68.8082, -55.2467 ], [ -68.8569, -55.2337 ], [ -68.7737, -55.1871 ], [ -68.8884, -55.2353 ], [ -68.914, -55.2215 ], [ -68.9193, -55.2375 ], [ -68.9525, -55.2314 ], [ -68.9282, -55.247 ], [ -68.9531, -55.2841 ], [ -68.9683, -55.269 ], [ -69.0011, -55.2849 ], [ -69.049, -55.2782 ], [ -69.0524, -55.2412 ], [ -69.104, -55.2084 ], [ -69.0846, -55.1609 ], [ -69.1289, -55.2042 ], [ -69.0745, -55.2534 ], [ -69.0964, -55.264 ], [ -69.1929, -55.2314 ], [ -69.2269, -55.1901 ], [ -69.2807, -55.1889 ], [ -69.2258, -55.2538 ], [ -69.328, -55.2458 ], [ -69.2965, -55.2562 ], [ -69.3849, -55.2801 ], [ -69.3893, -55.2552 ], [ -69.4857, -55.266 ], [ -69.4017, -55.2635 ], [ -69.4154, -55.2841 ], [ -69.4594, -55.2911 ], [ -69.4085, -55.2847 ], [ -69.4108, -55.2982 ], [ -69.4583, -55.3089 ], [ -69.3347, -55.3082 ], [ -69.3197, -55.3207 ], [ -69.3451, -55.3281 ], [ -69.2906, -55.3239 ], [ -69.3204, -55.3459 ], [ -69.3065, -55.3465 ], [ -69.3084, -55.3421 ], [ -69.2875, -55.3406 ], [ -69.2531, -55.3504 ], [ -69.2531, -55.3591 ], [ -69.2762, -55.3639 ], [ -69.2769, -55.3749 ], [ -69.2446, -55.3811 ], [ -69.2822, -55.3898 ], [ -69.1972, -55.4005 ], [ -69.2302, -55.4188 ], [ -69.1882, -55.414 ], [ -69.2089, -55.4238 ], [ -69.18, -55.4317 ], [ -69.2472, -55.4321 ], [ -69.2459, -55.4581 ], [ -69.2035, -55.4501 ], [ -69.2558, -55.4682 ], [ -69.1753, -55.4655 ], [ -69.2097, -55.4776 ], [ -69.1751, -55.4853 ], [ -69.1533, -55.4571 ], [ -69.0724, -55.4759 ], [ -69.0763, -55.484 ], [ -69.1471, -55.4802 ], [ -69.0999, -55.4882 ], [ -69.1371, -55.4878 ], [ -69.0988, -55.4949 ], [ -69.1252, -55.5048 ], [ -69.0702, -55.5094 ], [ -69.1045, -55.5117 ], [ -69.0935, -55.5381 ], [ -69.1539, -55.5213 ], [ -69.1579, -55.4989 ], [ -69.1801, -55.5178 ], [ -69.1795, -55.4912 ], [ -69.2062, -55.5208 ], [ -69.2883, -55.5174 ], [ -69.3239, -55.4384 ], [ -69.3073, -55.4217 ], [ -69.3187, -55.4261 ], [ -69.3306, -55.4217 ], [ -69.3463, -55.4702 ], [ -69.3173, -55.5004 ], [ -69.3429, -55.4887 ], [ -69.3525, -55.5567 ], [ -69.3944, -55.5238 ], [ -69.3695, -55.4866 ], [ -69.4149, -55.4774 ], [ -69.3956, -55.4586 ], [ -69.426, -55.4533 ], [ -69.3936, -55.4344 ], [ -69.4218, -55.4485 ], [ -69.4843, -55.4404 ], [ -69.459, -55.4357 ], [ -69.4797, -55.4287 ], [ -69.4611, -55.4144 ], [ -69.3499, -55.3996 ], [ -69.4788, -55.41 ], [ -69.4696, -55.3855 ], [ -69.4199, -55.3702 ], [ -69.451, -55.3711 ], [ -69.4809, -55.3794 ], [ -69.486, -55.3986 ], [ -69.5011, -55.4055 ], [ -69.4951, -55.4084 ], [ -69.5241, -55.4179 ], [ -69.6055, -55.403 ], [ -69.6111, -55.3921 ], [ -69.5004, -55.3595 ], [ -69.5826, -55.3794 ], [ -69.5352, -55.3533 ], [ -69.6109, -55.3646 ], [ -69.6112, -55.3815 ], [ -69.6603, -55.3685 ], [ -69.6419, -55.3537 ], [ -69.6674, -55.3566 ], [ -69.6058, -55.3387 ], [ -69.6884, -55.3625 ], [ -69.7871, -55.3461 ], [ -69.7521, -55.3428 ], [ -69.7871, -55.3351 ], [ -69.7698, -55.325 ], [ -69.6678, -55.3362 ], [ -69.749, -55.3205 ], [ -69.7421, -55.3087 ], [ -69.5242, -55.3046 ], [ -69.6627, -55.2993 ], [ -69.608, -55.278 ], [ -69.6679, -55.2822 ], [ -69.5705, -55.2313 ], [ -69.5232, -55.2367 ], [ -69.5325, -55.2213 ], [ -69.4725, -55.1983 ], [ -69.5512, -55.2192 ], [ -69.5611, -55.2073 ], [ -69.6341, -55.2494 ], [ -69.6836, -55.2315 ], [ -69.647, -55.2522 ], [ -69.8097, -55.2964 ], [ -69.8192, -55.2829 ], [ -69.8525, -55.3056 ], [ -69.8981, -55.2895 ], [ -69.8376, -55.2654 ], [ -69.9427, -55.2725 ], [ -69.9718, -55.2572 ], [ -69.8823, -55.2603 ], [ -69.879, -55.2398 ], [ -69.8413, -55.2427 ], [ -69.8776, -55.2301 ], [ -69.9544, -55.2372 ], [ -69.9609, -55.2207 ], [ -69.9294, -55.211 ], [ -69.9686, -55.2025 ], [ -69.9325, -55.1975 ], [ -69.8902, -55.2185 ], [ -69.8016, -55.197 ], [ -69.8537, -55.1834 ], [ -69.8577, -55.2005 ], [ -69.947, -55.193 ], [ -69.9338, -55.1792 ], [ -69.9981, -55.2094 ], [ -70.035, -55.1872 ], [ -70.0316, -55.1492 ], [ -69.9224, -55.1185 ], [ -69.938, -55.1089 ], [ -69.9138, -55.094 ], [ -69.8396, -55.0841 ], [ -69.8214, -55.1055 ], [ -69.8094, -55.0804 ], [ -69.7046, -55.0726 ], [ -69.6585, -55.1027 ], [ -69.6876, -55.1217 ], [ -69.6465, -55.1049 ], [ -69.6204, -55.1219 ], [ -69.6742, -55.086 ], [ -69.5696, -55.053 ], [ -69.5349, -55.1187 ], [ -69.5578, -55.1352 ], [ -69.5281, -55.1577 ], [ -69.5341, -55.1777 ], [ -69.5827, -55.185 ], [ -69.5423, -55.1861 ], [ -69.5168, -55.1646 ], [ -69.5431, -55.0487 ], [ -69.4077, -55.0334 ], [ -69.3945, -55.0489 ], [ -69.4554, -55.0805 ], [ -69.3858, -55.0537 ], [ -69.3204, -55.0747 ], [ -69.3759, -55.0303 ], [ -69.2161, -55.001 ], [ -69.1676, -55.0376 ], [ -69.1964, -55.0065 ], [ -69.0684, -54.9945 ], [ -69.0206, -55.0143 ], [ -68.9799, -54.9915 ], [ -68.807, -54.9879 ], [ -68.7139, -54.9498 ], [ -68.5807, -54.9452 ], [ -68.5132, -54.9258 ] ], [ [ -68.5286, -54.9272 ], [ -68.5283, -54.9285 ], [ -68.5276, -54.9273 ], [ -68.5286, -54.9272 ] ], [ [ -68.5247, -54.9293 ], [ -68.5229, -54.9301 ], [ -68.5229, -54.9293 ], [ -68.5247, -54.9293 ] ], [ [ -68.5202, -54.9312 ], [ -68.5225, -54.9326 ], [ -68.5201, -54.9321 ], [ -68.5202, -54.9312 ] ], [ [ -68.5247, -54.9328 ], [ -68.5264, -54.9322 ], [ -68.5271, -54.9333 ], [ -68.5247, -54.9328 ] ], [ [ -68.5438, -54.9365 ], [ -68.5421, -54.9376 ], [ -68.5418, -54.9369 ], [ -68.5438, -54.9365 ] ], [ [ -68.5277, -54.9394 ], [ -68.5312, -54.9402 ], [ -68.5264, -54.9405 ], [ -68.5277, -54.9394 ] ], [ [ -68.6621, -54.9501 ], [ -68.6632, -54.9511 ], [ -68.6606, -54.9499 ], [ -68.6621, -54.9501 ] ], [ [ -68.6646, -54.9521 ], [ -68.6643, -54.9529 ], [ -68.6636, -54.9521 ], [ -68.6646, -54.9521 ] ], [ [ -68.4129, -54.9575 ], [ -68.4107, -54.9575 ], [ -68.411, -54.9569 ], [ -68.4129, -54.9575 ] ], [ [ -68.7487, -54.9681 ], [ -68.7483, -54.9688 ], [ -68.7448, -54.9677 ], [ -68.7487, -54.9681 ] ], [ [ -69.4403, -55.076 ], [ -69.4395, -55.0766 ], [ -69.4386, -55.0762 ], [ -69.4403, -55.076 ] ], [ [ -69.5803, -55.1876 ], [ -69.5887, -55.1873 ], [ -69.5851, -55.1945 ], [ -69.5803, -55.1876 ] ], [ [ -69.8356, -55.1018 ], [ -69.839, -55.1008 ], [ -69.8419, -55.1049 ], [ -69.8356, -55.1018 ] ], [ [ -69.5846, -55.1969 ], [ -69.5968, -55.201 ], [ -69.6116, -55.1999 ], [ -69.597, -55.206 ], [ -69.5846, -55.1969 ] ], [ [ -69.5489, -55.2012 ], [ -69.5564, -55.1984 ], [ -69.5581, -55.2006 ], [ -69.5489, -55.2012 ] ], [ [ -69.5612, -55.2946 ], [ -69.5533, -55.2972 ], [ -69.5539, -55.2922 ], [ -69.5612, -55.2946 ] ], [ [ -69.3897, -55.3209 ], [ -69.4188, -55.3265 ], [ -69.4166, -55.3372 ], [ -69.3897, -55.3209 ] ], [ [ -69.3265, -55.3335 ], [ -69.3247, -55.333 ], [ -69.3281, -55.3326 ], [ -69.3265, -55.3335 ] ], [ [ -69.3375, -55.3345 ], [ -69.34, -55.3398 ], [ -69.3299, -55.3378 ], [ -69.3375, -55.3345 ] ], [ [ -69.4263, -55.3464 ], [ -69.4158, -55.3399 ], [ -69.4366, -55.3447 ], [ -69.4263, -55.3464 ] ], [ [ -69.5192, -55.337 ], [ -69.5109, -55.3403 ], [ -69.5115, -55.338 ], [ -69.5192, -55.337 ] ], [ [ -69.5321, -55.3416 ], [ -69.5343, -55.3402 ], [ -69.5349, -55.3408 ], [ -69.5321, -55.3416 ] ], [ [ -69.599, -55.3394 ], [ -69.5802, -55.3379 ], [ -69.5757, -55.3318 ], [ -69.5792, -55.3312 ], [ -69.599, -55.3394 ] ], [ [ -69.6073, -55.3364 ], [ -69.6074, -55.3333 ], [ -69.6085, -55.333 ], [ -69.6073, -55.3364 ] ], [ [ -69.5923, -55.3327 ], [ -69.5926, -55.3338 ], [ -69.5915, -55.3326 ], [ -69.5923, -55.3327 ] ], [ [ -69.5426, -55.3324 ], [ -69.5389, -55.3304 ], [ -69.5538, -55.3282 ], [ -69.5426, -55.3324 ] ], [ [ -69.5659, -55.3305 ], [ -69.5652, -55.3298 ], [ -69.567, -55.3303 ], [ -69.5659, -55.3305 ] ], [ [ -69.5653, -55.3276 ], [ -69.5669, -55.329 ], [ -69.5627, -55.3286 ], [ -69.5653, -55.3276 ] ], [ [ -69.5264, -55.3465 ], [ -69.55, -55.3506 ], [ -69.5537, -55.3539 ], [ -69.5319, -55.3496 ], [ -69.5264, -55.3465 ] ], [ [ -69.2598, -55.3506 ], [ -69.2561, -55.3514 ], [ -69.2601, -55.3497 ], [ -69.2598, -55.3506 ] ], [ [ -69.5798, -55.3552 ], [ -69.5807, -55.356 ], [ -69.5793, -55.3555 ], [ -69.5798, -55.3552 ] ], [ [ -69.6377, -55.3616 ], [ -69.6367, -55.3626 ], [ -69.6359, -55.3614 ], [ -69.6377, -55.3616 ] ], [ [ -69.6293, -55.3637 ], [ -69.6324, -55.3634 ], [ -69.6322, -55.365 ], [ -69.6293, -55.3637 ] ], [ [ -69.6162, -55.3645 ], [ -69.6169, -55.3678 ], [ -69.6157, -55.3674 ], [ -69.6162, -55.3645 ] ], [ [ -69.2579, -55.3556 ], [ -69.2559, -55.3556 ], [ -69.2569, -55.3547 ], [ -69.2579, -55.3556 ] ], [ [ -69.2835, -55.3596 ], [ -69.29, -55.3614 ], [ -69.2837, -55.3619 ], [ -69.2835, -55.3596 ] ], [ [ -69.5804, -55.3736 ], [ -69.5792, -55.375 ], [ -69.5771, -55.3746 ], [ -69.5804, -55.3736 ] ], [ [ -69.2915, -55.3629 ], [ -69.2893, -55.366 ], [ -69.2877, -55.3631 ], [ -69.2915, -55.3629 ] ], [ [ -69.2868, -55.3654 ], [ -69.2854, -55.3644 ], [ -69.2872, -55.3645 ], [ -69.2868, -55.3654 ] ], [ [ -69.5177, -55.3835 ], [ -69.5148, -55.383 ], [ -69.5176, -55.3823 ], [ -69.5177, -55.3835 ] ], [ [ -69.5112, -55.3841 ], [ -69.5114, -55.3853 ], [ -69.51, -55.3844 ], [ -69.5112, -55.3841 ] ], [ [ -69.5077, -55.3851 ], [ -69.4966, -55.3989 ], [ -69.4889, -55.3962 ], [ -69.4878, -55.3903 ], [ -69.5077, -55.3851 ] ], [ [ -69.5322, -55.4005 ], [ -69.5376, -55.3985 ], [ -69.5374, -55.4013 ], [ -69.5322, -55.4005 ] ], [ [ -69.5653, -55.3952 ], [ -69.5682, -55.3955 ], [ -69.5649, -55.3957 ], [ -69.5653, -55.3952 ] ], [ [ -69.5424, -55.3913 ], [ -69.5476, -55.3894 ], [ -69.5494, -55.39 ], [ -69.5424, -55.3913 ] ], [ [ -69.5687, -55.3894 ], [ -69.5632, -55.3885 ], [ -69.5684, -55.3887 ], [ -69.5687, -55.3894 ] ], [ [ -69.5549, -55.3902 ], [ -69.5525, -55.3906 ], [ -69.5525, -55.3903 ], [ -69.5549, -55.3902 ] ], [ [ -69.504, -55.4029 ], [ -69.5033, -55.4037 ], [ -69.5026, -55.4028 ], [ -69.504, -55.4029 ] ], [ [ -69.5438, -55.4055 ], [ -69.5511, -55.406 ], [ -69.557, -55.4082 ], [ -69.5438, -55.4055 ] ], [ [ -69.5077, -55.4074 ], [ -69.5115, -55.4061 ], [ -69.512, -55.4076 ], [ -69.5077, -55.4074 ] ], [ [ -69.5208, -55.412 ], [ -69.5214, -55.4129 ], [ -69.5189, -55.4123 ], [ -69.5208, -55.412 ] ], [ [ -69.2744, -55.3842 ], [ -69.278, -55.3879 ], [ -69.272, -55.3846 ], [ -69.2744, -55.3842 ] ], [ [ -69.315, -55.42 ], [ -69.3185, -55.4231 ], [ -69.314, -55.4197 ], [ -69.315, -55.42 ] ], [ [ -69.4538, -55.4386 ], [ -69.4554, -55.4386 ], [ -69.4548, -55.4392 ], [ -69.4538, -55.4386 ] ], [ [ -69.3669, -55.4692 ], [ -69.3639, -55.4706 ], [ -69.3627, -55.4696 ], [ -69.3669, -55.4692 ] ], [ [ -69.3553, -55.4743 ], [ -69.3554, -55.4755 ], [ -69.3522, -55.475 ], [ -69.3553, -55.4743 ] ], [ [ -69.3771, -55.5182 ], [ -69.3818, -55.5202 ], [ -69.3741, -55.5184 ], [ -69.3771, -55.5182 ] ], [ [ -69.3127, -55.4345 ], [ -69.3101, -55.4328 ], [ -69.3117, -55.4317 ], [ -69.3127, -55.4345 ] ], [ [ -69.2692, -55.4487 ], [ -69.2654, -55.4482 ], [ -69.2699, -55.4478 ], [ -69.2692, -55.4487 ] ], [ [ -69.1367, -55.4996 ], [ -69.1359, -55.5005 ], [ -69.1359, -55.4996 ], [ -69.1367, -55.4996 ] ], [ [ -69.1488, -55.5091 ], [ -69.1461, -55.508 ], [ -69.1487, -55.5078 ], [ -69.1488, -55.5091 ] ], [ [ -69.1057, -55.5092 ], [ -69.1045, -55.508 ], [ -69.1059, -55.5079 ], [ -69.1057, -55.5092 ] ], [ [ -69.111, -55.4744 ], [ -69.1121, -55.473 ], [ -69.1127, -55.4738 ], [ -69.111, -55.4744 ] ], [ [ -69.1169, -55.4736 ], [ -69.1147, -55.4716 ], [ -69.1159, -55.4708 ], [ -69.1169, -55.4736 ] ], [ [ -69.1055, -55.4711 ], [ -69.1061, -55.473 ], [ -69.1049, -55.4732 ], [ -69.1055, -55.4711 ] ], [ [ -69.0864, -55.4778 ], [ -69.0846, -55.4788 ], [ -69.0851, -55.4766 ], [ -69.0864, -55.4778 ] ], [ [ -69.3053, -55.3462 ], [ -69.3012, -55.3447 ], [ -69.3066, -55.3428 ], [ -69.3053, -55.3462 ] ], [ [ -69.2939, -55.3442 ], [ -69.2969, -55.3456 ], [ -69.2936, -55.3452 ], [ -69.2939, -55.3442 ] ], [ [ -69.3559, -55.2573 ], [ -69.3597, -55.2554 ], [ -69.3605, -55.2559 ], [ -69.3559, -55.2573 ] ], [ [ -69.3861, -55.2652 ], [ -69.3851, -55.266 ], [ -69.3851, -55.2651 ], [ -69.3861, -55.2652 ] ], [ [ -69.3768, -55.2706 ], [ -69.3791, -55.2735 ], [ -69.3726, -55.2723 ], [ -69.3768, -55.2706 ] ], [ [ -69.2094, -55.1935 ], [ -69.2174, -55.1946 ], [ -69.2112, -55.1965 ], [ -69.2094, -55.1935 ] ], [ [ -69.0073, -55.2763 ], [ -69.0119, -55.2785 ], [ -69.0016, -55.2761 ], [ -69.0073, -55.2763 ] ], [ [ -68.3919, -55.2208 ], [ -68.3872, -55.2212 ], [ -68.3926, -55.2201 ], [ -68.3919, -55.2208 ] ], [ [ -68.6285, -55.3368 ], [ -68.6329, -55.3395 ], [ -68.6278, -55.3383 ], [ -68.6285, -55.3368 ] ], [ [ -68.9041, -55.377 ], [ -68.9021, -55.3775 ], [ -68.9026, -55.3757 ], [ -68.9041, -55.377 ] ], [ [ -68.9168, -55.389 ], [ -68.9153, -55.3911 ], [ -68.9143, -55.3881 ], [ -68.9168, -55.389 ] ], [ [ -68.7353, -55.3489 ], [ -68.7337, -55.3485 ], [ -68.7352, -55.3484 ], [ -68.7353, -55.3489 ] ], [ [ -68.7507, -55.3549 ], [ -68.7487, -55.354 ], [ -68.7506, -55.3539 ], [ -68.7507, -55.3549 ] ], [ [ -68.2913, -55.4966 ], [ -68.2889, -55.4972 ], [ -68.2908, -55.4957 ], [ -68.2913, -55.4966 ] ], [ [ -68.0818, -55.5357 ], [ -68.0823, -55.537 ], [ -68.081, -55.537 ], [ -68.0818, -55.5357 ] ], [ [ -68.0726, -55.5401 ], [ -68.0775, -55.5396 ], [ -68.073, -55.5412 ], [ -68.0726, -55.5401 ] ], [ [ -68.2359, -55.5775 ], [ -68.2377, -55.5777 ], [ -68.2373, -55.5784 ], [ -68.2359, -55.5775 ] ], [ [ -68.243, -55.5811 ], [ -68.245, -55.5813 ], [ -68.2449, -55.582 ], [ -68.243, -55.5811 ] ], [ [ -68.1094, -55.6472 ], [ -68.1077, -55.6471 ], [ -68.109, -55.6462 ], [ -68.1094, -55.6472 ] ], [ [ -68.0307, -55.652 ], [ -68.0339, -55.6533 ], [ -68.0279, -55.6543 ], [ -68.0307, -55.652 ] ], [ [ -68.0254, -55.6549 ], [ -68.0267, -55.6556 ], [ -68.024, -55.656 ], [ -68.0254, -55.6549 ] ], [ [ -68.121, -55.6652 ], [ -68.1174, -55.6635 ], [ -68.1204, -55.6618 ], [ -68.121, -55.6652 ] ], [ [ -68.1113, -55.6647 ], [ -68.1109, -55.6665 ], [ -68.1101, -55.6648 ], [ -68.1113, -55.6647 ] ], [ [ -68.1117, -55.6674 ], [ -68.1125, -55.6682 ], [ -68.1113, -55.6684 ], [ -68.1117, -55.6674 ] ], [ [ -68.0801, -55.4691 ], [ -68.0717, -55.4704 ], [ -68.0714, -55.47 ], [ -68.0801, -55.4691 ] ], [ [ -68.2375, -55.3945 ], [ -68.2389, -55.3921 ], [ -68.2388, -55.3941 ], [ -68.2375, -55.3945 ] ], [ [ -68.4752, -55.3656 ], [ -68.4778, -55.3662 ], [ -68.4734, -55.3662 ], [ -68.4752, -55.3656 ] ], [ [ -68.7051, -55.1417 ], [ -68.7044, -55.1443 ], [ -68.7018, -55.1427 ], [ -68.7051, -55.1417 ] ], [ [ -68.6998, -55.1454 ], [ -68.699, -55.1452 ], [ -68.701, -55.1448 ], [ -68.6998, -55.1454 ] ] ], [ [ [ -70.1337, -54.9108 ], [ -70.1298, -54.9249 ], [ -70.0676, -54.9307 ], [ -70.1781, -54.9552 ], [ -70.1534, -54.9432 ], [ -70.2005, -54.937 ], [ -70.1337, -54.9108 ] ] ], [ [ [ -70.3132, -54.9029 ], [ -70.5234, -54.9579 ], [ -70.4978, -54.995 ], [ -70.6011, -54.9936 ], [ -70.634, -55.0014 ], [ -70.5746, -54.9973 ], [ -70.5089, -55.0015 ], [ -70.5063, -55.0211 ], [ -70.5467, -55.0107 ], [ -70.5886, -55.0275 ], [ -70.5878, -55.0003 ], [ -70.6058, -55.0189 ], [ -70.6631, -55.0194 ], [ -70.7138, -54.993 ], [ -70.7562, -55.0109 ], [ -70.7448, -55.034 ], [ -70.7091, -55.0083 ], [ -70.5971, -55.0503 ], [ -70.5553, -55.0275 ], [ -70.4835, -55.0403 ], [ -70.5383, -55.0502 ], [ -70.4893, -55.0556 ], [ -70.5154, -55.0671 ], [ -70.433, -55.0441 ], [ -70.4336, -55.0606 ], [ -70.4079, -55.0421 ], [ -70.3005, -55.04 ], [ -70.3242, -55.0457 ], [ -70.3008, -55.0736 ], [ -70.4007, -55.0834 ], [ -70.317, -55.0852 ], [ -70.3467, -55.1014 ], [ -70.2783, -55.1033 ], [ -70.2972, -55.1299 ], [ -70.3337, -55.1105 ], [ -70.3265, -55.1311 ], [ -70.3599, -55.1321 ], [ -70.3944, -55.0937 ], [ -70.4558, -55.0887 ], [ -70.4015, -55.1094 ], [ -70.4119, -55.1174 ], [ -70.4737, -55.0983 ], [ -70.4484, -55.1174 ], [ -70.4769, -55.1238 ], [ -70.4675, -55.141 ], [ -70.3667, -55.1568 ], [ -70.4119, -55.1545 ], [ -70.3765, -55.1714 ], [ -70.3985, -55.1819 ], [ -70.4707, -55.1761 ], [ -70.4777, -55.2119 ], [ -70.5089, -55.2072 ], [ -70.5053, -55.1563 ], [ -70.5749, -55.1561 ], [ -70.5755, -55.178 ], [ -70.517, -55.1924 ], [ -70.5478, -55.2078 ], [ -70.5961, -55.1822 ], [ -70.5801, -55.1251 ], [ -70.5379, -55.1292 ], [ -70.5731, -55.1194 ], [ -70.5378, -55.1001 ], [ -70.5561, -55.0887 ], [ -70.5978, -55.104 ], [ -70.5946, -55.0607 ], [ -70.6642, -55.0545 ], [ -70.6075, -55.0696 ], [ -70.6076, -55.0899 ], [ -70.6793, -55.0758 ], [ -70.6724, -55.1181 ], [ -70.7205, -55.1012 ], [ -70.7178, -55.1318 ], [ -70.7768, -55.1135 ], [ -70.7255, -55.0731 ], [ -70.7611, -55.0514 ], [ -70.8337, -55.0744 ], [ -70.8333, -55.0975 ], [ -70.8842, -55.0527 ], [ -70.9006, -55.0844 ], [ -70.9378, -55.0931 ], [ -70.994, -55.0703 ], [ -70.9736, -55.045 ], [ -71.0344, -55.0566 ], [ -70.9787, -55.0347 ], [ -71.0354, -55.0234 ], [ -70.9728, -54.9925 ], [ -71.0225, -54.9812 ], [ -71.0159, -54.9602 ], [ -70.9393, -54.9501 ], [ -70.9366, -54.9663 ], [ -70.8625, -54.9235 ], [ -70.8928, -54.9733 ], [ -70.8707, -54.9845 ], [ -70.8569, -54.9599 ], [ -70.8015, -54.9768 ], [ -70.8184, -54.9615 ], [ -70.793, -54.9271 ], [ -70.7197, -54.9618 ], [ -70.7651, -54.9754 ], [ -70.6928, -54.9735 ], [ -70.683, -54.9592 ], [ -70.6564, -54.9883 ], [ -70.6335, -54.9705 ], [ -70.5757, -54.9813 ], [ -70.5676, -54.9639 ], [ -70.6016, -54.9659 ], [ -70.6152, -54.9406 ], [ -70.5129, -54.9013 ], [ -70.3791, -54.8901 ], [ -70.3132, -54.9029 ] ] ], [ [ [ -67.9799, -54.8929 ], [ -67.7726, -54.9154 ], [ -67.711, -54.9405 ], [ -67.6165, -54.926 ], [ -67.6437, -54.9349 ], [ -67.3176, -54.9254 ], [ -67.1909, -54.9592 ], [ -67.0746, -55.0821 ], [ -67.052, -55.0828 ], [ -67.0451, -55.1571 ], [ -67.086, -55.2105 ], [ -67.1427, -55.2293 ], [ -67.2225, -55.2958 ], [ -67.2213, -55.3207 ], [ -67.2789, -55.331 ], [ -67.4358, -55.317 ], [ -67.4685, -55.2696 ], [ -67.4095, -55.1964 ], [ -67.5003, -55.1767 ], [ -67.5952, -55.1965 ], [ -67.6245, -55.2379 ], [ -67.6141, -55.2778 ], [ -67.7459, -55.2496 ], [ -67.8405, -55.2783 ], [ -67.824, -55.261 ], [ -67.8858, -55.2401 ], [ -67.8563, -55.2338 ], [ -67.8789, -55.2188 ], [ -67.7897, -55.2466 ], [ -67.7346, -55.2309 ], [ -67.8736, -55.1995 ], [ -67.8609, -55.1909 ], [ -67.8851, -55.1936 ], [ -67.8808, -55.1793 ], [ -68.0255, -55.2376 ], [ -68.1153, -55.2237 ], [ -68.1171, -55.1725 ], [ -68.0515, -55.1762 ], [ -68.1239, -55.1708 ], [ -68.1554, -55.1445 ], [ -68.1712, -55.1001 ], [ -68.1451, -55.0511 ], [ -68.1735, -54.9918 ], [ -68.1963, -54.9986 ], [ -68.1824, -54.9858 ], [ -68.2105, -54.9717 ], [ -68.2, -54.9987 ], [ -68.3056, -55.0012 ], [ -68.3783, -54.9466 ], [ -68.3284, -54.9205 ], [ -68.2092, -54.9182 ], [ -68.2257, -54.9013 ], [ -67.9799, -54.8929 ] ], [ [ -68.2106, -54.904 ], [ -68.2127, -54.9033 ], [ -68.2133, -54.9039 ], [ -68.2106, -54.904 ] ], [ [ -68.2087, -54.9126 ], [ -68.2029, -54.9135 ], [ -68.2012, -54.9128 ], [ -68.2087, -54.9126 ] ], [ [ -67.0596, -55.0875 ], [ -67.0567, -55.0869 ], [ -67.0593, -55.0865 ], [ -67.0596, -55.0875 ] ], [ [ -67.5291, -55.1756 ], [ -67.5325, -55.1767 ], [ -67.5289, -55.1777 ], [ -67.5291, -55.1756 ] ], [ [ -67.536, -55.1789 ], [ -67.5386, -55.1766 ], [ -67.5399, -55.1795 ], [ -67.536, -55.1789 ] ], [ [ -67.457, -55.2467 ], [ -67.4531, -55.2465 ], [ -67.4536, -55.2457 ], [ -67.457, -55.2467 ] ], [ [ -67.4577, -55.2676 ], [ -67.4552, -55.2695 ], [ -67.4564, -55.2666 ], [ -67.4577, -55.2676 ] ], [ [ -67.2064, -55.2832 ], [ -67.2031, -55.2833 ], [ -67.2022, -55.2812 ], [ -67.2064, -55.2832 ] ], [ [ -67.2246, -55.2969 ], [ -67.2312, -55.3046 ], [ -67.2255, -55.3061 ], [ -67.2246, -55.2969 ] ], [ [ -67.6405, -54.9391 ], [ -67.6378, -54.9391 ], [ -67.6377, -54.9385 ], [ -67.6405, -54.9391 ] ], [ [ -67.6405, -54.9308 ], [ -67.6464, -54.9312 ], [ -67.6419, -54.933 ], [ -67.6405, -54.9308 ] ] ], [ [ [ -69.6698, -54.8798 ], [ -69.6499, -54.9046 ], [ -69.5996, -54.8828 ], [ -69.4792, -54.9143 ], [ -69.5004, -54.919 ], [ -69.4766, -54.9319 ], [ -69.4937, -54.9585 ], [ -69.5392, -54.9686 ], [ -69.4807, -54.9615 ], [ -69.4509, -54.9127 ], [ -69.2891, -54.9436 ], [ -69.2208, -54.9389 ], [ -69.1309, -54.9709 ], [ -69.2782, -54.9918 ], [ -69.3449, -54.9716 ], [ -69.2851, -54.9939 ], [ -69.4319, -55.0249 ], [ -69.4458, -54.999 ], [ -69.4739, -54.9931 ], [ -69.4558, -55.0112 ], [ -69.4941, -55.0165 ], [ -69.4917, -55.0362 ], [ -69.6116, -55.0322 ], [ -69.6187, -55.0487 ], [ -69.6872, -55.0616 ], [ -69.7027, -55.0494 ], [ -69.8004, -55.0647 ], [ -69.8123, -55.0324 ], [ -69.8085, -55.0591 ], [ -69.8364, -55.0522 ], [ -69.8345, -55.0689 ], [ -69.9296, -55.0691 ], [ -69.8883, -55.0273 ], [ -69.9336, -55.0243 ], [ -69.9117, -54.9916 ], [ -69.958, -54.9888 ], [ -69.9448, -54.9675 ], [ -69.899, -54.9554 ], [ -69.8063, -54.9671 ], [ -69.8959, -54.9335 ], [ -69.9279, -54.9416 ], [ -69.9374, -54.9183 ], [ -69.797, -54.8848 ], [ -69.7403, -54.9548 ], [ -69.7536, -54.9914 ], [ -69.7384, -54.9621 ], [ -69.6842, -54.963 ], [ -69.7087, -54.9674 ], [ -69.677, -54.9775 ], [ -69.6632, -54.9661 ], [ -69.7307, -54.9349 ], [ -69.6568, -54.9429 ], [ -69.7577, -54.8893 ], [ -69.6698, -54.8798 ] ], [ [ -69.572, -54.9044 ], [ -69.5719, -54.9073 ], [ -69.5681, -54.9052 ], [ -69.572, -54.9044 ] ], [ [ -69.5173, -54.9284 ], [ -69.5212, -54.9235 ], [ -69.5242, -54.9301 ], [ -69.5173, -54.9284 ] ], [ [ -69.6381, -54.9433 ], [ -69.6488, -54.9431 ], [ -69.6367, -54.944 ], [ -69.6381, -54.9433 ] ], [ [ -69.8727, -54.9616 ], [ -69.8612, -54.964 ], [ -69.8582, -54.962 ], [ -69.8727, -54.9616 ] ] ], [ [ [ -71.3137, -54.8142 ], [ -71.2129, -54.8466 ], [ -71.1757, -54.8434 ], [ -71.2016, -54.817 ], [ -71.1398, -54.8272 ], [ -71.1444, -54.8668 ], [ -71.1209, -54.8415 ], [ -71.1026, -54.8777 ], [ -70.9874, -54.859 ], [ -70.9993, -54.899 ], [ -70.9692, -54.8773 ], [ -70.9357, -54.9109 ], [ -71.0071, -54.9099 ], [ -71.0079, -54.9227 ], [ -70.9135, -54.9223 ], [ -70.916, -54.9286 ], [ -71.0395, -54.9227 ], [ -71.0409, -54.9502 ], [ -71.1021, -54.9516 ], [ -71.1305, -54.9297 ], [ -71.1156, -54.9212 ], [ -71.1464, -54.935 ], [ -71.1819, -54.9245 ], [ -71.0885, -54.9004 ], [ -71.153, -54.8891 ], [ -71.2299, -54.9034 ], [ -71.1899, -54.859 ], [ -71.2424, -54.8577 ], [ -71.272, -54.8829 ], [ -71.303, -54.8463 ], [ -71.2931, -54.8837 ], [ -71.3399, -54.8832 ], [ -71.3073, -54.9069 ], [ -71.3444, -54.9212 ], [ -71.3398, -54.9485 ], [ -71.3813, -54.9366 ], [ -71.3474, -54.8909 ], [ -71.3728, -54.894 ], [ -71.3779, -54.8723 ], [ -71.3928, -54.9254 ], [ -71.4428, -54.9367 ], [ -71.4227, -54.8967 ], [ -71.4805, -54.8654 ], [ -71.4001, -54.849 ], [ -71.4376, -54.823 ], [ -71.3683, -54.8139 ], [ -71.2948, -54.8364 ], [ -71.3137, -54.8142 ] ] ], [ [ [ -71.8706, -54.7034 ], [ -71.7772, -54.7449 ], [ -71.776, -54.7687 ], [ -71.8526, -54.75 ], [ -71.8706, -54.7034 ] ] ], [ [ [ -71.6034, -54.6947 ], [ -71.5573, -54.6988 ], [ -71.5152, -54.7313 ], [ -71.5625, -54.7379 ], [ -71.5621, -54.7653 ], [ -71.6283, -54.7848 ], [ -71.6002, -54.7547 ], [ -71.6338, -54.7515 ], [ -71.643, -54.7169 ], [ -71.6034, -54.6947 ] ] ], [ [ [ -71.7601, -54.6418 ], [ -71.6875, -54.6682 ], [ -71.6937, -54.6921 ], [ -71.7334, -54.7007 ], [ -71.739, -54.6765 ], [ -71.7679, -54.6824 ], [ -71.7601, -54.6418 ] ] ], [ [ [ -72.0725, -54.5902 ], [ -71.9333, -54.6634 ], [ -71.9417, -54.6975 ], [ -71.9225, -54.6769 ], [ -71.8991, -54.6885 ], [ -71.9428, -54.7334 ], [ -71.9871, -54.7348 ], [ -71.9761, -54.7152 ], [ -71.9504, -54.7159 ], [ -72.0021, -54.7033 ], [ -71.9655, -54.6819 ], [ -72.0168, -54.6772 ], [ -72.043, -54.6161 ], [ -72.0571, -54.6683 ], [ -72.0738, -54.6453 ], [ -72.1051, -54.6516 ], [ -72.0609, -54.6047 ], [ -72.0908, -54.6026 ], [ -72.0725, -54.5902 ] ] ], [ [ [ -72.0606, -54.5317 ], [ -72.0155, -54.5294 ], [ -72.0037, -54.5594 ], [ -71.9396, -54.5828 ], [ -71.985, -54.5882 ], [ -71.9968, -54.5741 ], [ -72.0146, -54.5891 ], [ -72.0525, -54.5687 ], [ -72.0606, -54.5317 ] ], [ [ -72.0194, -54.5443 ], [ -72.0116, -54.5459 ], [ -72.0117, -54.5447 ], [ -72.0194, -54.5443 ] ] ], [ [ [ -72.3105, -54.3924 ], [ -72.2929, -54.4152 ], [ -72.2516, -54.4105 ], [ -72.2825, -54.4355 ], [ -72.2248, -54.4366 ], [ -72.2359, -54.4667 ], [ -72.2551, -54.4713 ], [ -72.3059, -54.4323 ], [ -72.286, -54.4737 ], [ -72.3436, -54.4536 ], [ -72.3652, -54.4173 ], [ -72.345, -54.3936 ], [ -72.3105, -54.3924 ] ], [ [ -72.3272, -54.4115 ], [ -72.3456, -54.409 ], [ -72.3268, -54.4191 ], [ -72.3272, -54.4115 ] ] ], [ [ [ -72.088, -54.4107 ], [ -72.057, -54.4528 ], [ -72.1201, -54.4357 ], [ -72.0988, -54.4133 ], [ -72.1396, -54.4151 ], [ -72.1431, -54.4418 ], [ -72.1763, -54.435 ], [ -72.1806, -54.41 ], [ -72.1524, -54.4002 ], [ -72.21, -54.4121 ], [ -72.2338, -54.3817 ], [ -72.1752, -54.3712 ], [ -72.088, -54.4107 ] ] ], [ [ [ -72.2952, -54.2846 ], [ -72.2564, -54.3105 ], [ -72.2689, -54.342 ], [ -72.3509, -54.3093 ], [ -72.3446, -54.2916 ], [ -72.2952, -54.2846 ] ] ], [ [ [ -71.6936, -54.2744 ], [ -71.6504, -54.3058 ], [ -71.6724, -54.3218 ], [ -71.6475, -54.3147 ], [ -71.6367, -54.316 ], [ -71.6445, -54.3015 ], [ -71.6011, -54.3255 ], [ -71.6772, -54.3279 ], [ -71.7473, -54.315 ], [ -71.7574, -54.2846 ], [ -71.6936, -54.2744 ] ] ], [ [ [ -72.069, -54.2435 ], [ -71.9804, -54.2483 ], [ -71.9969, -54.2879 ], [ -72.0913, -54.2649 ], [ -72.069, -54.2435 ] ] ], [ [ [ -72.2446, -54.2375 ], [ -72.1839, -54.2174 ], [ -72.1757, -54.2769 ], [ -72.1717, -54.264 ], [ -72.1529, -54.2772 ], [ -72.1831, -54.2949 ], [ -72.1672, -54.3079 ], [ -72.2148, -54.2934 ], [ -72.2037, -54.2733 ], [ -72.2458, -54.2714 ], [ -72.2129, -54.2404 ], [ -72.2446, -54.2375 ] ], [ [ -72.196, -54.2687 ], [ -72.1929, -54.2689 ], [ -72.1955, -54.2666 ], [ -72.196, -54.2687 ] ], [ [ -72.1896, -54.2808 ], [ -72.1861, -54.2809 ], [ -72.1856, -54.2781 ], [ -72.1896, -54.2808 ] ] ], [ [ [ -72.6503, -54.1123 ], [ -72.6444, -54.1364 ], [ -72.6138, -54.1131 ], [ -72.557, -54.1278 ], [ -72.5555, -54.1455 ], [ -72.5899, -54.1622 ], [ -72.6678, -54.1447 ], [ -72.6887, -54.1206 ], [ -72.6503, -54.1123 ] ] ], [ [ [ -73.392, -54.01 ], [ -73.2427, -54.0453 ], [ -73.2373, -54.1015 ], [ -73.1925, -54.0715 ], [ -73.1961, -54.1058 ], [ -73.2249, -54.1022 ], [ -73.2028, -54.1091 ], [ -73.2117, -54.1362 ], [ -73.2367, -54.1169 ], [ -73.2698, -54.1492 ], [ -73.3457, -54.136 ], [ -73.3451, -54.1194 ], [ -73.3092, -54.115 ], [ -73.3484, -54.1041 ], [ -73.3457, -54.0793 ], [ -73.4192, -54.0959 ], [ -73.417, -54.0834 ], [ -73.4918, -54.0794 ], [ -73.4429, -54.0478 ], [ -73.4152, -54.0516 ], [ -73.4359, -54.0363 ], [ -73.392, -54.01 ] ] ], [ [ [ -70.314, -54.0433 ], [ -70.2797, -54.0828 ], [ -70.307, -54.1461 ], [ -70.3395, -54.1574 ], [ -70.4216, -54.1402 ], [ -70.5081, -54.0868 ], [ -70.4857, -54.0607 ], [ -70.4135, -54.0821 ], [ -70.314, -54.0433 ] ] ], [ [ [ -71.2364, -54.0145 ], [ -71.2054, -54.0703 ], [ -71.1733, -54.0786 ], [ -71.2182, -54.1013 ], [ -71.2459, -54.0568 ], [ -71.2364, -54.0145 ] ] ], [ [ [ -71.5894, -53.9354 ], [ -71.56, -53.9429 ], [ -71.5921, -53.9537 ], [ -71.5351, -53.9436 ], [ -71.5019, -54.0094 ], [ -71.4844, -53.9853 ], [ -71.5088, -53.95 ], [ -71.4396, -53.9495 ], [ -71.4317, -53.979 ], [ -71.4814, -54.0024 ], [ -71.4127, -53.9972 ], [ -71.3975, -54.0398 ], [ -71.4285, -54.0496 ], [ -71.3954, -54.0567 ], [ -71.403, -54.0925 ], [ -71.3626, -54.0379 ], [ -71.3908, -53.9708 ], [ -71.2723, -54.0004 ], [ -71.2743, -54.0546 ], [ -71.2411, -54.0911 ], [ -71.2983, -54.1102 ], [ -71.2435, -54.1058 ], [ -71.2397, -54.13 ], [ -71.2108, -54.1187 ], [ -71.2063, -54.212 ], [ -71.1903, -54.1053 ], [ -71.1455, -54.0873 ], [ -71.1506, -54.1401 ], [ -71.1198, -54.1632 ], [ -71.1187, -54.0928 ], [ -71.0788, -54.0589 ], [ -71.0524, -54.0654 ], [ -71.056, -54.0841 ], [ -71.0008, -54.091 ], [ -70.9937, -54.1257 ], [ -71.0125, -54.1239 ], [ -70.9885, -54.1405 ], [ -71.0142, -54.1662 ], [ -71.0334, -54.1528 ], [ -71.0389, -54.2024 ], [ -71.0765, -54.2041 ], [ -71.0416, -54.2218 ], [ -70.9723, -54.1643 ], [ -70.9736, -54.2422 ], [ -71.0373, -54.2429 ], [ -70.97, -54.278 ], [ -71.0027, -54.3084 ], [ -71.0491, -54.2975 ], [ -71.0158, -54.3306 ], [ -71.0363, -54.345 ], [ -71.1432, -54.3009 ], [ -71.1201, -54.3323 ], [ -71.0602, -54.3457 ], [ -71.088, -54.393 ], [ -71.1456, -54.3992 ], [ -71.1371, -54.3674 ], [ -71.1721, -54.3315 ], [ -71.1761, -54.379 ], [ -71.297, -54.3314 ], [ -71.2997, -54.3137 ], [ -71.358, -54.3173 ], [ -71.3596, -54.2881 ], [ -71.2992, -54.2853 ], [ -71.3048, -54.3132 ], [ -71.2791, -54.279 ], [ -71.2043, -54.2915 ], [ -71.2406, -54.2756 ], [ -71.2349, -54.2526 ], [ -71.1704, -54.2442 ], [ -71.2134, -54.2376 ], [ -71.2112, -54.2101 ], [ -71.2467, -54.2073 ], [ -71.2262, -54.238 ], [ -71.2639, -54.2586 ], [ -71.3305, -54.266 ], [ -71.3253, -54.2194 ], [ -71.3383, -54.2161 ], [ -71.3449, -54.2556 ], [ -71.3721, -54.2625 ], [ -71.4535, -54.2084 ], [ -71.4432, -54.1732 ], [ -71.4129, -54.1782 ], [ -71.4295, -54.1633 ], [ -71.3654, -54.1422 ], [ -71.414, -54.1551 ], [ -71.392, -54.1153 ], [ -71.4401, -54.1532 ], [ -71.5341, -54.127 ], [ -71.4558, -54.1551 ], [ -71.4775, -54.1919 ], [ -71.4983, -54.1814 ], [ -71.5206, -54.1853 ], [ -71.4944, -54.1861 ], [ -71.5111, -54.1977 ], [ -71.4812, -54.212 ], [ -71.4823, -54.2572 ], [ -71.4619, -54.2296 ], [ -71.3948, -54.2629 ], [ -71.3963, -54.2878 ], [ -71.4288, -54.2816 ], [ -71.3863, -54.3276 ], [ -71.4533, -54.3422 ], [ -71.5187, -54.3188 ], [ -71.4986, -54.3113 ], [ -71.4943, -54.2241 ], [ -71.5119, -54.2192 ], [ -71.5215, -54.2806 ], [ -71.5524, -54.2703 ], [ -71.5526, -54.2453 ], [ -71.5808, -54.2624 ], [ -71.588, -54.2027 ], [ -71.5228, -54.1854 ], [ -71.6001, -54.1942 ], [ -71.5971, -54.2449 ], [ -71.6711, -54.2316 ], [ -71.7046, -54.1514 ], [ -71.5652, -54.085 ], [ -71.6047, -54.0907 ], [ -71.6541, -54.0149 ], [ -71.6483, -53.9795 ], [ -71.5894, -53.9354 ] ], [ [ -71.5966, -53.9557 ], [ -71.6, -53.9577 ], [ -71.595, -53.9549 ], [ -71.5966, -53.9557 ] ], [ [ -71.6061, -53.9616 ], [ -71.6112, -53.9581 ], [ -71.6082, -53.962 ], [ -71.6061, -53.9616 ] ], [ [ -71.6117, -54.1907 ], [ -71.6112, -54.1876 ], [ -71.6152, -54.1867 ], [ -71.6117, -54.1907 ] ] ], [ [ [ -72.8385, -53.8908 ], [ -72.803, -53.8963 ], [ -72.8035, -53.9249 ], [ -72.889, -53.961 ], [ -72.925, -53.9393 ], [ -72.8612, -53.9318 ], [ -72.8973, -53.9158 ], [ -72.8385, -53.8908 ] ] ], [ [ [ -71.9197, -53.8451 ], [ -71.8612, -53.8583 ], [ -71.8783, -53.8812 ], [ -71.8275, -53.9013 ], [ -71.8164, -53.9269 ], [ -71.8477, -53.9323 ], [ -71.8192, -53.9487 ], [ -71.85, -53.9813 ], [ -71.8168, -53.9806 ], [ -71.8025, -53.9526 ], [ -71.8205, -53.9396 ], [ -71.7821, -53.9294 ], [ -71.7905, -53.8864 ], [ -71.7496, -53.9025 ], [ -71.7571, -53.9263 ], [ -71.7323, -53.8963 ], [ -71.676, -53.9156 ], [ -71.6803, -53.9307 ], [ -71.6495, -53.9253 ], [ -71.7002, -53.986 ], [ -71.7614, -53.9829 ], [ -71.7444, -54.0001 ], [ -71.6898, -54.0004 ], [ -71.693, -54.0559 ], [ -71.7674, -54.0477 ], [ -71.7025, -54.0617 ], [ -71.7356, -54.1003 ], [ -71.6627, -54.0591 ], [ -71.6133, -54.0923 ], [ -71.689, -54.1179 ], [ -71.7477, -54.1713 ], [ -71.7488, -54.1556 ], [ -71.8079, -54.1435 ], [ -71.8284, -54.1044 ], [ -71.8571, -54.1046 ], [ -71.8476, -54.0763 ], [ -71.8697, -54.0925 ], [ -71.918, -54.0593 ], [ -71.9116, -54.0121 ], [ -71.9171, -54.0361 ], [ -71.9515, -54.0437 ], [ -71.9104, -54.0718 ], [ -71.9247, -54.0947 ], [ -71.879, -54.1005 ], [ -71.9181, -54.1308 ], [ -71.8574, -54.1257 ], [ -71.8751, -54.1498 ], [ -71.8352, -54.1463 ], [ -71.8288, -54.1674 ], [ -71.7631, -54.2066 ], [ -71.7835, -54.2123 ], [ -71.7285, -54.2397 ], [ -71.7511, -54.2699 ], [ -71.7912, -54.2768 ], [ -71.7932, -54.2617 ], [ -71.851, -54.2501 ], [ -71.8056, -54.2738 ], [ -71.8969, -54.2866 ], [ -71.8217, -54.2894 ], [ -71.8326, -54.3159 ], [ -71.8604, -54.299 ], [ -71.8486, -54.3205 ], [ -71.7882, -54.3359 ], [ -71.884, -54.345 ], [ -71.9172, -54.3367 ], [ -71.9043, -54.3159 ], [ -71.9273, -54.3378 ], [ -71.9709, -54.3347 ], [ -71.9308, -54.2874 ], [ -71.9433, -54.2527 ], [ -71.8742, -54.2388 ], [ -71.8911, -54.2233 ], [ -71.9341, -54.2402 ], [ -71.9575, -54.2216 ], [ -71.9649, -54.2368 ], [ -72.0057, -54.2234 ], [ -71.9326, -54.2121 ], [ -72.0223, -54.2141 ], [ -71.9724, -54.2101 ], [ -71.9938, -54.2004 ], [ -72.1442, -54.2032 ], [ -72.152, -54.1626 ], [ -72.0013, -54.1368 ], [ -72.1661, -54.1225 ], [ -72.1295, -54.1027 ], [ -72.0499, -54.1032 ], [ -72.087, -54.0948 ], [ -72.1322, -54.0352 ], [ -72.1227, -54.0625 ], [ -72.1491, -54.0842 ], [ -72.1752, -54.08 ], [ -72.1879, -54.1081 ], [ -72.2587, -54.0885 ], [ -72.2189, -54.1083 ], [ -72.2174, -54.1402 ], [ -72.228, -54.1552 ], [ -72.2584, -54.1431 ], [ -72.2614, -54.2007 ], [ -72.3352, -54.205 ], [ -72.3021, -54.2347 ], [ -72.3174, -54.266 ], [ -72.4195, -54.2492 ], [ -72.3327, -54.2767 ], [ -72.3712, -54.2888 ], [ -72.3629, -54.3112 ], [ -72.3999, -54.3148 ], [ -72.3673, -54.3289 ], [ -72.3897, -54.3333 ], [ -72.2876, -54.343 ], [ -72.3276, -54.3744 ], [ -72.3742, -54.3494 ], [ -72.3394, -54.3766 ], [ -72.3972, -54.3891 ], [ -72.4028, -54.3619 ], [ -72.4397, -54.3647 ], [ -72.4267, -54.3831 ], [ -72.4481, -54.3934 ], [ -72.4209, -54.3971 ], [ -72.4579, -54.4141 ], [ -72.4634, -54.4437 ], [ -72.5062, -54.4212 ], [ -72.4826, -54.4009 ], [ -72.5384, -54.3863 ], [ -72.5469, -54.3481 ], [ -72.4943, -54.3689 ], [ -72.5035, -54.344 ], [ -72.4076, -54.3478 ], [ -72.429, -54.3245 ], [ -72.385, -54.3091 ], [ -72.3827, -54.2719 ], [ -72.4063, -54.2876 ], [ -72.4173, -54.2575 ], [ -72.4401, -54.2818 ], [ -72.4789, -54.276 ], [ -72.4504, -54.2991 ], [ -72.4725, -54.3348 ], [ -72.5067, -54.3208 ], [ -72.4761, -54.313 ], [ -72.4943, -54.2841 ], [ -72.4918, -54.2977 ], [ -72.5293, -54.3014 ], [ -72.5631, -54.2749 ], [ -72.6009, -54.2742 ], [ -72.575, -54.226 ], [ -72.5147, -54.224 ], [ -72.5143, -54.1787 ], [ -72.3701, -54.168 ], [ -72.3458, -54.1452 ], [ -72.4346, -54.1548 ], [ -72.4237, -54.1269 ], [ -72.3951, -54.1206 ], [ -72.3753, -54.1249 ], [ -72.3783, -54.1082 ], [ -72.3034, -54.1177 ], [ -72.298, -54.0964 ], [ -72.3073, -54.1131 ], [ -72.3464, -54.0942 ], [ -72.3936, -54.1111 ], [ -72.4232, -54.1029 ], [ -72.423, -54.0915 ], [ -72.3745, -54.0874 ], [ -72.3403, -54.0582 ], [ -72.2757, -54.0833 ], [ -72.2206, -54.0659 ], [ -72.2176, -54.0346 ], [ -72.2444, -54.0262 ], [ -72.1767, -53.9788 ], [ -72.2549, -54.0054 ], [ -72.2862, -53.9177 ], [ -72.2195, -53.9118 ], [ -72.1897, -53.9342 ], [ -72.1267, -53.9379 ], [ -72.1056, -53.973 ], [ -71.9987, -54.0226 ], [ -72.1134, -53.9405 ], [ -71.9706, -53.9823 ], [ -72.0686, -53.9473 ], [ -72.0349, -53.9194 ], [ -72.0361, -53.896 ], [ -72.015, -53.9138 ], [ -71.9843, -53.8876 ], [ -71.947, -53.9086 ], [ -71.9869, -53.8637 ], [ -71.9197, -53.8451 ] ], [ [ -72.4117, -54.0909 ], [ -72.4183, -54.0949 ], [ -72.4183, -54.0955 ], [ -72.4117, -54.0909 ] ], [ [ -72.3885, -54.1254 ], [ -72.3895, -54.127 ], [ -72.3865, -54.1263 ], [ -72.3885, -54.1254 ] ], [ [ -72.3898, -54.1328 ], [ -72.3947, -54.13 ], [ -72.3973, -54.132 ], [ -72.3898, -54.1328 ] ], [ [ -72.3989, -54.1352 ], [ -72.3985, -54.1373 ], [ -72.3941, -54.1362 ], [ -72.3989, -54.1352 ] ], [ [ -72.4722, -54.317 ], [ -72.4719, -54.3198 ], [ -72.4679, -54.3183 ], [ -72.4722, -54.317 ] ], [ [ -72.3989, -54.274 ], [ -72.3947, -54.273 ], [ -72.3978, -54.2719 ], [ -72.3989, -54.274 ] ], [ [ -71.7067, -54.0354 ], [ -71.7064, -54.0373 ], [ -71.7032, -54.0357 ], [ -71.7067, -54.0354 ] ], [ [ -71.6738, -54.1058 ], [ -71.6745, -54.1083 ], [ -71.6731, -54.1057 ], [ -71.6738, -54.1058 ] ], [ [ -71.6797, -54.1132 ], [ -71.6791, -54.1088 ], [ -71.6826, -54.1143 ], [ -71.6797, -54.1132 ] ], [ [ -71.7694, -53.9076 ], [ -71.7643, -53.9065 ], [ -71.7683, -53.9029 ], [ -71.7694, -53.9076 ] ], [ [ -71.7838, -53.8921 ], [ -71.7835, -53.8902 ], [ -71.7862, -53.893 ], [ -71.7838, -53.8921 ] ] ], [ [ [ -73.2407, -53.8038 ], [ -73.2557, -53.8106 ], [ -73.0722, -53.8278 ], [ -73.0691, -53.8455 ], [ -73.0971, -53.8516 ], [ -73.068, -53.8547 ], [ -73.0766, -53.9051 ], [ -73.0975, -53.8885 ], [ -73.1141, -53.9034 ], [ -73.1584, -53.8918 ], [ -73.2157, -53.9078 ], [ -73.1901, -53.8945 ], [ -73.2327, -53.8842 ], [ -73.1767, -53.8845 ], [ -73.2007, -53.8665 ], [ -73.1578, -53.8724 ], [ -73.1994, -53.857 ], [ -73.1669, -53.8391 ], [ -73.2817, -53.8681 ], [ -73.2679, -53.8513 ], [ -73.3095, -53.8595 ], [ -73.2788, -53.8378 ], [ -73.1817, -53.83 ], [ -73.3064, -53.8215 ], [ -73.2407, -53.8038 ] ] ], [ [ [ -72.151, -53.8278 ], [ -72.0472, -53.8307 ], [ -72.0804, -53.8758 ], [ -72.0547, -53.8808 ], [ -72.097, -53.876 ], [ -72.0699, -53.8956 ], [ -72.114, -53.922 ], [ -72.2161, -53.8796 ], [ -72.151, -53.8278 ] ], [ [ -72.0989, -53.8862 ], [ -72.0933, -53.8885 ], [ -72.0927, -53.8865 ], [ -72.0989, -53.8862 ] ] ], [ [ [ -73.0654, -53.7111 ], [ -72.8771, -53.7446 ], [ -72.874, -53.7485 ], [ -72.9082, -53.7673 ], [ -72.9766, -53.765 ], [ -72.9631, -53.7754 ], [ -73.0134, -53.7905 ], [ -73.0955, -53.7864 ], [ -73.113, -53.7692 ], [ -73.0909, -53.7433 ], [ -73.0097, -53.7552 ], [ -73.0657, -53.7378 ], [ -73.062, -53.722 ], [ -73.0259, -53.7282 ], [ -73.068, -53.714 ], [ -73.0963, -53.7188 ], [ -73.0654, -53.7111 ] ] ], [ [ [ -73.4056, -53.5922 ], [ -73.3064, -53.6152 ], [ -73.2516, -53.6625 ], [ -73.3117, -53.6619 ], [ -73.2842, -53.6459 ], [ -73.3759, -53.6053 ], [ -73.3506, -53.6382 ], [ -73.4044, -53.6185 ], [ -73.4398, -53.6464 ], [ -73.4848, -53.6382 ], [ -73.4279, -53.6244 ], [ -73.4192, -53.6112 ], [ -73.4645, -53.6219 ], [ -73.4056, -53.5922 ] ] ], [ [ [ -72.4126, -53.5614 ], [ -72.4106, -53.5785 ], [ -72.3851, -53.5703 ], [ -72.298, -53.6042 ], [ -72.3201, -53.6265 ], [ -72.2622, -53.6298 ], [ -72.2501, -53.6551 ], [ -72.2837, -53.6737 ], [ -72.3662, -53.6532 ], [ -72.4298, -53.5808 ], [ -72.4126, -53.5614 ] ] ], [ [ [ -70.4781, -53.5658 ], [ -70.4816, -53.6691 ], [ -70.446, -53.7833 ], [ -70.4105, -53.8051 ], [ -70.4538, -53.7999 ], [ -70.4156, -53.8737 ], [ -70.4552, -53.8803 ], [ -70.3334, -54.0213 ], [ -70.3698, -54.0478 ], [ -70.4382, -54.0505 ], [ -70.4129, -54.0648 ], [ -70.442, -54.0596 ], [ -70.6717, -53.9135 ], [ -70.6813, -53.9277 ], [ -70.662, -53.9718 ], [ -70.5603, -54.0394 ], [ -70.5451, -54.1076 ], [ -70.5936, -54.1072 ], [ -70.513, -54.1366 ], [ -70.5374, -54.1439 ], [ -70.5301, -54.2058 ], [ -70.4804, -54.2262 ], [ -70.501, -54.1865 ], [ -70.5234, -54.1817 ], [ -70.5123, -54.138 ], [ -70.3684, -54.1822 ], [ -70.3557, -54.2011 ], [ -70.2831, -54.1926 ], [ -70.2923, -54.2057 ], [ -70.2631, -54.2105 ], [ -70.296, -54.2439 ], [ -70.244, -54.2179 ], [ -70.2146, -54.2431 ], [ -70.2661, -54.2861 ], [ -70.4247, -54.2583 ], [ -70.4984, -54.2252 ], [ -70.4558, -54.2547 ], [ -70.4921, -54.2522 ], [ -70.6859, -54.1971 ], [ -70.8413, -54.1223 ], [ -70.8411, -54.1079 ], [ -70.7912, -54.0957 ], [ -70.8813, -54.0597 ], [ -70.8697, -53.986 ], [ -70.9012, -53.9338 ], [ -70.8874, -53.9205 ], [ -70.846, -53.9351 ], [ -70.9077, -53.8818 ], [ -70.8539, -53.8679 ], [ -70.8588, -53.8346 ], [ -70.7834, -53.8238 ], [ -70.6134, -53.8703 ], [ -70.6005, -53.8249 ], [ -70.7124, -53.7758 ], [ -70.7151, -53.6976 ], [ -70.5967, -53.6496 ], [ -70.5354, -53.5677 ], [ -70.4781, -53.5658 ] ], [ [ -70.8383, -53.8411 ], [ -70.8368, -53.8395 ], [ -70.8383, -53.8391 ], [ -70.8383, -53.8411 ] ], [ [ -70.8849, -53.8852 ], [ -70.8851, -53.8867 ], [ -70.8834, -53.8864 ], [ -70.8849, -53.8852 ] ], [ [ -70.5897, -54.0291 ], [ -70.5933, -54.0311 ], [ -70.5883, -54.0331 ], [ -70.5897, -54.0291 ] ], [ [ -70.5821, -54.0352 ], [ -70.576, -54.0369 ], [ -70.5759, -54.0355 ], [ -70.5821, -54.0352 ] ], [ [ -70.8424, -54.0374 ], [ -70.846, -54.0373 ], [ -70.8432, -54.0383 ], [ -70.8424, -54.0374 ] ], [ [ -70.294, -54.2011 ], [ -70.2922, -54.1996 ], [ -70.2954, -54.2 ], [ -70.294, -54.2011 ] ], [ [ -70.3453, -54.1976 ], [ -70.3383, -54.1976 ], [ -70.3375, -54.1969 ], [ -70.3453, -54.1976 ] ] ], [ [ [ -73.8393, -53.4695 ], [ -73.7721, -53.5078 ], [ -73.8005, -53.523 ], [ -73.7491, -53.5197 ], [ -73.6558, -53.5634 ], [ -73.7016, -53.5984 ], [ -73.784, -53.547 ], [ -73.7823, -53.5991 ], [ -73.8542, -53.6063 ], [ -73.8091, -53.5684 ], [ -73.835, -53.5764 ], [ -73.8475, -53.5572 ], [ -73.8955, -53.5526 ], [ -73.8588, -53.5375 ], [ -73.8014, -53.5535 ], [ -73.8353, -53.5373 ], [ -73.7943, -53.5321 ], [ -73.8564, -53.4981 ], [ -73.8258, -53.4969 ], [ -73.855, -53.485 ], [ -73.8393, -53.4695 ] ] ], [ [ [ -73.5729, -53.385 ], [ -73.5434, -53.4165 ], [ -73.52, -53.4096 ], [ -73.4925, -53.4295 ], [ -73.481, -53.4159 ], [ -73.5144, -53.4038 ], [ -73.4751, -53.3888 ], [ -73.3699, -53.4181 ], [ -73.4312, -53.4465 ], [ -73.4814, -53.4996 ], [ -73.5151, -53.4958 ], [ -73.4599, -53.509 ], [ -73.4624, -53.481 ], [ -73.4288, -53.4786 ], [ -73.3427, -53.5674 ], [ -73.4044, -53.5582 ], [ -73.3269, -53.5764 ], [ -73.3662, -53.5843 ], [ -73.3459, -53.5963 ], [ -73.4195, -53.5733 ], [ -73.4357, -53.6033 ], [ -73.4924, -53.6097 ], [ -73.4822, -53.5781 ], [ -73.5209, -53.546 ], [ -73.5286, -53.5791 ], [ -73.545, -53.5557 ], [ -73.6408, -53.5394 ], [ -73.6237, -53.5702 ], [ -73.658, -53.5541 ], [ -73.6638, -53.5214 ], [ -73.7202, -53.5237 ], [ -73.7485, -53.5055 ], [ -73.7207, -53.5105 ], [ -73.7299, -53.498 ], [ -73.7992, -53.4792 ], [ -73.7617, -53.4742 ], [ -73.8169, -53.438 ], [ -73.7985, -53.4277 ], [ -73.7317, -53.4536 ], [ -73.7002, -53.4938 ], [ -73.5989, -53.518 ], [ -73.6204, -53.5035 ], [ -73.6004, -53.5028 ], [ -73.4561, -53.5609 ], [ -73.5407, -53.5148 ], [ -73.5365, -53.4976 ], [ -73.5779, -53.5 ], [ -73.6626, -53.461 ], [ -73.5196, -53.471 ], [ -73.4823, -53.4544 ], [ -73.5652, -53.4511 ], [ -73.6004, -53.4357 ], [ -73.5884, -53.4238 ], [ -73.615, -53.4254 ], [ -73.5749, -53.4138 ], [ -73.5926, -53.389 ], [ -73.5729, -53.385 ] ] ], [ [ [ -73.0409, -53.3756 ], [ -73.0417, -53.3941 ], [ -73.0016, -53.3912 ], [ -73.0463, -53.4313 ], [ -73.0425, -53.4556 ], [ -73.003, -53.4136 ], [ -73.003, -53.4943 ], [ -72.9754, -53.4502 ], [ -72.9871, -53.3967 ], [ -72.9285, -53.4208 ], [ -72.9512, -53.4434 ], [ -72.9309, -53.4297 ], [ -72.9037, -53.4414 ], [ -72.9257, -53.4482 ], [ -72.8975, -53.4615 ], [ -72.9308, -53.49 ], [ -72.9323, -53.5369 ], [ -72.8988, -53.4949 ], [ -72.8731, -53.4919 ], [ -72.8506, -53.5141 ], [ -72.9233, -53.5523 ], [ -72.8496, -53.5322 ], [ -72.8936, -53.5709 ], [ -72.8621, -53.5691 ], [ -72.8891, -53.6222 ], [ -72.8687, -53.6337 ], [ -72.8965, -53.6274 ], [ -72.9228, -53.6476 ], [ -72.8803, -53.6381 ], [ -72.856, -53.6653 ], [ -72.8594, -53.6127 ], [ -72.8108, -53.6086 ], [ -72.8437, -53.5968 ], [ -72.8383, -53.5695 ], [ -72.8035, -53.5585 ], [ -72.8579, -53.4504 ], [ -72.7759, -53.476 ], [ -72.7761, -53.5056 ], [ -72.7244, -53.5089 ], [ -72.7413, -53.5432 ], [ -72.71, -53.5538 ], [ -72.7342, -53.5699 ], [ -72.6708, -53.5945 ], [ -72.7167, -53.6153 ], [ -72.672, -53.6254 ], [ -72.6766, -53.6502 ], [ -72.6388, -53.5884 ], [ -72.6781, -53.5438 ], [ -72.6655, -53.5237 ], [ -72.6292, -53.5412 ], [ -72.6416, -53.5593 ], [ -72.6149, -53.5475 ], [ -72.5609, -53.5785 ], [ -72.5346, -53.5648 ], [ -72.4595, -53.5792 ], [ -72.4966, -53.5891 ], [ -72.4493, -53.6094 ], [ -72.4845, -53.6347 ], [ -72.4222, -53.6106 ], [ -72.3845, -53.6389 ], [ -72.6201, -53.6708 ], [ -72.636, -53.6939 ], [ -72.6216, -53.723 ], [ -72.524, -53.7036 ], [ -72.612, -53.7158 ], [ -72.6262, -53.6881 ], [ -72.612, -53.7032 ], [ -72.5992, -53.6757 ], [ -72.4618, -53.6751 ], [ -72.4504, -53.6845 ], [ -72.4874, -53.6957 ], [ -72.4375, -53.6978 ], [ -72.4452, -53.7206 ], [ -72.4849, -53.729 ], [ -72.4555, -53.726 ], [ -72.4602, -53.7547 ], [ -72.4135, -53.7263 ], [ -72.4303, -53.6888 ], [ -72.4117, -53.7003 ], [ -72.3869, -53.6775 ], [ -72.3443, -53.686 ], [ -72.3552, -53.7173 ], [ -72.3092, -53.7017 ], [ -72.2348, -53.728 ], [ -72.3541, -53.7559 ], [ -72.2235, -53.7447 ], [ -72.1513, -53.7874 ], [ -72.2098, -53.8157 ], [ -72.2929, -53.8046 ], [ -72.1948, -53.8274 ], [ -72.2252, -53.8587 ], [ -72.313, -53.85 ], [ -72.3704, -53.8079 ], [ -72.3608, -53.8344 ], [ -72.4677, -53.8252 ], [ -72.3517, -53.8497 ], [ -72.3713, -53.8667 ], [ -72.3366, -53.9052 ], [ -72.3602, -53.9086 ], [ -72.3314, -53.9243 ], [ -72.3581, -53.9317 ], [ -72.3819, -53.9026 ], [ -72.4731, -53.8898 ], [ -72.4172, -53.9056 ], [ -72.4215, -53.9384 ], [ -72.387, -53.9314 ], [ -72.3617, -53.9589 ], [ -72.4499, -53.9459 ], [ -72.4483, -53.9596 ], [ -72.4779, -53.9609 ], [ -72.3778, -53.9706 ], [ -72.382, -54.0016 ], [ -72.3583, -53.9827 ], [ -72.337, -54.0343 ], [ -72.3761, -54.0586 ], [ -72.4132, -54.0356 ], [ -72.4207, -54.0544 ], [ -72.4751, -54.0662 ], [ -72.5045, -54.0362 ], [ -72.4885, -54.0234 ], [ -72.5117, -54.0305 ], [ -72.5073, -54.0077 ], [ -72.5538, -53.9951 ], [ -72.5353, -54.0204 ], [ -72.5655, -54.0351 ], [ -72.5286, -54.0456 ], [ -72.5499, -54.1103 ], [ -72.6011, -54.1006 ], [ -72.6043, -54.0825 ], [ -72.6287, -54.0971 ], [ -72.6007, -54.0346 ], [ -72.6696, -54.0908 ], [ -72.6265, -54.0187 ], [ -72.6521, -54.0208 ], [ -72.6858, -54.0916 ], [ -72.7582, -54.095 ], [ -72.7109, -54.1104 ], [ -72.7605, -54.1213 ], [ -72.8156, -54.0947 ], [ -72.8092, -54.1151 ], [ -72.8443, -54.1204 ], [ -72.8274, -54.1364 ], [ -72.9645, -54.1248 ], [ -72.8809, -54.1159 ], [ -72.927, -54.1088 ], [ -72.8692, -54.0912 ], [ -72.8994, -54.0839 ], [ -72.9126, -54.1032 ], [ -72.9569, -54.101 ], [ -72.9268, -54.0943 ], [ -72.9383, -54.0885 ], [ -72.9885, -54.1082 ], [ -73.0157, -54.1026 ], [ -73.0089, -54.089 ], [ -73.0369, -54.1067 ], [ -73.0764, -54.0907 ], [ -73.0386, -54.0705 ], [ -72.8435, -54.0754 ], [ -72.9687, -54.053 ], [ -72.9476, -54.045 ], [ -72.9786, -54.0415 ], [ -72.9691, -54.0246 ], [ -72.9218, -54.0445 ], [ -72.7801, -54.0404 ], [ -72.7847, -54.0527 ], [ -72.7784, -54.0612 ], [ -72.7581, -54.064 ], [ -72.7549, -54.0453 ], [ -72.7819, -54.0486 ], [ -72.7548, -54.036 ], [ -72.8144, -54.0318 ], [ -72.7907, -54.0184 ], [ -72.8696, -54.0216 ], [ -72.7779, -53.9977 ], [ -72.8294, -54.0048 ], [ -72.8001, -53.9915 ], [ -72.8783, -53.9758 ], [ -72.8077, -53.9549 ], [ -72.6957, -53.9831 ], [ -72.7658, -53.9565 ], [ -72.7672, -53.9401 ], [ -72.8043, -53.9416 ], [ -72.7198, -53.8912 ], [ -72.6587, -53.8922 ], [ -72.6532, -53.8731 ], [ -72.6898, -53.8818 ], [ -72.7053, -53.8574 ], [ -72.705, -53.878 ], [ -72.7953, -53.9159 ], [ -72.7808, -53.8682 ], [ -72.7152, -53.8402 ], [ -72.754, -53.8527 ], [ -72.7533, -53.8346 ], [ -72.7958, -53.8721 ], [ -72.8534, -53.8842 ], [ -72.8153, -53.8233 ], [ -72.7314, -53.7604 ], [ -72.8067, -53.805 ], [ -72.8343, -53.7606 ], [ -72.8544, -53.7874 ], [ -72.8327, -53.8068 ], [ -72.8946, -53.8092 ], [ -72.8373, -53.8158 ], [ -72.9084, -53.899 ], [ -72.9689, -53.8958 ], [ -72.9397, -53.866 ], [ -73.0126, -53.9102 ], [ -73.0441, -53.9085 ], [ -73.0465, -53.8796 ], [ -72.9994, -53.8652 ], [ -73.0409, -53.867 ], [ -72.9717, -53.8603 ], [ -73.0205, -53.8514 ], [ -72.9128, -53.8397 ], [ -73.0186, -53.8362 ], [ -73.0068, -53.8154 ], [ -73.0621, -53.8235 ], [ -73.0173, -53.7986 ], [ -72.934, -53.803 ], [ -72.993, -53.7896 ], [ -72.8842, -53.7683 ], [ -72.8677, -53.7433 ], [ -72.8024, -53.7459 ], [ -72.8432, -53.7383 ], [ -72.8133, -53.7052 ], [ -72.8436, -53.7024 ], [ -72.8548, -53.7328 ], [ -72.8499, -53.71 ], [ -72.8746, -53.7067 ], [ -72.8672, -53.7344 ], [ -73.147, -53.683 ], [ -73.1319, -53.7059 ], [ -73.2136, -53.7266 ], [ -73.1737, -53.7063 ], [ -73.1645, -53.6863 ], [ -73.1796, -53.6708 ], [ -72.9527, -53.6696 ], [ -72.929, -53.6227 ], [ -72.9481, -53.6315 ], [ -72.9747, -53.614 ], [ -72.9672, -53.6468 ], [ -73.0091, -53.6505 ], [ -72.996, -53.6305 ], [ -73.0958, -53.6518 ], [ -72.9984, -53.5841 ], [ -72.9965, -53.5709 ], [ -73.0264, -53.5781 ], [ -73.0147, -53.5673 ], [ -73.1121, -53.6448 ], [ -73.1508, -53.643 ], [ -73.1269, -53.6182 ], [ -73.1861, -53.639 ], [ -73.2208, -53.6374 ], [ -73.213, -53.6209 ], [ -73.2455, -53.6331 ], [ -73.224, -53.6025 ], [ -73.2572, -53.6158 ], [ -73.2702, -53.5874 ], [ -73.2113, -53.5625 ], [ -73.3191, -53.5617 ], [ -73.4323, -53.4666 ], [ -73.2961, -53.4759 ], [ -73.2264, -53.5035 ], [ -73.2511, -53.5173 ], [ -73.2287, -53.5348 ], [ -73.2198, -53.5127 ], [ -73.168, -53.5088 ], [ -73.2175, -53.4919 ], [ -73.1859, -53.4788 ], [ -73.1634, -53.5011 ], [ -73.1417, -53.4914 ], [ -73.0959, -53.5252 ], [ -73.0333, -53.5382 ], [ -73.1284, -53.4847 ], [ -73.0962, -53.4569 ], [ -73.1322, -53.4558 ], [ -73.1112, -53.4392 ], [ -73.1589, -53.4225 ], [ -73.1141, -53.4051 ], [ -73.1708, -53.4002 ], [ -73.0409, -53.3756 ] ], [ [ -72.8085, -53.7126 ], [ -72.8013, -53.7119 ], [ -72.8041, -53.7083 ], [ -72.8085, -53.7126 ] ], [ [ -72.7799, -53.7136 ], [ -72.785, -53.7167 ], [ -72.7755, -53.717 ], [ -72.7799, -53.7136 ] ], [ [ -72.7937, -53.7197 ], [ -72.7896, -53.7158 ], [ -72.7957, -53.7193 ], [ -72.7937, -53.7197 ] ], [ [ -72.8, -53.7229 ], [ -72.8098, -53.7166 ], [ -72.8042, -53.7245 ], [ -72.8, -53.7229 ] ], [ [ -72.7633, -53.7333 ], [ -72.7833, -53.7281 ], [ -72.7925, -53.7324 ], [ -72.7633, -53.7333 ] ], [ [ -72.7998, -53.7329 ], [ -72.8031, -53.73 ], [ -72.8039, -53.734 ], [ -72.7998, -53.7329 ] ], [ [ -72.8172, -53.7296 ], [ -72.8119, -53.7265 ], [ -72.822, -53.7316 ], [ -72.8172, -53.7296 ] ], [ [ -72.7992, -53.7297 ], [ -72.8032, -53.727 ], [ -72.8036, -53.7286 ], [ -72.7992, -53.7297 ] ], [ [ -72.3864, -53.82 ], [ -72.3896, -53.8207 ], [ -72.3867, -53.8213 ], [ -72.3864, -53.82 ] ], [ [ -72.386, -53.8428 ], [ -72.3895, -53.8433 ], [ -72.3831, -53.8453 ], [ -72.386, -53.8428 ] ], [ [ -72.7397, -53.8382 ], [ -72.7462, -53.8406 ], [ -72.7343, -53.8437 ], [ -72.7397, -53.8382 ] ], [ [ -72.705, -53.842 ], [ -72.7103, -53.8405 ], [ -72.7097, -53.8443 ], [ -72.705, -53.842 ] ], [ [ -72.7084, -53.8502 ], [ -72.7125, -53.8478 ], [ -72.7127, -53.8496 ], [ -72.7084, -53.8502 ] ], [ [ -72.7055, -53.8542 ], [ -72.7127, -53.8559 ], [ -72.7103, -53.8583 ], [ -72.7055, -53.8542 ] ], [ [ -72.4694, -53.9688 ], [ -72.4839, -53.9699 ], [ -72.507, -54.0237 ], [ -72.4697, -53.9984 ], [ -72.4694, -53.9688 ] ], [ [ -72.4792, -54.0165 ], [ -72.4837, -54.019 ], [ -72.477, -54.0209 ], [ -72.4792, -54.0165 ] ], [ [ -72.4421, -54.0446 ], [ -72.4491, -54.05 ], [ -72.4407, -54.0479 ], [ -72.4421, -54.0446 ] ], [ [ -72.4482, -54.0556 ], [ -72.4576, -54.0548 ], [ -72.459, -54.0595 ], [ -72.4482, -54.0556 ] ], [ [ -72.3139, -53.8431 ], [ -72.3133, -53.8447 ], [ -72.3112, -53.8437 ], [ -72.3139, -53.8431 ] ], [ [ -72.482, -53.627 ], [ -72.4791, -53.6292 ], [ -72.4772, -53.6281 ], [ -72.482, -53.627 ] ], [ [ -72.4672, -53.6115 ], [ -72.4714, -53.6104 ], [ -72.4721, -53.6114 ], [ -72.4672, -53.6115 ] ], [ [ -72.5908, -53.5719 ], [ -72.5913, -53.5714 ], [ -72.5918, -53.5721 ], [ -72.5908, -53.5719 ] ], [ [ -72.5858, -53.5702 ], [ -72.5879, -53.5686 ], [ -72.5881, -53.5703 ], [ -72.5858, -53.5702 ] ], [ [ -72.6909, -53.6502 ], [ -72.6902, -53.6314 ], [ -72.6984, -53.6249 ], [ -72.703, -53.6386 ], [ -72.6909, -53.6502 ] ], [ [ -72.7102, -53.6446 ], [ -72.7047, -53.6461 ], [ -72.7026, -53.6434 ], [ -72.7102, -53.6446 ] ], [ [ -72.7771, -53.5144 ], [ -72.7819, -53.5141 ], [ -72.7796, -53.5169 ], [ -72.7771, -53.5144 ] ], [ [ -72.7724, -53.5106 ], [ -72.7739, -53.5087 ], [ -72.7747, -53.5111 ], [ -72.7724, -53.5106 ] ] ], [ [ [ -73.8461, -53.3338 ], [ -73.8314, -53.354 ], [ -73.7827, -53.3498 ], [ -73.7866, -53.3716 ], [ -73.8283, -53.377 ], [ -73.8825, -53.3323 ], [ -73.8461, -53.3338 ] ] ], [ [ [ -74.0954, -53.253 ], [ -74.0564, -53.2697 ], [ -74.0719, -53.2899 ], [ -74.1135, -53.2862 ], [ -74.1119, -53.3328 ], [ -74.1337, -53.3235 ], [ -74.1369, -53.3401 ], [ -74.1552, -53.3314 ], [ -74.1981, -53.3545 ], [ -74.2799, -53.3251 ], [ -74.0954, -53.253 ] ], [ [ -74.0987, -53.2655 ], [ -74.0995, -53.2729 ], [ -74.0914, -53.2672 ], [ -74.0987, -53.2655 ] ] ], [ [ [ -74.3593, -53.1268 ], [ -74.2984, -53.1403 ], [ -74.2891, -53.1664 ], [ -74.3477, -53.1827 ], [ -74.3593, -53.1268 ] ] ], [ [ [ -73.981, -53.137 ], [ -73.9553, -53.192 ], [ -73.9909, -53.2022 ], [ -74.0281, -53.1691 ], [ -74.0207, -53.1943 ], [ -74.0431, -53.1991 ], [ -74.0705, -53.1554 ], [ -73.981, -53.137 ] ] ], [ [ [ -73.8883, -53.1087 ], [ -73.8448, -53.126 ], [ -73.8289, -53.1677 ], [ -73.754, -53.2223 ], [ -73.781, -53.2186 ], [ -73.7814, -53.2518 ], [ -73.8977, -53.1456 ], [ -73.8763, -53.1782 ], [ -73.9021, -53.1854 ], [ -73.9586, -53.1448 ], [ -73.9653, -53.1214 ], [ -73.8883, -53.1087 ] ] ], [ [ [ -73.5639, -52.9256 ], [ -73.4796, -52.9714 ], [ -73.536, -52.9618 ], [ -73.5757, -53.0019 ], [ -73.5952, -52.9872 ], [ -73.5508, -52.9663 ], [ -73.5828, -52.9659 ], [ -73.5639, -52.9256 ] ] ], [ [ [ -73.591, -52.8369 ], [ -73.5779, -52.855 ], [ -73.4115, -52.8985 ], [ -73.4288, -52.8801 ], [ -73.3879, -52.888 ], [ -73.3369, -52.9364 ], [ -73.3757, -52.9531 ], [ -73.3609, -52.9654 ], [ -73.477, -52.9581 ], [ -73.4865, -52.9277 ], [ -73.4135, -52.9316 ], [ -73.4683, -52.9058 ], [ -73.5053, -52.9017 ], [ -73.5196, -52.9175 ], [ -73.5096, -52.8946 ], [ -73.547, -52.8858 ], [ -73.5358, -52.9184 ], [ -73.6081, -52.8897 ], [ -73.6117, -52.9109 ], [ -73.6516, -52.9209 ], [ -73.7087, -52.9049 ], [ -73.7062, -52.9223 ], [ -73.7991, -52.925 ], [ -73.7693, -52.8995 ], [ -73.7313, -52.9161 ], [ -73.7288, -52.8869 ], [ -73.7552, -52.882 ], [ -73.7358, -52.8667 ], [ -73.6469, -52.8808 ], [ -73.69, -52.8624 ], [ -73.646, -52.8589 ], [ -73.5649, -52.8887 ], [ -73.6271, -52.8507 ], [ -73.591, -52.8369 ] ] ], [ [ [ -74.6871, -52.7149 ], [ -74.5939, -52.7877 ], [ -74.5821, -52.7711 ], [ -74.5364, -52.7932 ], [ -74.5484, -52.8073 ], [ -74.5037, -52.7979 ], [ -74.4293, -52.8295 ], [ -74.5108, -52.855 ], [ -74.4169, -52.8445 ], [ -74.4051, -52.858 ], [ -74.4812, -52.8678 ], [ -74.4585, -52.8858 ], [ -74.4114, -52.8709 ], [ -74.409, -52.901 ], [ -74.4059, -52.8827 ], [ -74.3942, -52.8935 ], [ -74.3677, -52.8759 ], [ -74.3657, -52.9093 ], [ -74.4121, -52.9319 ], [ -74.394, -52.9508 ], [ -74.3631, -52.9375 ], [ -74.3239, -52.9814 ], [ -74.3289, -52.9274 ], [ -74.2542, -52.9604 ], [ -74.2525, -52.992 ], [ -74.2393, -52.9406 ], [ -74.21, -52.9839 ], [ -74.2041, -52.9548 ], [ -74.1757, -52.9588 ], [ -74.1491, -52.9874 ], [ -74.1672, -53.0048 ], [ -74.0972, -53.0067 ], [ -74.1171, -52.9875 ], [ -74.0894, -52.9935 ], [ -74.0922, -52.9731 ], [ -74.1439, -52.9538 ], [ -74.1247, -52.9409 ], [ -74.1038, -52.9676 ], [ -74.0721, -52.9584 ], [ -74.0386, -52.9755 ], [ -74.078, -52.9799 ], [ -74.0438, -52.9849 ], [ -74.0512, -52.9978 ], [ -74.0183, -53.0076 ], [ -74.0148, -52.9819 ], [ -73.9367, -52.999 ], [ -73.9246, -53.0198 ], [ -73.9682, -53.0112 ], [ -73.927, -53.0333 ], [ -73.9857, -53.0288 ], [ -73.912, -53.0695 ], [ -73.9294, -53.0395 ], [ -73.8941, -53.0176 ], [ -73.8489, -53.0299 ], [ -73.8169, -53.0925 ], [ -73.7942, -53.0898 ], [ -73.8236, -53.0424 ], [ -73.8006, -53.0695 ], [ -73.7335, -53.0694 ], [ -73.7451, -53.0868 ], [ -73.6907, -53.0977 ], [ -73.6279, -53.1822 ], [ -73.6354, -53.1451 ], [ -73.6117, -53.1588 ], [ -73.6031, -53.1459 ], [ -73.639, -53.1366 ], [ -73.6513, -53.0861 ], [ -73.5994, -53.0811 ], [ -73.6313, -53.0973 ], [ -73.5868, -53.1151 ], [ -73.6116, -53.125 ], [ -73.5565, -53.1117 ], [ -73.5573, -53.1498 ], [ -73.5301, -53.165 ], [ -73.5476, -53.1925 ], [ -73.5863, -53.1838 ], [ -73.5242, -53.2397 ], [ -73.5305, -53.2826 ], [ -73.4849, -53.2867 ], [ -73.5075, -53.2325 ], [ -73.4689, -53.2544 ], [ -73.4307, -53.248 ], [ -73.4846, -53.2349 ], [ -73.4554, -53.2176 ], [ -73.5041, -53.222 ], [ -73.4852, -53.1914 ], [ -73.5136, -53.1832 ], [ -73.4886, -53.1732 ], [ -73.5143, -53.1563 ], [ -73.4773, -53.1426 ], [ -73.3913, -53.1805 ], [ -73.4569, -53.1907 ], [ -73.3685, -53.1938 ], [ -73.434, -53.214 ], [ -73.3938, -53.2235 ], [ -73.4202, -53.2142 ], [ -73.3679, -53.2044 ], [ -73.3435, -53.2172 ], [ -73.369, -53.2225 ], [ -73.3143, -53.2365 ], [ -73.3113, -53.25 ], [ -73.3437, -53.2406 ], [ -73.3164, -53.2643 ], [ -73.3395, -53.2758 ], [ -73.3954, -53.2596 ], [ -73.3586, -53.2757 ], [ -73.3768, -53.2831 ], [ -73.2873, -53.2681 ], [ -73.282, -53.2948 ], [ -73.1751, -53.3114 ], [ -73.2283, -53.3338 ], [ -73.1817, -53.3263 ], [ -73.0955, -53.3488 ], [ -73.0958, -53.3745 ], [ -73.2295, -53.3798 ], [ -73.2695, -53.3499 ], [ -73.3047, -53.3633 ], [ -73.4055, -53.3146 ], [ -73.4368, -53.3518 ], [ -73.6093, -53.3371 ], [ -73.5864, -53.3192 ], [ -73.6236, -53.2971 ], [ -73.4792, -53.324 ], [ -73.4618, -53.3129 ], [ -73.6029, -53.2817 ], [ -73.607, -53.2421 ], [ -73.5671, -53.2391 ], [ -73.6087, -53.23 ], [ -73.6215, -53.1921 ], [ -73.6187, -53.2295 ], [ -73.6403, -53.2252 ], [ -73.7137, -53.1456 ], [ -73.7319, -53.1598 ], [ -73.701, -53.1862 ], [ -73.7532, -53.1974 ], [ -73.7161, -53.1739 ], [ -73.7715, -53.177 ], [ -73.771, -53.1308 ], [ -73.7935, -53.1015 ], [ -73.7929, -53.1322 ], [ -73.8238, -53.1167 ], [ -73.7898, -53.1365 ], [ -73.7826, -53.1782 ], [ -73.7965, -53.1746 ], [ -73.8504, -53.0943 ], [ -73.893, -53.0717 ], [ -73.8969, -53.1058 ], [ -73.9413, -53.0937 ], [ -73.9679, -53.1067 ], [ -74.1058, -53.0571 ], [ -73.9829, -53.1079 ], [ -74.004, -53.1129 ], [ -73.999, -53.1263 ], [ -74.0758, -53.1399 ], [ -74.1029, -53.0972 ], [ -74.1078, -53.1309 ], [ -74.1377, -53.0882 ], [ -74.1284, -53.1283 ], [ -74.1475, -53.1029 ], [ -74.1679, -53.1031 ], [ -74.1526, -53.1273 ], [ -74.1892, -53.1191 ], [ -74.1942, -53.0781 ], [ -74.2456, -53.0352 ], [ -74.2136, -53.0885 ], [ -74.2287, -53.1424 ], [ -74.2618, -53.1431 ], [ -74.2394, -53.1239 ], [ -74.2623, -53.1256 ], [ -74.2715, -53.092 ], [ -74.2762, -53.1231 ], [ -74.32, -53.1262 ], [ -74.3356, -53.0901 ], [ -74.2989, -53.0547 ], [ -74.3301, -53.0458 ], [ -74.3257, -53.0234 ], [ -74.3435, -53.0503 ], [ -74.3304, -53.0651 ], [ -74.3639, -53.0824 ], [ -74.3641, -53.0602 ], [ -74.4104, -53.0445 ], [ -74.385, -53.0305 ], [ -74.4114, -53.0293 ], [ -74.4068, -52.9989 ], [ -74.4334, -53.0062 ], [ -74.4447, -52.9885 ], [ -74.4629, -53.0071 ], [ -74.4663, -52.9814 ], [ -74.4943, -52.9896 ], [ -74.5199, -52.9685 ], [ -74.476, -52.9125 ], [ -74.5203, -52.9125 ], [ -74.5007, -52.9437 ], [ -74.542, -52.9631 ], [ -74.6195, -52.9117 ], [ -74.572, -52.8978 ], [ -74.6505, -52.8673 ], [ -74.638, -52.8421 ], [ -74.5855, -52.8526 ], [ -74.6141, -52.8684 ], [ -74.5448, -52.8665 ], [ -74.5789, -52.8627 ], [ -74.5841, -52.8343 ], [ -74.6446, -52.8347 ], [ -74.6868, -52.8139 ], [ -74.6223, -52.8117 ], [ -74.7137, -52.7989 ], [ -74.6922, -52.7853 ], [ -74.7237, -52.7783 ], [ -74.7329, -52.7315 ], [ -74.674, -52.7416 ], [ -74.6871, -52.7149 ] ] ], [ [ [ -70.6307, -52.8318 ], [ -70.7276, -52.9087 ], [ -70.7825, -52.9115 ], [ -70.7788, -52.8874 ], [ -70.6307, -52.8318 ] ] ], [ [ [ -72.404, -52.7224 ], [ -72.3698, -52.7349 ], [ -72.3811, -52.7633 ], [ -72.4619, -52.7906 ], [ -72.4964, -52.7758 ], [ -72.4825, -52.7443 ], [ -72.404, -52.7224 ] ] ], [ [ [ -74.1919, -52.6462 ], [ -74.107, -52.6567 ], [ -74.0771, -52.6993 ], [ -74.0941, -52.6871 ], [ -74.0944, -52.7043 ], [ -74.1547, -52.7089 ], [ -74.116, -52.6879 ], [ -74.1453, -52.6807 ], [ -74.1263, -52.662 ], [ -74.1832, -52.6649 ], [ -74.1623, -52.6542 ], [ -74.1919, -52.6462 ] ] ], [ [ [ -74.1144, -52.5696 ], [ -74.0806, -52.5912 ], [ -74.046, -52.5846 ], [ -74.0738, -52.6081 ], [ -74.1429, -52.6186 ], [ -74.184, -52.5936 ], [ -74.1253, -52.587 ], [ -74.1144, -52.5696 ] ] ], [ [ [ -71.4684, -52.6577 ], [ -71.3952, -52.7222 ], [ -71.4016, -52.7457 ], [ -71.4341, -52.7424 ], [ -71.3882, -52.7961 ], [ -71.4096, -52.8339 ], [ -71.487, -52.8369 ], [ -71.5724, -52.889 ], [ -71.6174, -52.893 ], [ -71.8595, -53.0023 ], [ -71.9092, -53.0032 ], [ -71.9812, -53.1014 ], [ -72.0244, -53.1091 ], [ -72.0049, -53.1195 ], [ -72.024, -53.1322 ], [ -72.1303, -53.1456 ], [ -72.237, -53.0613 ], [ -72.3558, -53.0372 ], [ -72.2449, -53.0859 ], [ -72.2369, -53.0989 ], [ -72.2899, -53.0941 ], [ -72.2325, -53.1072 ], [ -72.2344, -53.1257 ], [ -72.2949, -53.1027 ], [ -72.3015, -53.0707 ], [ -72.299, -53.085 ], [ -72.3618, -53.0722 ], [ -72.403, -53.0409 ], [ -72.405, -53.0677 ], [ -72.604, -53.074 ], [ -72.5641, -53.0919 ], [ -72.4952, -53.0741 ], [ -72.4407, -53.0938 ], [ -72.3834, -53.0859 ], [ -72.3269, -53.1195 ], [ -72.3515, -53.1347 ], [ -72.2707, -53.1597 ], [ -72.2742, -53.1406 ], [ -72.2459, -53.1445 ], [ -72.2534, -53.1597 ], [ -72.2037, -53.1949 ], [ -72.2777, -53.2148 ], [ -72.3666, -53.1804 ], [ -72.4047, -53.2029 ], [ -72.3531, -53.1996 ], [ -72.3181, -53.2239 ], [ -72.361, -53.2409 ], [ -72.4317, -53.2266 ], [ -72.4427, -53.192 ], [ -72.5209, -53.188 ], [ -72.4489, -53.2391 ], [ -72.5425, -53.2167 ], [ -72.5306, -53.1959 ], [ -72.6206, -53.1999 ], [ -72.4207, -53.2591 ], [ -72.4821, -53.3092 ], [ -72.5284, -53.2703 ], [ -72.5577, -53.2722 ], [ -72.534, -53.2724 ], [ -72.5363, -53.3215 ], [ -72.5071, -53.3532 ], [ -72.5426, -53.3779 ], [ -72.611, -53.3804 ], [ -72.6438, -53.3456 ], [ -72.6779, -53.3473 ], [ -72.6341, -53.39 ], [ -72.5812, -53.4002 ], [ -72.6019, -53.4341 ], [ -72.5551, -53.394 ], [ -72.5191, -53.4033 ], [ -72.3907, -53.5342 ], [ -72.5564, -53.5392 ], [ -72.5329, -53.4994 ], [ -72.5766, -53.5203 ], [ -72.5855, -53.4961 ], [ -72.6535, -53.4851 ], [ -72.6002, -53.4622 ], [ -72.6602, -53.4806 ], [ -72.6829, -53.4707 ], [ -72.6652, -53.4649 ], [ -72.7197, -53.4616 ], [ -72.7583, -53.4352 ], [ -72.7619, -53.3981 ], [ -72.795, -53.4352 ], [ -72.8192, -53.4058 ], [ -72.798, -53.398 ], [ -72.8035, -53.3753 ], [ -72.8191, -53.3979 ], [ -72.9081, -53.3846 ], [ -72.877, -53.3536 ], [ -72.931, -53.3666 ], [ -72.9796, -53.3345 ], [ -72.9669, -53.3208 ], [ -72.9974, -53.3232 ], [ -73.0487, -53.2831 ], [ -73.0384, -53.3092 ], [ -73.0675, -53.2871 ], [ -73.156, -53.274 ], [ -73.1774, -53.2612 ], [ -73.1611, -53.2348 ], [ -73.1934, -53.2549 ], [ -73.2591, -53.2081 ], [ -73.2028, -53.2205 ], [ -73.3127, -53.1656 ], [ -73.1293, -53.1888 ], [ -73.1575, -53.1972 ], [ -73.133, -53.194 ], [ -73.1225, -53.2126 ], [ -73.0847, -53.1757 ], [ -73.041, -53.1755 ], [ -73.0232, -53.1991 ], [ -73.0144, -53.1702 ], [ -72.967, -53.187 ], [ -72.9685, -53.2027 ], [ -72.9587, -53.1861 ], [ -72.9667, -53.1732 ], [ -72.9392, -53.1738 ], [ -72.9052, -53.1906 ], [ -72.9263, -53.2137 ], [ -72.8838, -53.1977 ], [ -72.8514, -53.2272 ], [ -72.826, -53.2158 ], [ -72.7531, -53.243 ], [ -72.7529, -53.2624 ], [ -72.7718, -53.2597 ], [ -72.7502, -53.3135 ], [ -72.7393, -53.2959 ], [ -72.7151, -53.303 ], [ -72.7338, -53.2617 ], [ -72.6835, -53.2591 ], [ -72.8542, -53.1899 ], [ -72.8095, -53.1818 ], [ -72.7173, -53.2077 ], [ -72.7583, -53.1868 ], [ -72.7359, -53.1871 ], [ -72.7501, -53.1635 ], [ -72.8033, -53.1617 ], [ -72.7743, -53.1585 ], [ -72.7858, -53.1471 ], [ -72.7332, -53.1559 ], [ -72.7027, -53.1699 ], [ -72.7174, -53.1554 ], [ -72.66, -53.1665 ], [ -72.6616, -53.1534 ], [ -72.7315, -53.1501 ], [ -72.7048, -53.1475 ], [ -72.7329, -53.1099 ], [ -72.7391, -53.1385 ], [ -72.7882, -53.1353 ], [ -72.7913, -53.1118 ], [ -72.8542, -53.1575 ], [ -72.9406, -53.1069 ], [ -72.9731, -53.1093 ], [ -72.9272, -53.1058 ], [ -72.847, -53.0373 ], [ -72.9197, -53.053 ], [ -72.9464, -53.0168 ], [ -72.9151, -53.0031 ], [ -72.9628, -52.939 ], [ -72.9035, -52.9216 ], [ -73.0101, -52.8553 ], [ -72.9053, -52.8451 ], [ -72.7839, -52.785 ], [ -72.8023, -52.8261 ], [ -72.6821, -52.7233 ], [ -72.6512, -52.7581 ], [ -72.6287, -52.7482 ], [ -72.6025, -52.7708 ], [ -72.6163, -52.8113 ], [ -72.7197, -52.8694 ], [ -72.7184, -52.905 ], [ -72.694, -52.9069 ], [ -72.6799, -52.8644 ], [ -72.576, -52.8036 ], [ -72.5229, -52.8131 ], [ -72.5616, -52.8228 ], [ -72.6385, -52.8782 ], [ -72.5522, -52.8266 ], [ -72.6002, -52.8688 ], [ -72.4882, -52.8252 ], [ -72.4401, -52.8858 ], [ -72.4206, -52.8806 ], [ -72.4429, -52.8599 ], [ -72.432, -52.8209 ], [ -72.298, -52.759 ], [ -72.2544, -52.7134 ], [ -72.2016, -52.7031 ], [ -72.1654, -52.6482 ], [ -72.1304, -52.6701 ], [ -72.0894, -52.6566 ], [ -72.048, -52.6831 ], [ -71.9998, -52.6662 ], [ -71.9992, -52.6464 ], [ -71.9672, -52.6475 ], [ -71.9194, -52.6868 ], [ -71.7768, -52.7032 ], [ -71.6682, -52.697 ], [ -71.5269, -52.6515 ], [ -71.4684, -52.6577 ] ], [ [ -72.1788, -52.6865 ], [ -72.1818, -52.6845 ], [ -72.1829, -52.6859 ], [ -72.1788, -52.6865 ] ], [ [ -72.4686, -52.8703 ], [ -72.471, -52.8686 ], [ -72.4722, -52.87 ], [ -72.4686, -52.8703 ] ], [ [ -72.6224, -52.7547 ], [ -72.6247, -52.7535 ], [ -72.6253, -52.7556 ], [ -72.6224, -52.7547 ] ], [ [ -72.6962, -53.1662 ], [ -72.7011, -53.1647 ], [ -72.7017, -53.1665 ], [ -72.6962, -53.1662 ] ], [ [ -72.7388, -53.1704 ], [ -72.7378, -53.1675 ], [ -72.7407, -53.1689 ], [ -72.7388, -53.1704 ] ], [ [ -72.7283, -53.1634 ], [ -72.7294, -53.1624 ], [ -72.7525, -53.1561 ], [ -72.7428, -53.16 ], [ -72.7283, -53.1634 ] ], [ [ -72.762, -53.1598 ], [ -72.7583, -53.1567 ], [ -72.7669, -53.1565 ], [ -72.762, -53.1598 ] ], [ [ -72.6794, -53.1789 ], [ -72.6802, -53.1818 ], [ -72.6784, -53.181 ], [ -72.6794, -53.1789 ] ], [ [ -72.6688, -53.1861 ], [ -72.679, -53.183 ], [ -72.6712, -53.1876 ], [ -72.6688, -53.1861 ] ], [ [ -72.7022, -53.1831 ], [ -72.7019, -53.1819 ], [ -72.7042, -53.182 ], [ -72.7022, -53.1831 ] ], [ [ -72.6977, -53.1816 ], [ -72.6987, -53.18 ], [ -72.7018, -53.1809 ], [ -72.6977, -53.1816 ] ], [ [ -73.0002, -53.3026 ], [ -72.9993, -53.2989 ], [ -73.0015, -53.3013 ], [ -73.0002, -53.3026 ] ], [ [ -72.8537, -53.2314 ], [ -72.845, -53.2287 ], [ -72.853, -53.2276 ], [ -72.8537, -53.2314 ] ], [ [ -72.5431, -53.3271 ], [ -72.5477, -53.3302 ], [ -72.54, -53.3283 ], [ -72.5431, -53.3271 ] ], [ [ -72.9161, -53.3602 ], [ -72.9145, -53.36 ], [ -72.9153, -53.3589 ], [ -72.9161, -53.3602 ] ], [ [ -72.7884, -53.373 ], [ -72.7901, -53.3766 ], [ -72.7862, -53.3743 ], [ -72.7884, -53.373 ] ], [ [ -72.8556, -53.383 ], [ -72.853, -53.3837 ], [ -72.8544, -53.3822 ], [ -72.8556, -53.383 ] ], [ [ -72.8365, -53.3889 ], [ -72.8324, -53.3896 ], [ -72.8339, -53.3864 ], [ -72.8365, -53.3889 ] ], [ [ -72.7594, -53.3911 ], [ -72.7577, -53.394 ], [ -72.7558, -53.3907 ], [ -72.7594, -53.3911 ] ], [ [ -72.7556, -53.3947 ], [ -72.7766, -53.3931 ], [ -72.7553, -53.3963 ], [ -72.7556, -53.3947 ] ], [ [ -72.7485, -53.3963 ], [ -72.7514, -53.3961 ], [ -72.7531, -53.3969 ], [ -72.7485, -53.3963 ] ], [ [ -72.7534, -53.3997 ], [ -72.7578, -53.3995 ], [ -72.7585, -53.401 ], [ -72.7534, -53.3997 ] ], [ [ -72.488, -53.4407 ], [ -72.4868, -53.4417 ], [ -72.4868, -53.4408 ], [ -72.488, -53.4407 ] ], [ [ -72.5419, -53.4953 ], [ -72.5434, -53.4995 ], [ -72.5369, -53.494 ], [ -72.5419, -53.4953 ] ], [ [ -72.6086, -53.4967 ], [ -72.6103, -53.4956 ], [ -72.611, -53.4968 ], [ -72.6086, -53.4967 ] ], [ [ -72.6158, -53.496 ], [ -72.6157, -53.4948 ], [ -72.6166, -53.4958 ], [ -72.6158, -53.496 ] ], [ [ -72.5418, -53.5277 ], [ -72.5489, -53.5307 ], [ -72.5331, -53.5312 ], [ -72.5418, -53.5277 ] ], [ [ -72.5328, -53.5283 ], [ -72.5312, -53.5299 ], [ -72.53, -53.5282 ], [ -72.5328, -53.5283 ] ], [ [ -72.3472, -53.0491 ], [ -72.3444, -53.0511 ], [ -72.3437, -53.0506 ], [ -72.3472, -53.0491 ] ], [ [ -72.332, -53.0535 ], [ -72.3308, -53.0529 ], [ -72.3335, -53.0525 ], [ -72.332, -53.0535 ] ], [ [ -72.34, -53.0561 ], [ -72.3415, -53.0577 ], [ -72.3398, -53.058 ], [ -72.34, -53.0561 ] ], [ [ -72.337, -53.0595 ], [ -72.3355, -53.0608 ], [ -72.3351, -53.0601 ], [ -72.337, -53.0595 ] ], [ [ -72.2764, -53.0787 ], [ -72.2746, -53.0794 ], [ -72.2766, -53.0782 ], [ -72.2764, -53.0787 ] ], [ [ -72.2674, -53.0822 ], [ -72.2652, -53.0822 ], [ -72.2681, -53.0816 ], [ -72.2674, -53.0822 ] ], [ [ -72.2764, -53.0838 ], [ -72.2756, -53.0849 ], [ -72.2749, -53.0848 ], [ -72.2764, -53.0838 ] ], [ [ -72.2552, -53.0849 ], [ -72.254, -53.0877 ], [ -72.2515, -53.0877 ], [ -72.2552, -53.0849 ] ] ], [ [ [ -73.7255, -52.4198 ], [ -73.6482, -52.4928 ], [ -73.6751, -52.4901 ], [ -73.6849, -52.5122 ], [ -73.7248, -52.5054 ], [ -73.6914, -52.5286 ], [ -73.7243, -52.5485 ], [ -73.7206, -52.5723 ], [ -73.6902, -52.5819 ], [ -73.8045, -52.5485 ], [ -73.753, -52.5817 ], [ -73.7755, -52.5938 ], [ -73.749, -52.5851 ], [ -73.7233, -52.6066 ], [ -73.7425, -52.5833 ], [ -73.7018, -52.5903 ], [ -73.7173, -52.6456 ], [ -73.7492, -52.6788 ], [ -73.7552, -52.6644 ], [ -73.8088, -52.7007 ], [ -73.7538, -52.6879 ], [ -73.7957, -52.722 ], [ -73.8453, -52.721 ], [ -73.8342, -52.7017 ], [ -73.8652, -52.708 ], [ -73.8542, -52.7283 ], [ -73.8328, -52.7279 ], [ -73.9052, -52.753 ], [ -73.9373, -52.7057 ], [ -73.8617, -52.6698 ], [ -73.9047, -52.6795 ], [ -73.8139, -52.5981 ], [ -73.914, -52.6678 ], [ -73.9505, -52.6816 ], [ -73.9661, -52.6659 ], [ -73.8384, -52.5713 ], [ -73.9039, -52.5994 ], [ -73.8959, -52.5756 ], [ -73.9711, -52.6259 ], [ -73.9809, -52.5981 ], [ -73.9866, -52.6159 ], [ -73.9797, -52.6252 ], [ -73.9681, -52.6276 ], [ -74.0077, -52.6369 ], [ -73.999, -52.6512 ], [ -74.0442, -52.6305 ], [ -74.0722, -52.6418 ], [ -74.0207, -52.6115 ], [ -74.0327, -52.5911 ], [ -73.9817, -52.5777 ], [ -73.9983, -52.5585 ], [ -73.9586, -52.5604 ], [ -73.9515, -52.5441 ], [ -73.9771, -52.554 ], [ -73.9994, -52.5333 ], [ -73.8951, -52.4923 ], [ -73.9282, -52.5322 ], [ -73.8687, -52.5142 ], [ -73.8842, -52.5395 ], [ -73.8401, -52.5328 ], [ -73.8745, -52.5068 ], [ -73.8139, -52.4732 ], [ -73.8406, -52.4522 ], [ -73.8065, -52.4377 ], [ -73.772, -52.4555 ], [ -73.7828, -52.4432 ], [ -73.76, -52.4402 ], [ -73.7871, -52.4332 ], [ -73.7255, -52.4198 ] ] ], [ [ [ -73.883, -52.4049 ], [ -73.844, -52.4293 ], [ -73.8506, -52.4556 ], [ -73.8657, -52.4481 ], [ -73.9165, -52.4828 ], [ -73.9661, -52.4768 ], [ -73.9458, -52.4626 ], [ -73.9829, -52.4702 ], [ -73.883, -52.4049 ] ] ], [ [ [ -74.6342, -52.3397 ], [ -74.5931, -52.3506 ], [ -74.584, -52.3805 ], [ -74.6839, -52.3927 ], [ -74.7009, -52.3699 ], [ -74.6342, -52.3397 ] ] ], [ [ [ -70.705, -54.3524 ], [ -70.6629, -54.3625 ], [ -70.6493, -54.3373 ], [ -70.5752, -54.3551 ], [ -70.6775, -54.4406 ], [ -70.7075, -54.4346 ], [ -70.683, -54.4615 ], [ -70.7827, -54.5798 ], [ -70.7549, -54.577 ], [ -70.7635, -54.6229 ], [ -70.717, -54.5514 ], [ -70.6661, -54.586 ], [ -70.6707, -54.6056 ], [ -70.6205, -54.607 ], [ -70.7058, -54.5366 ], [ -70.6763, -54.5296 ], [ -70.6911, -54.5192 ], [ -70.644, -54.4465 ], [ -70.5575, -54.4015 ], [ -70.4354, -54.4756 ], [ -70.4666, -54.4833 ], [ -70.3314, -54.5092 ], [ -70.3225, -54.5193 ], [ -70.3551, -54.5156 ], [ -70.2336, -54.5882 ], [ -70.1904, -54.5841 ], [ -70.2689, -54.5575 ], [ -70.3066, -54.5265 ], [ -70.3009, -54.5015 ], [ -70.1399, -54.5604 ], [ -70.104, -54.5565 ], [ -70.1995, -54.5239 ], [ -70.1753, -54.5147 ], [ -70.4069, -54.4517 ], [ -70.4536, -54.4163 ], [ -70.4336, -54.3935 ], [ -70.5108, -54.3905 ], [ -70.5125, -54.3562 ], [ -70.4894, -54.3482 ], [ -70.5273, -54.3023 ], [ -70.8731, -54.2562 ], [ -70.9137, -54.1704 ], [ -70.8584, -54.1673 ], [ -70.9376, -54.1178 ], [ -70.8294, -54.1416 ], [ -70.5022, -54.2839 ], [ -70.4656, -54.2787 ], [ -70.398, -54.3139 ], [ -70.392, -54.3002 ], [ -70.3294, -54.3231 ], [ -70.3132, -54.3484 ], [ -70.2779, -54.3426 ], [ -70.2695, -54.3563 ], [ -70.3016, -54.3594 ], [ -70.2034, -54.3731 ], [ -70.2166, -54.3991 ], [ -70.1313, -54.4371 ], [ -70.1114, -54.4317 ], [ -70.1574, -54.4005 ], [ -70.1379, -54.4003 ], [ -70.1478, -54.3863 ], [ -70.0364, -54.3842 ], [ -70.1463, -54.3688 ], [ -70.2023, -54.3387 ], [ -70.1979, -54.3154 ], [ -70.1194, -54.3025 ], [ -70.0819, -54.2541 ], [ -69.9867, -54.2691 ], [ -69.9673, -54.3055 ], [ -69.9345, -54.3092 ], [ -69.9785, -54.3281 ], [ -69.9501, -54.3313 ], [ -69.9308, -54.3619 ], [ -69.9702, -54.3809 ], [ -69.952, -54.398 ], [ -69.9027, -54.3767 ], [ -69.8767, -54.4073 ], [ -69.9119, -54.4362 ], [ -69.8573, -54.4186 ], [ -69.816, -54.4494 ], [ -69.889, -54.4772 ], [ -69.8586, -54.4885 ], [ -69.9103, -54.5176 ], [ -69.8728, -54.5193 ], [ -69.7997, -54.4671 ], [ -69.7464, -54.5184 ], [ -69.8639, -54.5837 ], [ -69.7721, -54.5441 ], [ -69.73, -54.581 ], [ -69.7666, -54.6046 ], [ -69.721, -54.5882 ], [ -69.7488, -54.5444 ], [ -69.7121, -54.5041 ], [ -69.801, -54.4265 ], [ -69.8292, -54.3454 ], [ -69.8692, -54.3216 ], [ -69.8458, -54.2876 ], [ -69.739, -54.3096 ], [ -69.6107, -54.3654 ], [ -69.637, -54.3938 ], [ -69.6051, -54.4032 ], [ -69.6427, -54.4512 ], [ -69.5852, -54.4993 ], [ -69.5641, -54.4828 ], [ -69.6021, -54.452 ], [ -69.5671, -54.4256 ], [ -69.6012, -54.4033 ], [ -69.5582, -54.4186 ], [ -69.5592, -54.4363 ], [ -69.4927, -54.4418 ], [ -69.5358, -54.4317 ], [ -69.5539, -54.4055 ], [ -69.5484, -54.3408 ], [ -69.4556, -54.3461 ], [ -69.3927, -54.3939 ], [ -69.1993, -54.4513 ], [ -69.2066, -54.4903 ], [ -69.2565, -54.4991 ], [ -69.2601, -54.5203 ], [ -69.3489, -54.5701 ], [ -69.3656, -54.6099 ], [ -69.4055, -54.612 ], [ -69.3775, -54.6189 ], [ -69.4093, -54.6503 ], [ -69.5147, -54.675 ], [ -69.4684, -54.6874 ], [ -69.3833, -54.6464 ], [ -69.343, -54.7229 ], [ -69.3361, -54.69 ], [ -69.377, -54.6394 ], [ -69.3283, -54.6281 ], [ -69.2873, -54.5647 ], [ -69.216, -54.5247 ], [ -69.1723, -54.5646 ], [ -69.1292, -54.5708 ], [ -69.1741, -54.5079 ], [ -69.1318, -54.4515 ], [ -68.9556, -54.4767 ], [ -68.9967, -54.4577 ], [ -68.9632, -54.4464 ], [ -69.1631, -54.3842 ], [ -69.1531, -54.3699 ], [ -69.6603, -54.2121 ], [ -69.921, -54.1631 ], [ -69.9017, -54.1537 ], [ -70.0758, -54.0678 ], [ -70.0413, -54.0565 ], [ -70.1369, -53.9373 ], [ -70.1744, -53.8342 ], [ -70.1707, -53.7734 ], [ -70.1348, -53.7449 ], [ -69.9594, -53.7106 ], [ -69.9069, -53.6612 ], [ -69.7805, -53.6664 ], [ -69.6708, -53.6456 ], [ -69.3574, -53.5237 ], [ -69.3107, -53.4842 ], [ -69.3169, -53.4383 ], [ -69.3708, -53.3576 ], [ -69.5741, -53.3463 ], [ -69.8859, -53.3794 ], [ -70.2141, -53.4772 ], [ -70.2834, -53.4504 ], [ -70.3283, -53.3953 ], [ -70.4479, -53.3743 ], [ -70.4397, -53.3129 ], [ -70.3659, -53.3017 ], [ -70.4643, -53.3039 ], [ -70.4176, -53.0126 ], [ -70.3212, -52.9679 ], [ -70.3413, -53.0068 ], [ -70.3113, -53.0355 ], [ -70.3413, -53.066 ], [ -70.2472, -53.0624 ], [ -70.1382, -53.0139 ], [ -70.0893, -52.9276 ], [ -70.12, -52.8873 ], [ -70.2346, -52.8815 ], [ -70.2989, -52.9122 ], [ -70.2587, -52.8623 ], [ -70.2798, -52.8043 ], [ -70.3237, -52.7815 ], [ -70.4371, -52.7805 ], [ -70.3309, -52.7441 ], [ -70.1416, -52.7307 ], [ -70.0428, -52.8178 ], [ -69.9802, -52.8466 ], [ -69.9201, -52.845 ], [ -69.8365, -52.7858 ], [ -69.747, -52.7765 ], [ -69.6989, -52.7516 ], [ -69.5914, -52.6481 ], [ -69.6021, -52.5446 ], [ -69.4302, -52.4529 ], [ -69.3794, -52.4725 ], [ -69.2096, -52.6667 ], [ -69.1255, -52.6994 ], [ -68.7956, -52.5821 ], [ -68.7852, -52.6072 ], [ -68.7564, -52.5451 ], [ -68.6067, -52.659 ], [ -68.6091, -54.8928 ], [ -68.6596, -54.8962 ], [ -68.7054, -54.8574 ], [ -68.8299, -54.8302 ], [ -68.8205, -54.8596 ], [ -68.7026, -54.9032 ], [ -68.7267, -54.9247 ], [ -68.842, -54.9537 ], [ -69.0821, -54.9655 ], [ -69.2301, -54.9164 ], [ -69.4047, -54.8987 ], [ -69.3817, -54.8734 ], [ -69.4631, -54.8917 ], [ -69.6532, -54.8455 ], [ -69.6485, -54.803 ], [ -69.5847, -54.7733 ], [ -69.6188, -54.7316 ], [ -69.6119, -54.774 ], [ -69.6654, -54.801 ], [ -69.6706, -54.738 ], [ -69.7054, -54.7035 ], [ -69.6727, -54.778 ], [ -69.7172, -54.8139 ], [ -69.6866, -54.7911 ], [ -69.6888, -54.8368 ], [ -69.7648, -54.8345 ], [ -69.7491, -54.8206 ], [ -69.7538, -54.7785 ], [ -69.7304, -54.7766 ], [ -69.7276, -54.7654 ], [ -69.784, -54.7268 ], [ -69.7357, -54.7722 ], [ -69.766, -54.7804 ], [ -69.769, -54.8342 ], [ -69.9209, -54.8463 ], [ -69.9761, -54.729 ], [ -69.9371, -54.679 ], [ -69.9877, -54.726 ], [ -69.9504, -54.8503 ], [ -70.0909, -54.8638 ], [ -70.0686, -54.793 ], [ -70.091, -54.8208 ], [ -70.1552, -54.7923 ], [ -70.0984, -54.8382 ], [ -70.1505, -54.8618 ], [ -70.2337, -54.8364 ], [ -70.168, -54.8741 ], [ -70.3207, -54.8603 ], [ -70.3323, -54.8086 ], [ -70.2504, -54.7597 ], [ -70.2265, -54.7074 ], [ -70.1708, -54.6963 ], [ -70.2363, -54.702 ], [ -70.2283, -54.687 ], [ -70.3135, -54.7525 ], [ -70.296, -54.763 ], [ -70.3287, -54.7856 ], [ -70.3501, -54.845 ], [ -70.5989, -54.7869 ], [ -70.5634, -54.7855 ], [ -70.5822, -54.7754 ], [ -70.6214, -54.7852 ], [ -70.5966, -54.8054 ], [ -70.6367, -54.8077 ], [ -70.6456, -54.8263 ], [ -70.5949, -54.8238 ], [ -70.5563, -54.85 ], [ -70.5446, -54.828 ], [ -70.4844, -54.8252 ], [ -70.4158, -54.8379 ], [ -70.3678, -54.8712 ], [ -70.6126, -54.9108 ], [ -70.6593, -54.8894 ], [ -70.67, -54.9101 ], [ -70.6868, -54.8774 ], [ -70.7303, -54.8815 ], [ -70.7421, -54.8628 ], [ -70.711, -54.8422 ], [ -70.7695, -54.8249 ], [ -70.7852, -54.8468 ], [ -70.8517, -54.8259 ], [ -70.803, -54.7981 ], [ -70.822, -54.773 ], [ -70.7263, -54.7667 ], [ -70.7312, -54.7344 ], [ -70.7651, -54.7611 ], [ -70.9474, -54.7524 ], [ -70.8992, -54.7135 ], [ -70.8499, -54.7199 ], [ -70.8252, -54.6942 ], [ -70.7664, -54.6861 ], [ -70.8417, -54.69 ], [ -70.8502, -54.7024 ], [ -70.8823, -54.6732 ], [ -70.9168, -54.6708 ], [ -70.9002, -54.6914 ], [ -70.9581, -54.6998 ], [ -70.9158, -54.7028 ], [ -70.9895, -54.7562 ], [ -70.9893, -54.796 ], [ -71.0268, -54.7725 ], [ -71.0293, -54.7546 ], [ -70.9886, -54.7405 ], [ -71.0016, -54.7188 ], [ -70.9594, -54.7178 ], [ -70.9933, -54.7111 ], [ -70.967, -54.6755 ], [ -71.0252, -54.7086 ], [ -70.9866, -54.6798 ], [ -71.0182, -54.6864 ], [ -70.9259, -54.6159 ], [ -70.9755, -54.6343 ], [ -71.0443, -54.6124 ], [ -71.026, -54.6388 ], [ -71.0564, -54.6592 ], [ -71.1113, -54.6479 ], [ -71.1481, -54.6961 ], [ -71.2165, -54.6961 ], [ -71.2107, -54.6648 ], [ -71.2679, -54.6793 ], [ -71.3009, -54.643 ], [ -71.2497, -54.6273 ], [ -71.2171, -54.6455 ], [ -71.1376, -54.6225 ], [ -71.2005, -54.6335 ], [ -71.1839, -54.6056 ], [ -71.1986, -54.5988 ], [ -71.2074, -54.6232 ], [ -71.2503, -54.6185 ], [ -71.2684, -54.5952 ], [ -71.249, -54.5711 ], [ -71.2954, -54.5896 ], [ -71.3234, -54.5669 ], [ -71.2994, -54.5478 ], [ -71.3404, -54.5184 ], [ -71.3233, -54.5818 ], [ -71.3828, -54.5497 ], [ -71.4206, -54.5683 ], [ -71.3422, -54.5867 ], [ -71.3315, -54.6218 ], [ -71.3705, -54.6327 ], [ -71.3448, -54.5913 ], [ -71.4157, -54.6053 ], [ -71.3831, -54.6266 ], [ -71.4002, -54.6535 ], [ -71.4253, -54.6566 ], [ -71.4228, -54.6299 ], [ -71.4503, -54.6288 ], [ -71.4388, -54.6507 ], [ -71.4804, -54.6445 ], [ -71.4535, -54.6675 ], [ -71.4935, -54.6852 ], [ -71.5172, -54.6327 ], [ -71.4761, -54.5818 ], [ -71.5232, -54.5973 ], [ -71.538, -54.6576 ], [ -71.5365, -54.6434 ], [ -71.5966, -54.6441 ], [ -71.5684, -54.6099 ], [ -71.6276, -54.633 ], [ -71.5601, -54.5825 ], [ -71.6041, -54.6039 ], [ -71.6238, -54.571 ], [ -71.6208, -54.6051 ], [ -71.6638, -54.6175 ], [ -71.6419, -54.6362 ], [ -71.662, -54.6595 ], [ -71.6858, -54.6545 ], [ -71.6846, -54.6067 ], [ -71.6561, -54.611 ], [ -71.6725, -54.6016 ], [ -71.6363, -54.5815 ], [ -71.6964, -54.6022 ], [ -71.7919, -54.5715 ], [ -71.714, -54.6078 ], [ -71.7325, -54.5998 ], [ -71.7613, -54.6245 ], [ -71.7807, -54.607 ], [ -71.8591, -54.5883 ], [ -71.803, -54.6079 ], [ -71.7869, -54.635 ], [ -71.8239, -54.6477 ], [ -71.8791, -54.6234 ], [ -71.8734, -54.6427 ], [ -71.9106, -54.6467 ], [ -71.9755, -54.6022 ], [ -71.9451, -54.5909 ], [ -71.8647, -54.6076 ], [ -71.9415, -54.5661 ], [ -71.8993, -54.547 ], [ -71.9314, -54.5428 ], [ -71.9582, -54.5664 ], [ -71.987, -54.5481 ], [ -71.9799, -54.5261 ], [ -72.0178, -54.5159 ], [ -71.9925, -54.506 ], [ -71.9476, -54.5332 ], [ -71.997, -54.4914 ], [ -71.9217, -54.5138 ], [ -71.9728, -54.4896 ], [ -71.9518, -54.4728 ], [ -71.9723, -54.4779 ], [ -71.9928, -54.4544 ], [ -71.9741, -54.4636 ], [ -71.9512, -54.4429 ], [ -71.9249, -54.4622 ], [ -71.9031, -54.4441 ], [ -71.8836, -54.5055 ], [ -71.8842, -54.4626 ], [ -71.8433, -54.4657 ], [ -71.8118, -54.5393 ], [ -71.6609, -54.5728 ], [ -71.723, -54.5112 ], [ -71.7593, -54.5103 ], [ -71.7541, -54.4889 ], [ -71.7087, -54.4835 ], [ -71.6144, -54.538 ], [ -71.5175, -54.5473 ], [ -71.6412, -54.5146 ], [ -71.707, -54.4701 ], [ -71.8556, -54.4481 ], [ -71.8654, -54.4349 ], [ -71.8206, -54.4272 ], [ -71.8738, -54.4171 ], [ -71.7251, -54.3971 ], [ -71.7034, -54.418 ], [ -71.7286, -54.4265 ], [ -71.7066, -54.4228 ], [ -71.5968, -54.4941 ], [ -71.5252, -54.5163 ], [ -71.5261, -54.4797 ], [ -71.427, -54.4917 ], [ -71.5844, -54.4572 ], [ -71.6133, -54.3952 ], [ -71.4957, -54.4366 ], [ -71.5176, -54.4057 ], [ -71.5388, -54.4096 ], [ -71.5025, -54.3955 ], [ -71.4659, -54.4372 ], [ -71.3804, -54.431 ], [ -71.3655, -54.462 ], [ -71.3549, -54.4381 ], [ -71.3014, -54.4374 ], [ -71.3115, -54.4223 ], [ -71.3599, -54.4327 ], [ -71.4238, -54.4004 ], [ -71.404, -54.3765 ], [ -71.3837, -54.389 ], [ -71.3548, -54.3667 ], [ -71.3159, -54.391 ], [ -71.2388, -54.389 ], [ -71.1855, -54.4335 ], [ -71.1467, -54.414 ], [ -70.9968, -54.4556 ], [ -70.9842, -54.431 ], [ -70.9166, -54.4305 ], [ -70.9355, -54.3696 ], [ -70.8779, -54.3543 ], [ -70.8792, -54.336 ], [ -70.7332, -54.3338 ], [ -70.733, -54.3702 ], [ -70.705, -54.3524 ] ], [ [ -71.9373, -54.6037 ], [ -71.9266, -54.6024 ], [ -71.9243, -54.6006 ], [ -71.9373, -54.6037 ] ], [ [ -70.812, -54.5939 ], [ -70.825, -54.5958 ], [ -70.8316, -54.5979 ], [ -70.833, -54.5985 ], [ -70.8358, -54.6 ], [ -70.8439, -54.6118 ], [ -70.812, -54.5939 ] ], [ [ -69.7099, -54.8151 ], [ -69.7108, -54.8188 ], [ -69.7042, -54.8147 ], [ -69.7099, -54.8151 ] ], [ [ -69.3829, -54.8973 ], [ -69.3803, -54.8979 ], [ -69.3805, -54.8974 ], [ -69.3829, -54.8973 ] ], [ [ -68.6351, -54.8851 ], [ -68.6364, -54.8865 ], [ -68.634, -54.8864 ], [ -68.6351, -54.8851 ] ], [ [ -68.6929, -54.5933 ], [ -68.692, -54.593 ], [ -68.6931, -54.5932 ], [ -68.6929, -54.5933 ] ], [ [ -68.924, -54.4838 ], [ -68.9133, -54.4832 ], [ -68.9433, -54.4792 ], [ -68.924, -54.4838 ] ], [ [ -68.9528, -54.4796 ], [ -68.948, -54.4782 ], [ -68.9433, -54.4788 ], [ -68.9528, -54.4796 ] ], [ [ -70.1393, -53.8739 ], [ -70.1531, -53.8717 ], [ -70.132, -53.8817 ], [ -70.1393, -53.8739 ] ], [ [ -70.1443, -53.8639 ], [ -70.1535, -53.863 ], [ -70.1441, -53.8656 ], [ -70.1443, -53.8639 ] ], [ [ -70.2812, -52.7952 ], [ -70.2792, -52.7902 ], [ -70.287, -52.792 ], [ -70.2812, -52.7952 ] ], [ [ -69.4485, -54.3656 ], [ -69.4417, -54.3648 ], [ -69.4513, -54.3638 ], [ -69.4485, -54.3656 ] ], [ [ -69.4676, -54.3592 ], [ -69.4518, -54.3572 ], [ -69.4722, -54.3533 ], [ -69.4676, -54.3592 ] ], [ [ -69.4789, -54.3537 ], [ -69.476, -54.3554 ], [ -69.4754, -54.3526 ], [ -69.4789, -54.3537 ] ], [ [ -69.4571, -54.3504 ], [ -69.4625, -54.3517 ], [ -69.4542, -54.3523 ], [ -69.4571, -54.3504 ] ], [ [ -69.4778, -54.3508 ], [ -69.4755, -54.3484 ], [ -69.4791, -54.3503 ], [ -69.4778, -54.3508 ] ], [ [ -69.4503, -54.3536 ], [ -69.4506, -54.3551 ], [ -69.4491, -54.3549 ], [ -69.4503, -54.3536 ] ], [ [ -69.4488, -54.3553 ], [ -69.4498, -54.3587 ], [ -69.4426, -54.3576 ], [ -69.4488, -54.3553 ] ], [ [ -69.4401, -54.3594 ], [ -69.44, -54.3618 ], [ -69.4383, -54.3615 ], [ -69.4401, -54.3594 ] ] ], [ [ [ -74.8906, -52.2517 ], [ -74.8413, -52.2933 ], [ -74.8467, -52.3235 ], [ -74.8789, -52.3091 ], [ -74.8563, -52.282 ], [ -74.9277, -52.2781 ], [ -74.9151, -52.2511 ], [ -74.8906, -52.2517 ] ] ], [ [ [ -74.5702, -52.2342 ], [ -74.5364, -52.2669 ], [ -74.5594, -52.315 ], [ -74.5903, -52.3032 ], [ -74.5703, -52.2828 ], [ -74.6023, -52.3075 ], [ -74.6131, -52.2968 ], [ -74.5702, -52.2342 ] ] ], [ [ [ -74.1669, -52.2276 ], [ -74.071, -52.2946 ], [ -73.9647, -52.345 ], [ -73.9627, -52.3863 ], [ -74.0003, -52.3547 ], [ -73.9779, -52.3929 ], [ -74.0251, -52.3659 ], [ -74.0046, -52.3906 ], [ -74.034, -52.3855 ], [ -74.0454, -52.4087 ], [ -74.057, -52.3974 ], [ -74.109, -52.4225 ], [ -74.0816, -52.4053 ], [ -74.1003, -52.399 ], [ -74.1224, -52.4195 ], [ -74.132, -52.4056 ], [ -74.1555, -52.4149 ], [ -74.1164, -52.3806 ], [ -74.1772, -52.4117 ], [ -74.1584, -52.3728 ], [ -74.1792, -52.3684 ], [ -74.1227, -52.3341 ], [ -74.1385, -52.3277 ], [ -74.2445, -52.3747 ], [ -74.2022, -52.3446 ], [ -74.2379, -52.3592 ], [ -74.2047, -52.3326 ], [ -74.225, -52.3318 ], [ -74.1297, -52.3062 ], [ -74.2051, -52.2919 ], [ -74.1502, -52.2797 ], [ -74.2111, -52.2648 ], [ -74.1669, -52.2276 ] ], [ [ -74.1047, -52.3482 ], [ -74.1073, -52.3524 ], [ -74.1007, -52.3445 ], [ -74.1047, -52.3482 ] ] ], [ [ [ -74.5913, -52.2085 ], [ -74.5912, -52.243 ], [ -74.6368, -52.2879 ], [ -74.6147, -52.3091 ], [ -74.6937, -52.3041 ], [ -74.6496, -52.3242 ], [ -74.6983, -52.3374 ], [ -74.7751, -52.3201 ], [ -74.7788, -52.2936 ], [ -74.812, -52.2864 ], [ -74.7781, -52.2643 ], [ -74.8097, -52.2777 ], [ -74.8337, -52.2505 ], [ -74.8638, -52.2637 ], [ -74.911, -52.2269 ], [ -74.8797, -52.2002 ], [ -74.8346, -52.1975 ], [ -74.769, -52.2501 ], [ -74.6814, -52.2788 ], [ -74.671, -52.2335 ], [ -74.6456, -52.2515 ], [ -74.643, -52.224 ], [ -74.5913, -52.2085 ] ] ], [ [ [ -74.229, -52.2117 ], [ -74.2137, -52.2274 ], [ -74.26, -52.255 ], [ -74.2888, -52.2492 ], [ -74.2349, -52.2206 ], [ -74.3004, -52.2463 ], [ -74.3252, -52.2353 ], [ -74.229, -52.2117 ] ] ], [ [ [ -73.7452, -52.2094 ], [ -73.6766, -52.2527 ], [ -73.6884, -52.2793 ], [ -73.7649, -52.2508 ], [ -73.7638, -52.2331 ], [ -73.7131, -52.2481 ], [ -73.7558, -52.2269 ], [ -73.7452, -52.2094 ] ] ], [ [ [ -74.4015, -52.151 ], [ -74.3486, -52.1896 ], [ -74.304, -52.1915 ], [ -74.3545, -52.2138 ], [ -74.3322, -52.1921 ], [ -74.3585, -52.2027 ], [ -74.3831, -52.184 ], [ -74.4652, -52.2088 ], [ -74.4438, -52.1675 ], [ -74.4015, -52.151 ] ] ], [ [ [ -73.91, -52.1419 ], [ -73.8099, -52.1814 ], [ -73.7961, -52.2349 ], [ -73.8375, -52.1987 ], [ -73.9304, -52.1674 ], [ -73.91, -52.1419 ] ] ], [ [ [ -74.5757, -52.0857 ], [ -74.5474, -52.1056 ], [ -74.6098, -52.1235 ], [ -74.5952, -52.1411 ], [ -74.6329, -52.1563 ], [ -74.6297, -52.1919 ], [ -74.6827, -52.1769 ], [ -74.6632, -52.2125 ], [ -74.7179, -52.201 ], [ -74.7098, -52.2174 ], [ -74.7534, -52.2134 ], [ -74.7949, -52.1727 ], [ -74.6481, -52.108 ], [ -74.6205, -52.1188 ], [ -74.626, -52.1016 ], [ -74.5757, -52.0857 ] ] ], [ [ [ -74.2757, -52.0934 ], [ -74.1833, -52.1293 ], [ -74.0523, -52.2171 ], [ -73.9566, -52.3153 ], [ -73.9418, -52.3254 ], [ -73.9709, -52.2901 ], [ -73.9016, -52.3393 ], [ -73.9171, -52.3485 ], [ -73.9024, -52.3631 ], [ -74.0624, -52.2891 ], [ -74.1385, -52.2369 ], [ -74.1194, -52.2294 ], [ -74.1529, -52.2264 ], [ -74.1391, -52.2134 ], [ -74.223, -52.2034 ], [ -74.1858, -52.1887 ], [ -74.0516, -52.236 ], [ -74.2353, -52.1697 ], [ -74.2241, -52.1521 ], [ -74.3004, -52.1487 ], [ -74.2671, -52.1644 ], [ -74.2897, -52.1781 ], [ -74.239, -52.169 ], [ -74.1975, -52.1872 ], [ -74.2461, -52.2 ], [ -74.3594, -52.1758 ], [ -74.3853, -52.1446 ], [ -74.4277, -52.1466 ], [ -74.3973, -52.13 ], [ -74.3232, -52.1394 ], [ -74.3382, -52.12 ], [ -74.2757, -52.0934 ] ] ], [ [ [ -74.2091, -52.0819 ], [ -74.1943, -52.0971 ], [ -74.1106, -52.0847 ], [ -74.0698, -52.0983 ], [ -74.0247, -52.1324 ], [ -74.0595, -52.1404 ], [ -74.0665, -52.1686 ], [ -74.0401, -52.1449 ], [ -74.016, -52.1543 ], [ -74.01, -52.1353 ], [ -73.9991, -52.1716 ], [ -73.8933, -52.1961 ], [ -73.7519, -52.2739 ], [ -73.7481, -52.3195 ], [ -73.7745, -52.3154 ], [ -73.7818, -52.3433 ], [ -73.7648, -52.3471 ], [ -73.7601, -52.3215 ], [ -73.738, -52.3319 ], [ -73.7213, -52.4197 ], [ -73.7591, -52.4037 ], [ -73.7602, -52.4213 ], [ -73.7908, -52.4094 ], [ -73.8071, -52.4218 ], [ -73.8766, -52.3907 ], [ -73.8482, -52.3828 ], [ -73.8705, -52.377 ], [ -73.8505, -52.3548 ], [ -73.7541, -52.3561 ], [ -73.974, -52.274 ], [ -74.0449, -52.1963 ], [ -74.0789, -52.1911 ], [ -74.0597, -52.1733 ], [ -74.1113, -52.1731 ], [ -74.1446, -52.1489 ], [ -74.1106, -52.1329 ], [ -74.1571, -52.1348 ], [ -74.2362, -52.1006 ], [ -74.2091, -52.0819 ] ] ], [ [ [ -74.3495, -52.0572 ], [ -74.2981, -52.088 ], [ -74.3552, -52.1111 ], [ -74.3759, -52.0828 ], [ -74.3495, -52.0572 ] ] ], [ [ [ -74.0249, -52.0655 ], [ -73.9722, -52.0807 ], [ -73.9266, -52.1046 ], [ -73.9743, -52.1276 ], [ -74.0249, -52.0655 ] ] ], [ [ [ -74.4453, -52.0233 ], [ -74.4259, -52.0354 ], [ -74.5411, -52.1001 ], [ -74.5514, -52.0797 ], [ -74.4453, -52.0233 ] ] ], [ [ [ -74.4947, -51.9424 ], [ -74.5003, -51.9661 ], [ -74.457, -51.9542 ], [ -74.4892, -51.9812 ], [ -74.4538, -51.9874 ], [ -74.4834, -52.0179 ], [ -74.5336, -52.0086 ], [ -74.4926, -52.0301 ], [ -74.5327, -52.0521 ], [ -74.5515, -52.0425 ], [ -74.554, -52.0641 ], [ -74.5964, -52.0798 ], [ -74.6088, -52.0421 ], [ -74.6187, -52.0863 ], [ -74.661, -52.1055 ], [ -74.6663, -52.0769 ], [ -74.7058, -52.1163 ], [ -74.6742, -52.0272 ], [ -74.6103, -51.9858 ], [ -74.6041, -52.0095 ], [ -74.5598, -52.0176 ], [ -74.5897, -51.9788 ], [ -74.5544, -51.9512 ], [ -74.4947, -51.9424 ] ] ], [ [ [ -74.0428, -51.9019 ], [ -73.9752, -51.9384 ], [ -73.9946, -51.9983 ], [ -73.9616, -51.9553 ], [ -73.9392, -51.9776 ], [ -73.957, -51.9408 ], [ -73.8012, -52.0295 ], [ -73.6915, -52.1414 ], [ -73.715, -52.1522 ], [ -73.6888, -52.1644 ], [ -73.7016, -52.1806 ], [ -73.6726, -52.1672 ], [ -73.6418, -52.2247 ], [ -73.6874, -52.2171 ], [ -73.8786, -52.1148 ], [ -73.8526, -52.0904 ], [ -73.818, -52.0951 ], [ -73.8324, -52.0324 ], [ -73.8481, -52.0471 ], [ -73.8997, -52.0237 ], [ -73.825, -52.0692 ], [ -73.8806, -52.1081 ], [ -74.0928, -52.0289 ], [ -74.0839, -52.0063 ], [ -73.9025, -52.0731 ], [ -74.0724, -51.9983 ], [ -74.087, -51.9514 ], [ -74.0551, -51.9646 ], [ -74.098, -51.9252 ], [ -74.0738, -51.9012 ], [ -74.0617, -51.9208 ], [ -74.0428, -51.9019 ] ] ], [ [ [ -73.7877, -51.8935 ], [ -73.7875, -51.9148 ], [ -73.6887, -51.9758 ], [ -73.7461, -52.0248 ], [ -73.8628, -51.9419 ], [ -73.8218, -51.9469 ], [ -73.8416, -51.9378 ], [ -73.8065, -51.9326 ], [ -73.7877, -51.8935 ] ] ], [ [ [ -74.7241, -51.8336 ], [ -74.6937, -51.8536 ], [ -74.7114, -51.8718 ], [ -74.6634, -51.8491 ], [ -74.6626, -51.8723 ], [ -74.6869, -51.8684 ], [ -74.6651, -51.8879 ], [ -74.6046, -51.8417 ], [ -74.6177, -51.8834 ], [ -74.5846, -51.8398 ], [ -74.5744, -51.8529 ], [ -74.6164, -51.9125 ], [ -74.6712, -51.9267 ], [ -74.6489, -51.9452 ], [ -74.6674, -51.9608 ], [ -74.6302, -51.9592 ], [ -74.6801, -51.9635 ], [ -74.7004, -51.9795 ], [ -74.6816, -51.9911 ], [ -74.7162, -51.9978 ], [ -74.6922, -52.0112 ], [ -74.6744, -51.9801 ], [ -74.6366, -51.9693 ], [ -74.6343, -51.9907 ], [ -74.6965, -52.0218 ], [ -74.7057, -52.0656 ], [ -74.7311, -52.0668 ], [ -74.7075, -52.0843 ], [ -74.7361, -52.0748 ], [ -74.7419, -52.121 ], [ -74.7437, -52.0985 ], [ -74.7668, -52.1166 ], [ -74.8113, -52.1015 ], [ -74.7753, -52.1342 ], [ -74.8508, -52.1661 ], [ -74.8897, -52.1422 ], [ -74.8414, -52.0743 ], [ -74.7482, -52.0409 ], [ -74.7829, -52.0475 ], [ -74.7767, -52.0168 ], [ -74.7896, -52.0432 ], [ -74.8057, -52.0342 ], [ -74.7888, -52.0535 ], [ -74.8305, -52.0615 ], [ -74.8084, -51.9803 ], [ -74.7496, -51.9643 ], [ -74.8059, -51.9741 ], [ -74.7241, -51.8336 ] ] ], [ [ [ -74.5439, -51.8249 ], [ -74.5333, -51.8731 ], [ -74.5854, -51.9155 ], [ -74.5335, -51.89 ], [ -74.5362, -51.9074 ], [ -74.5769, -51.9379 ], [ -74.6002, -51.9318 ], [ -74.5962, -51.9462 ], [ -74.6473, -51.9373 ], [ -74.5949, -51.899 ], [ -74.584, -51.9092 ], [ -74.5763, -51.8643 ], [ -74.5439, -51.8249 ] ] ], [ [ [ -74.9317, -51.8075 ], [ -74.9261, -51.8389 ], [ -74.8906, -51.8522 ], [ -74.9154, -51.8563 ], [ -74.9204, -51.8811 ], [ -74.8833, -51.867 ], [ -74.9229, -51.8955 ], [ -74.9329, -51.9273 ], [ -74.89, -51.889 ], [ -74.8864, -51.9117 ], [ -74.8687, -51.8726 ], [ -74.8592, -51.9426 ], [ -74.844, -51.8676 ], [ -74.7843, -51.8649 ], [ -74.7797, -51.8778 ], [ -74.7935, -51.9058 ], [ -74.8116, -51.8974 ], [ -74.801, -51.9312 ], [ -74.8259, -51.9212 ], [ -74.81, -51.9469 ], [ -74.8549, -51.96 ], [ -74.8065, -51.9513 ], [ -74.8398, -51.9804 ], [ -74.8192, -51.9858 ], [ -74.8803, -51.9833 ], [ -74.8278, -51.9917 ], [ -74.8364, -52.0227 ], [ -74.9132, -52.0077 ], [ -74.8488, -52.0357 ], [ -74.8922, -52.0515 ], [ -74.858, -52.0598 ], [ -74.8705, -52.0914 ], [ -74.9492, -52.1332 ], [ -74.9109, -52.0839 ], [ -74.9139, -52.0373 ], [ -74.9524, -52.1308 ], [ -75.0016, -52.1445 ], [ -74.999, -52.0999 ], [ -74.944, -52.103 ], [ -74.9666, -52.0876 ], [ -74.9392, -52.0521 ], [ -75.0089, -52.0938 ], [ -74.9486, -52.0391 ], [ -75.0214, -52.0747 ], [ -75.0006, -52.0286 ], [ -75.0454, -52.0557 ], [ -75.0637, -52.019 ], [ -75.042, -51.9816 ], [ -74.9434, -51.9546 ], [ -75.0093, -51.9536 ], [ -74.9317, -51.8075 ] ] ], [ [ [ -72.8951, -51.8727 ], [ -72.8842, -51.8976 ], [ -72.9497, -51.9482 ], [ -72.9972, -52.0545 ], [ -73.1104, -52.0869 ], [ -73.1315, -52.0308 ], [ -73.0861, -51.9513 ], [ -72.9868, -51.9014 ], [ -72.9476, -51.8925 ], [ -72.9268, -51.9063 ], [ -72.8951, -51.8727 ] ], [ [ -72.8973, -51.8774 ], [ -72.8947, -51.8792 ], [ -72.8943, -51.8772 ], [ -72.8973, -51.8774 ] ] ], [ [ [ -73.759, -51.8254 ], [ -73.7005, -51.8879 ], [ -73.7105, -51.9493 ], [ -73.8015, -51.8515 ], [ -73.759, -51.8254 ] ] ], [ [ [ -74.6585, -51.7655 ], [ -74.6395, -51.7881 ], [ -74.6591, -51.8109 ], [ -74.6273, -51.7885 ], [ -74.6286, -51.817 ], [ -74.6002, -51.8101 ], [ -74.6407, -51.8524 ], [ -74.7298, -51.8166 ], [ -74.7219, -51.7903 ], [ -74.685, -51.7886 ], [ -74.6682, -51.7647 ], [ -74.6651, -51.7882 ], [ -74.6585, -51.7655 ] ] ], [ [ [ -74.158, -51.7615 ], [ -74.0158, -51.8255 ], [ -74.0475, -51.8509 ], [ -74.1253, -51.7821 ], [ -74.1616, -51.7766 ], [ -74.158, -51.7615 ] ] ], [ [ [ -74.983, -51.7191 ], [ -74.9495, -51.7815 ], [ -74.9845, -51.7836 ], [ -74.9815, -51.7986 ], [ -74.9526, -51.7967 ], [ -74.9824, -51.8346 ], [ -74.9951, -51.9004 ], [ -75.0753, -51.9008 ], [ -75.054, -51.9184 ], [ -75.1006, -51.9273 ], [ -75.1012, -51.8758 ], [ -75.0614, -51.8551 ], [ -75.127, -51.8242 ], [ -75.0787, -51.8027 ], [ -75.0926, -51.7832 ], [ -75.0542, -51.7281 ], [ -74.983, -51.7191 ] ] ], [ [ [ -74.4933, -51.71 ], [ -74.4228, -51.73 ], [ -74.4262, -51.7452 ], [ -74.3633, -51.7394 ], [ -74.3327, -51.756 ], [ -74.3723, -51.784 ], [ -74.3206, -51.7628 ], [ -74.3038, -51.7846 ], [ -74.3259, -51.7911 ], [ -74.2726, -51.7791 ], [ -74.3055, -51.808 ], [ -74.281, -51.8423 ], [ -74.2874, -51.8191 ], [ -74.2357, -51.8139 ], [ -74.1932, -51.8279 ], [ -74.1943, -51.8523 ], [ -74.1756, -51.8358 ], [ -74.1459, -51.847 ], [ -74.1393, -51.8837 ], [ -74.1897, -51.8978 ], [ -74.1527, -51.891 ], [ -74.1394, -51.9058 ], [ -74.129, -51.8839 ], [ -74.1143, -51.9009 ], [ -74.0889, -51.8752 ], [ -74.0546, -51.8841 ], [ -74.0853, -51.9024 ], [ -74.1034, -51.9298 ], [ -74.1022, -51.9834 ], [ -74.1652, -51.9634 ], [ -74.1648, -51.9426 ], [ -74.2081, -51.9559 ], [ -74.257, -51.9378 ], [ -74.2274, -51.917 ], [ -74.2937, -51.9206 ], [ -74.263, -51.9034 ], [ -74.2729, -51.8949 ], [ -74.2943, -51.9084 ], [ -74.3567, -51.9 ], [ -74.4143, -51.8458 ], [ -74.3703, -51.8158 ], [ -74.3963, -51.816 ], [ -74.3989, -51.7956 ], [ -74.4172, -51.8197 ], [ -74.4573, -51.7702 ], [ -74.4174, -51.7737 ], [ -74.4634, -51.7555 ], [ -74.4933, -51.71 ] ] ], [ [ [ -74.6641, -51.6974 ], [ -74.7013, -51.7164 ], [ -74.6784, -51.7121 ], [ -74.6701, -51.7322 ], [ -74.7181, -51.7866 ], [ -74.7241, -51.7102 ], [ -74.6641, -51.6974 ] ] ], [ [ [ -74.8555, -51.6256 ], [ -74.7682, -51.6564 ], [ -74.7867, -51.6894 ], [ -74.7571, -51.6779 ], [ -74.7822, -51.6979 ], [ -74.7538, -51.7258 ], [ -74.8002, -51.7585 ], [ -74.7516, -51.7377 ], [ -74.747, -51.8036 ], [ -74.7801, -51.7879 ], [ -74.7828, -51.8075 ], [ -74.7566, -51.8078 ], [ -74.7507, -51.8279 ], [ -74.7813, -51.8627 ], [ -74.8525, -51.8494 ], [ -74.8326, -51.8173 ], [ -74.8408, -51.7954 ], [ -74.8491, -51.8134 ], [ -74.8684, -51.8054 ], [ -74.8759, -51.7664 ], [ -74.8521, -51.7604 ], [ -74.8326, -51.7801 ], [ -74.8414, -51.7548 ], [ -74.8063, -51.7776 ], [ -74.9319, -51.6598 ], [ -74.919, -51.6383 ], [ -74.8555, -51.6256 ] ] ], [ [ [ -73.9281, -51.6504 ], [ -73.9099, -51.6649 ], [ -73.8881, -51.6554 ], [ -73.8748, -51.6932 ], [ -73.8339, -51.6855 ], [ -73.8228, -51.7108 ], [ -73.8558, -51.7328 ], [ -73.8517, -51.7572 ], [ -73.7981, -51.7361 ], [ -73.8167, -51.7209 ], [ -73.7767, -51.7207 ], [ -73.7788, -51.7411 ], [ -73.7453, -51.7736 ], [ -73.8088, -51.7945 ], [ -73.7738, -51.8014 ], [ -73.7928, -51.8141 ], [ -73.8502, -51.7909 ], [ -73.8162, -51.764 ], [ -73.8604, -51.7791 ], [ -73.8722, -51.7199 ], [ -73.8867, -51.7355 ], [ -73.9255, -51.7085 ], [ -73.9281, -51.6504 ] ] ], [ [ [ -74.0529, -51.53 ], [ -74.031, -51.5667 ], [ -74.0782, -51.5611 ], [ -74.0273, -51.5785 ], [ -74.0221, -51.6405 ], [ -73.9834, -51.6828 ], [ -74.0189, -51.6838 ], [ -73.9727, -51.7018 ], [ -74.0171, -51.7047 ], [ -74.0584, -51.7265 ], [ -74.0158, -51.7085 ], [ -73.9922, -51.7319 ], [ -73.9521, -51.7319 ], [ -73.961, -51.7153 ], [ -73.9408, -51.7256 ], [ -73.9079, -51.7734 ], [ -73.9563, -51.8038 ], [ -73.9039, -51.7842 ], [ -73.9116, -51.7955 ], [ -73.8159, -51.8431 ], [ -73.788, -51.8841 ], [ -73.827, -51.8978 ], [ -73.8032, -51.9104 ], [ -73.8404, -51.903 ], [ -73.8189, -51.9232 ], [ -73.8819, -51.9095 ], [ -73.8532, -51.9031 ], [ -73.8793, -51.8849 ], [ -73.8785, -51.8988 ], [ -73.9575, -51.8917 ], [ -73.9231, -51.861 ], [ -73.9617, -51.8397 ], [ -73.9408, -51.8324 ], [ -73.9852, -51.8219 ], [ -73.9437, -51.8084 ], [ -74.0857, -51.787 ], [ -74.1552, -51.7498 ], [ -74.1361, -51.7347 ], [ -74.1944, -51.7456 ], [ -74.2482, -51.7213 ], [ -74.1906, -51.722 ], [ -74.2379, -51.7058 ], [ -74.2151, -51.698 ], [ -74.2429, -51.6885 ], [ -74.2318, -51.6761 ], [ -74.1619, -51.6993 ], [ -74.1979, -51.6612 ], [ -74.1583, -51.67 ], [ -74.1716, -51.6482 ], [ -74.1502, -51.669 ], [ -74.0822, -51.6802 ], [ -74.134, -51.6668 ], [ -74.0975, -51.6469 ], [ -74.1431, -51.6246 ], [ -74.1499, -51.6137 ], [ -74.1048, -51.6248 ], [ -74.1497, -51.5927 ], [ -74.0953, -51.6026 ], [ -74.1238, -51.5954 ], [ -74.1199, -51.5869 ], [ -74.0638, -51.6146 ], [ -74.0891, -51.5952 ], [ -74.0493, -51.5934 ], [ -74.0813, -51.59 ], [ -74.1189, -51.5452 ], [ -74.0567, -51.5534 ], [ -74.0529, -51.53 ] ], [ [ -74.1036, -51.64 ], [ -74.1064, -51.6381 ], [ -74.1173, -51.6348 ], [ -74.1036, -51.64 ] ] ], [ [ [ -74.9098, -51.4666 ], [ -74.8928, -51.549 ], [ -74.9327, -51.5556 ], [ -74.9198, -51.5333 ], [ -74.9392, -51.5516 ], [ -74.9316, -51.5247 ], [ -74.9924, -51.5433 ], [ -74.9919, -51.4976 ], [ -74.9098, -51.4666 ] ] ], [ [ [ -74.6777, -51.3317 ], [ -74.6592, -51.3494 ], [ -74.6676, -51.3632 ], [ -74.6887, -51.35 ], [ -74.6666, -51.3807 ], [ -74.6843, -51.4362 ], [ -74.7529, -51.4491 ], [ -74.6777, -51.3317 ] ] ], [ [ [ -75.1206, -51.2482 ], [ -75.0962, -51.2858 ], [ -75.142, -51.3905 ], [ -75.0811, -51.2947 ], [ -75.0208, -51.3324 ], [ -75.0247, -51.32 ], [ -74.9916, -51.3248 ], [ -74.9761, -51.3163 ], [ -74.9928, -51.3369 ], [ -74.9766, -51.3621 ], [ -74.991, -51.3782 ], [ -75.0281, -51.3588 ], [ -74.9976, -51.3817 ], [ -75.0097, -51.4087 ], [ -75.0391, -51.3708 ], [ -75.0763, -51.3642 ], [ -75.0396, -51.4093 ], [ -75.0596, -51.4199 ], [ -75.0822, -51.3926 ], [ -75.0849, -51.4446 ], [ -75.1118, -51.4304 ], [ -75.0901, -51.4804 ], [ -75.1191, -51.4735 ], [ -75.1509, -51.4087 ], [ -75.1312, -51.5154 ], [ -75.1649, -51.5954 ], [ -75.2255, -51.5602 ], [ -75.1842, -51.6112 ], [ -75.2139, -51.629 ], [ -75.2828, -51.6198 ], [ -75.3122, -51.6419 ], [ -75.3488, -51.5867 ], [ -75.3174, -51.5675 ], [ -75.3362, -51.5344 ], [ -75.2981, -51.5317 ], [ -75.2899, -51.5079 ], [ -75.2624, -51.5242 ], [ -75.2498, -51.4993 ], [ -75.1957, -51.4862 ], [ -75.2351, -51.4434 ], [ -75.2019, -51.4268 ], [ -75.2221, -51.4017 ], [ -75.1927, -51.3784 ], [ -75.1483, -51.388 ], [ -75.1574, -51.3657 ], [ -75.1829, -51.3755 ], [ -75.2223, -51.3336 ], [ -75.1885, -51.3228 ], [ -75.1784, -51.2904 ], [ -75.1572, -51.3053 ], [ -75.1206, -51.2482 ] ] ], [ [ [ -74.214, -51.288 ], [ -74.1325, -51.3193 ], [ -74.112, -51.364 ], [ -74.1804, -51.3429 ], [ -74.2111, -51.3547 ], [ -74.195, -51.3739 ], [ -74.1607, -51.3679 ], [ -74.1844, -51.3643 ], [ -74.1682, -51.3516 ], [ -74.1251, -51.385 ], [ -74.1426, -51.3634 ], [ -74.1145, -51.3751 ], [ -74.077, -51.436 ], [ -74.1035, -51.4547 ], [ -74.1408, -51.4094 ], [ -74.1762, -51.4273 ], [ -74.1399, -51.4137 ], [ -74.1578, -51.4423 ], [ -74.1661, -51.4301 ], [ -74.1851, -51.4417 ], [ -74.188, -51.4196 ], [ -74.2087, -51.4293 ], [ -74.1945, -51.4089 ], [ -74.2366, -51.4115 ], [ -74.2185, -51.3896 ], [ -74.1711, -51.3833 ], [ -74.225, -51.3857 ], [ -74.2626, -51.3509 ], [ -74.245, -51.345 ], [ -74.2573, -51.3048 ], [ -74.214, -51.288 ] ] ], [ [ [ -74.9327, -51.2272 ], [ -74.8692, -51.251 ], [ -74.9922, -51.3206 ], [ -75.0481, -51.3028 ], [ -75.0489, -51.2599 ], [ -74.9613, -51.277 ], [ -74.9994, -51.2552 ], [ -74.9275, -51.2567 ], [ -74.9687, -51.2358 ], [ -74.9327, -51.2272 ] ], [ [ -75.0018, -51.2758 ], [ -75.0083, -51.2734 ], [ -75.0171, -51.2863 ], [ -75.0018, -51.2758 ] ] ], [ [ [ -73.8001, -51.2473 ], [ -73.7253, -51.3038 ], [ -73.7318, -51.3786 ], [ -73.7807, -51.3609 ], [ -73.8473, -51.3673 ], [ -73.8735, -51.3454 ], [ -73.7972, -51.306 ], [ -73.8748, -51.3263 ], [ -73.8985, -51.2927 ], [ -73.8001, -51.2473 ] ] ], [ [ [ -74.0992, -51.2313 ], [ -73.9545, -51.2308 ], [ -73.9238, -51.3344 ], [ -73.9626, -51.3465 ], [ -73.9731, -51.3118 ], [ -73.9686, -51.3511 ], [ -74.0307, -51.3867 ], [ -74.0872, -51.3363 ], [ -74.068, -51.311 ], [ -74.0911, -51.3222 ], [ -74.1066, -51.2899 ], [ -74.0992, -51.2313 ] ], [ [ -73.9896, -51.3401 ], [ -74.015, -51.3537 ], [ -74.0156, -51.3672 ], [ -73.9896, -51.3401 ] ], [ [ -74.0147, -51.3707 ], [ -74.0185, -51.3702 ], [ -74.0176, -51.3742 ], [ -74.0147, -51.3707 ] ] ], [ [ [ -74.6069, -51.189 ], [ -74.5141, -51.251 ], [ -74.5107, -51.3019 ], [ -74.5388, -51.2678 ], [ -74.5233, -51.2578 ], [ -74.5571, -51.2388 ], [ -74.5279, -51.3151 ], [ -74.581, -51.2668 ], [ -74.6728, -51.2447 ], [ -74.6257, -51.2638 ], [ -74.637, -51.2794 ], [ -74.6082, -51.2696 ], [ -74.5742, -51.2892 ], [ -74.585, -51.3277 ], [ -74.5607, -51.3167 ], [ -74.5417, -51.3304 ], [ -74.5804, -51.3533 ], [ -74.541, -51.3368 ], [ -74.521, -51.3566 ], [ -74.5444, -51.3868 ], [ -74.6142, -51.4081 ], [ -74.6207, -51.3592 ], [ -74.645, -51.3621 ], [ -74.6703, -51.3266 ], [ -74.6567, -51.3006 ], [ -74.6849, -51.3187 ], [ -74.7297, -51.2936 ], [ -74.688, -51.3244 ], [ -74.7227, -51.3749 ], [ -74.744, -51.3743 ], [ -74.7366, -51.3565 ], [ -74.7544, -51.373 ], [ -74.7269, -51.3849 ], [ -74.7517, -51.4237 ], [ -74.7552, -51.3946 ], [ -74.7985, -51.41 ], [ -74.7827, -51.3876 ], [ -74.8032, -51.41 ], [ -74.7642, -51.4247 ], [ -74.8118, -51.452 ], [ -74.8418, -51.4296 ], [ -74.8911, -51.4673 ], [ -74.8867, -51.4231 ], [ -74.8908, -51.4572 ], [ -74.9084, -51.4442 ], [ -74.9687, -51.4787 ], [ -75.0304, -51.4789 ], [ -75.0413, -51.4418 ], [ -74.9967, -51.4547 ], [ -74.9846, -51.4352 ], [ -75.004, -51.4505 ], [ -75.0321, -51.4298 ], [ -74.9313, -51.4081 ], [ -74.7842, -51.328 ], [ -74.8683, -51.3656 ], [ -74.8528, -51.3408 ], [ -74.8811, -51.3682 ], [ -74.9664, -51.3843 ], [ -74.9107, -51.3701 ], [ -74.9811, -51.3444 ], [ -74.9302, -51.2918 ], [ -74.8863, -51.2759 ], [ -74.8609, -51.2764 ], [ -74.8596, -51.2947 ], [ -74.8526, -51.28 ], [ -74.8264, -51.295 ], [ -74.828, -51.2747 ], [ -74.7966, -51.2872 ], [ -74.8503, -51.2624 ], [ -74.8212, -51.2525 ], [ -74.8221, -51.2246 ], [ -74.7712, -51.2448 ], [ -74.8047, -51.2279 ], [ -74.7979, -51.2094 ], [ -74.718, -51.2313 ], [ -74.7497, -51.2107 ], [ -74.7194, -51.1893 ], [ -74.6613, -51.2127 ], [ -74.6069, -51.189 ] ], [ [ -74.6714, -51.2784 ], [ -74.688, -51.2959 ], [ -74.6757, -51.2999 ], [ -74.6714, -51.2784 ] ], [ [ -74.7549, -51.382 ], [ -74.77, -51.3819 ], [ -74.7727, -51.3906 ], [ -74.7549, -51.382 ] ] ], [ [ [ -74.4859, -51.1898 ], [ -74.4052, -51.2298 ], [ -74.4044, -51.2573 ], [ -74.4489, -51.2235 ], [ -74.4574, -51.2398 ], [ -74.4674, -51.2216 ], [ -74.5233, -51.2229 ], [ -74.5247, -51.1952 ], [ -74.5027, -51.2131 ], [ -74.4859, -51.1898 ] ] ], [ [ [ -74.8413, -51.1655 ], [ -74.8342, -51.2006 ], [ -74.8329, -51.1768 ], [ -74.8008, -51.1864 ], [ -74.8464, -51.2446 ], [ -74.8789, -51.2196 ], [ -74.8624, -51.1964 ], [ -74.881, -51.2135 ], [ -75.0278, -51.2263 ], [ -75.0112, -51.1999 ], [ -74.9863, -51.2109 ], [ -74.9745, -51.182 ], [ -74.8413, -51.1655 ] ] ], [ [ [ -74.9353, -51.0929 ], [ -74.8285, -51.107 ], [ -74.8499, -51.1298 ], [ -74.8168, -51.1183 ], [ -74.8313, -51.1557 ], [ -74.9394, -51.1579 ], [ -75.0152, -51.1848 ], [ -74.989, -51.1124 ], [ -74.9501, -51.0933 ], [ -74.9045, -51.1273 ], [ -74.9353, -51.0929 ] ] ], [ [ [ -74.61, -51.0883 ], [ -74.5615, -51.1813 ], [ -74.5795, -51.1543 ], [ -74.599, -51.1735 ], [ -74.6317, -51.1512 ], [ -74.6523, -51.2001 ], [ -74.7048, -51.188 ], [ -74.7139, -51.1657 ], [ -74.7327, -51.1909 ], [ -74.7525, -51.1369 ], [ -74.6738, -51.151 ], [ -74.68, -51.1355 ], [ -74.61, -51.0883 ] ] ], [ [ [ -74.4653, -51.0029 ], [ -74.4251, -51.0564 ], [ -74.4618, -51.0753 ], [ -74.5, -51.0362 ], [ -74.4836, -51.0652 ], [ -74.5115, -51.0835 ], [ -74.4574, -51.0854 ], [ -74.4616, -51.0986 ], [ -74.4187, -51.1167 ], [ -74.3997, -51.0985 ], [ -74.3756, -51.1079 ], [ -74.3665, -51.1865 ], [ -74.4322, -51.1814 ], [ -74.3876, -51.2029 ], [ -74.3858, -51.2204 ], [ -74.3945, -51.2265 ], [ -74.4464, -51.1928 ], [ -74.4635, -51.1865 ], [ -74.4904, -51.1896 ], [ -74.4807, -51.1621 ], [ -74.5137, -51.181 ], [ -74.539, -51.1587 ], [ -74.5538, -51.1712 ], [ -74.5849, -51.1027 ], [ -74.5686, -51.0834 ], [ -74.5887, -51.0644 ], [ -74.4653, -51.0029 ] ], [ [ -74.3895, -51.2166 ], [ -74.3935, -51.2176 ], [ -74.3924, -51.2185 ], [ -74.3895, -51.2166 ] ] ], [ [ [ -74.9003, -50.9834 ], [ -74.8148, -50.9919 ], [ -74.8587, -51.0057 ], [ -74.8813, -51.0367 ], [ -74.9509, -51.0222 ], [ -74.9003, -50.9834 ] ] ], [ [ [ -75.0345, -50.9714 ], [ -74.9803, -50.9837 ], [ -74.9677, -50.9954 ], [ -75.0364, -51.0106 ], [ -75.0656, -50.9975 ], [ -75.0345, -50.9714 ] ] ], [ [ [ -74.3086, -50.9089 ], [ -74.2152, -51.0687 ], [ -74.2091, -51.1373 ], [ -74.1643, -51.2077 ], [ -74.2107, -51.2058 ], [ -74.2419, -51.2566 ], [ -74.3266, -50.9785 ], [ -74.283, -50.9848 ], [ -74.3095, -50.9734 ], [ -74.2971, -50.9593 ], [ -74.3244, -50.963 ], [ -74.3405, -50.9318 ], [ -74.3396, -50.9096 ], [ -74.3086, -50.9089 ] ] ], [ [ [ -74.1399, -50.7803 ], [ -74.0869, -50.8236 ], [ -74.0762, -50.8544 ], [ -74.1367, -50.8444 ], [ -74.1399, -50.7803 ] ] ], [ [ [ -74.636, -50.7096 ], [ -74.5867, -50.7298 ], [ -74.5895, -50.7553 ], [ -74.5429, -50.7336 ], [ -74.5374, -50.7701 ], [ -74.5206, -50.7383 ], [ -74.5002, -50.7722 ], [ -74.4827, -50.755 ], [ -74.4808, -50.7698 ], [ -74.4666, -50.7621 ], [ -74.4467, -50.7725 ], [ -74.4464, -50.7842 ], [ -74.4266, -50.7735 ], [ -74.4199, -50.7951 ], [ -74.4515, -50.8063 ], [ -74.4528, -50.7841 ], [ -74.4621, -50.7952 ], [ -74.4503, -50.8179 ], [ -74.4782, -50.8458 ], [ -74.4719, -50.8198 ], [ -74.4866, -50.8201 ], [ -74.5125, -50.8596 ], [ -74.4844, -50.8402 ], [ -74.4808, -50.8472 ], [ -74.4626, -50.8491 ], [ -74.443, -50.8161 ], [ -74.4221, -50.8154 ], [ -74.4248, -50.8342 ], [ -74.3993, -50.816 ], [ -74.3731, -50.8865 ], [ -74.3879, -50.9004 ], [ -74.4062, -50.8852 ], [ -74.3906, -50.903 ], [ -74.4367, -50.924 ], [ -74.4105, -50.9336 ], [ -74.4431, -50.9393 ], [ -74.4203, -50.9475 ], [ -74.3777, -50.9131 ], [ -74.3981, -50.941 ], [ -74.3742, -50.936 ], [ -74.3742, -50.9529 ], [ -74.4037, -50.9719 ], [ -74.3722, -50.9638 ], [ -74.3543, -51.028 ], [ -74.3697, -51.0371 ], [ -74.3999, -51.0123 ], [ -74.3863, -51.0433 ], [ -74.4073, -51.051 ], [ -74.3709, -51.0516 ], [ -74.3667, -51.0685 ], [ -74.3843, -51.0868 ], [ -74.4211, -51.0672 ], [ -74.4219, -51.0391 ], [ -74.4559, -50.9906 ], [ -74.5887, -51.0584 ], [ -74.594, -51.0154 ], [ -74.612, -51.0806 ], [ -74.6445, -51.1012 ], [ -74.6509, -51.0821 ], [ -74.6974, -51.1192 ], [ -74.6806, -51.0919 ], [ -74.7184, -51.1121 ], [ -74.7143, -51.0996 ], [ -74.7493, -51.098 ], [ -74.7192, -51.0901 ], [ -74.7682, -51.0734 ], [ -74.6897, -51.0661 ], [ -74.7416, -51.0558 ], [ -74.7474, -51.0343 ], [ -74.6434, -51.0316 ], [ -74.6012, -50.9577 ], [ -74.6578, -51.0085 ], [ -74.7612, -50.9895 ], [ -74.735, -51.006 ], [ -74.7779, -51.0067 ], [ -74.7604, -51.0296 ], [ -74.7963, -51.0846 ], [ -74.8357, -51.069 ], [ -74.7886, -51.0504 ], [ -74.8306, -51.0462 ], [ -74.8516, -51.0667 ], [ -74.8905, -51.0517 ], [ -74.8296, -51.0001 ], [ -74.7714, -50.9909 ], [ -74.8255, -50.9776 ], [ -74.7694, -50.9801 ], [ -74.8028, -50.9635 ], [ -74.8754, -50.9763 ], [ -74.8112, -50.9579 ], [ -74.882, -50.9432 ], [ -74.9413, -50.9936 ], [ -74.952, -50.9486 ], [ -74.9387, -50.9155 ], [ -74.8547, -50.9152 ], [ -74.9141, -50.9089 ], [ -74.9344, -50.8807 ], [ -74.8216, -50.8963 ], [ -74.8829, -50.8721 ], [ -74.7802, -50.9089 ], [ -74.6663, -50.904 ], [ -74.6811, -50.9376 ], [ -74.6412, -50.934 ], [ -74.636, -50.9556 ], [ -74.6227, -50.9176 ], [ -74.6087, -50.9542 ], [ -74.5983, -50.9036 ], [ -74.5326, -50.919 ], [ -74.5852, -50.8978 ], [ -74.5531, -50.8802 ], [ -74.6185, -50.8996 ], [ -74.5991, -50.8545 ], [ -74.6381, -50.8956 ], [ -74.6227, -50.8397 ], [ -74.6052, -50.8522 ], [ -74.6159, -50.826 ], [ -74.5666, -50.8401 ], [ -74.5758, -50.8614 ], [ -74.535, -50.847 ], [ -74.5191, -50.8109 ], [ -74.5671, -50.8294 ], [ -74.6032, -50.8084 ], [ -74.575, -50.7926 ], [ -74.6058, -50.7965 ], [ -74.6491, -50.7477 ], [ -74.6834, -50.7432 ], [ -74.6467, -50.7255 ], [ -74.656, -50.7194 ], [ -74.636, -50.7096 ] ], [ [ -74.6439, -50.716 ], [ -74.6397, -50.7167 ], [ -74.6431, -50.7145 ], [ -74.6439, -50.716 ] ], [ [ -74.6201, -50.7187 ], [ -74.6202, -50.721 ], [ -74.6186, -50.7187 ], [ -74.6201, -50.7187 ] ], [ [ -74.6071, -50.7279 ], [ -74.6117, -50.7272 ], [ -74.6127, -50.729 ], [ -74.6071, -50.7279 ] ], [ [ -74.629, -50.7266 ], [ -74.6348, -50.7267 ], [ -74.6211, -50.732 ], [ -74.629, -50.7266 ] ], [ [ -74.6536, -50.7273 ], [ -74.657, -50.7279 ], [ -74.6556, -50.7296 ], [ -74.6536, -50.7273 ] ], [ [ -74.6428, -50.745 ], [ -74.6432, -50.7434 ], [ -74.6484, -50.7441 ], [ -74.6428, -50.745 ] ], [ [ -74.6265, -50.7484 ], [ -74.635, -50.7498 ], [ -74.6245, -50.7501 ], [ -74.6265, -50.7484 ] ], [ [ -74.548, -50.7628 ], [ -74.547, -50.7677 ], [ -74.5469, -50.7628 ], [ -74.548, -50.7628 ] ], [ [ -74.4735, -50.7923 ], [ -74.5011, -50.7837 ], [ -74.5056, -50.8003 ], [ -74.4735, -50.7923 ] ], [ [ -74.4653, -50.7686 ], [ -74.4639, -50.7806 ], [ -74.4493, -50.7736 ], [ -74.4653, -50.7686 ] ], [ [ -74.405, -50.975 ], [ -74.4078, -50.9756 ], [ -74.4098, -50.9762 ], [ -74.405, -50.975 ] ], [ [ -74.6375, -51.0754 ], [ -74.6342, -51.0773 ], [ -74.6337, -51.0746 ], [ -74.6375, -51.0754 ] ] ], [ [ [ -74.8438, -50.659 ], [ -74.7793, -50.6685 ], [ -74.788, -50.6815 ], [ -74.7168, -50.6924 ], [ -74.7313, -50.7189 ], [ -74.7687, -50.7082 ], [ -74.7365, -50.7233 ], [ -74.7329, -50.7551 ], [ -74.7963, -50.7389 ], [ -74.7406, -50.7616 ], [ -74.773, -50.7768 ], [ -74.7334, -50.7658 ], [ -74.7122, -50.7832 ], [ -74.7355, -50.7991 ], [ -74.689, -50.7969 ], [ -74.6977, -50.8269 ], [ -74.7916, -50.8063 ], [ -74.6998, -50.8331 ], [ -74.738, -50.8525 ], [ -74.7103, -50.8632 ], [ -74.7231, -50.8884 ], [ -74.6744, -50.8039 ], [ -74.6363, -50.816 ], [ -74.6861, -50.9036 ], [ -74.8751, -50.8621 ], [ -74.8533, -50.8476 ], [ -74.9099, -50.8699 ], [ -74.9381, -50.8451 ], [ -74.928, -50.831 ], [ -74.893, -50.8386 ], [ -74.9167, -50.8307 ], [ -74.8706, -50.8435 ], [ -74.8856, -50.8309 ], [ -74.8556, -50.8269 ], [ -74.9315, -50.8004 ], [ -74.8439, -50.8077 ], [ -74.9484, -50.7884 ], [ -74.9462, -50.7628 ], [ -74.8732, -50.7885 ], [ -74.9328, -50.7609 ], [ -74.918, -50.7518 ], [ -74.9469, -50.7529 ], [ -74.9409, -50.7232 ], [ -74.9107, -50.7119 ], [ -74.8377, -50.726 ], [ -74.8562, -50.7436 ], [ -74.8834, -50.7385 ], [ -74.8558, -50.753 ], [ -74.8071, -50.7317 ], [ -74.9313, -50.6935 ], [ -74.9304, -50.6745 ], [ -74.9225, -50.6924 ], [ -74.8927, -50.6686 ], [ -74.817, -50.6883 ], [ -74.8136, -50.7147 ], [ -74.7745, -50.7039 ], [ -74.8438, -50.659 ] ], [ [ -74.8534, -50.6949 ], [ -74.8502, -50.6932 ], [ -74.857, -50.6953 ], [ -74.8534, -50.6949 ] ], [ [ -74.8722, -50.73 ], [ -74.8616, -50.7325 ], [ -74.8619, -50.7299 ], [ -74.8722, -50.73 ] ] ], [ [ [ -74.9705, -50.6432 ], [ -74.9681, -50.712 ], [ -75.0026, -50.737 ], [ -74.9707, -50.7329 ], [ -74.9742, -50.7868 ], [ -74.9949, -50.7915 ], [ -74.9674, -50.8007 ], [ -74.978, -50.8183 ], [ -75.0537, -50.7861 ], [ -75.063, -50.7653 ], [ -75.0359, -50.7558 ], [ -75.0643, -50.7621 ], [ -75.1034, -50.7107 ], [ -75.0641, -50.7066 ], [ -75.0329, -50.7288 ], [ -75.0265, -50.6948 ], [ -75.0545, -50.6979 ], [ -75.0668, -50.6797 ], [ -75.0455, -50.6721 ], [ -75.0458, -50.6527 ], [ -75.0351, -50.6535 ], [ -75.0303, -50.6602 ], [ -75.0155, -50.6592 ], [ -75.0153, -50.668 ], [ -75.0029, -50.6481 ], [ -75.0013, -50.6822 ], [ -74.9705, -50.6432 ] ], [ [ -75.0123, -50.6721 ], [ -75.0127, -50.6789 ], [ -75.0063, -50.6721 ], [ -75.0123, -50.6721 ] ], [ [ -75.0205, -50.6715 ], [ -75.0157, -50.6736 ], [ -75.0164, -50.6698 ], [ -75.0205, -50.6715 ] ], [ [ -75.0447, -50.6578 ], [ -75.0365, -50.6563 ], [ -75.0382, -50.6535 ], [ -75.0447, -50.6578 ] ], [ [ -75.0116, -50.7204 ], [ -75.0166, -50.7255 ], [ -75.0062, -50.7211 ], [ -75.0116, -50.7204 ] ], [ [ -75.0099, -50.7406 ], [ -75.0113, -50.7446 ], [ -75.0046, -50.7377 ], [ -75.0099, -50.7406 ] ] ], [ [ [ -74.4803, -50.5328 ], [ -74.4675, -50.552 ], [ -74.5462, -50.6101 ], [ -74.5201, -50.5369 ], [ -74.4803, -50.5328 ] ] ], [ [ [ -74.6165, -50.5085 ], [ -74.5797, -50.5324 ], [ -74.5794, -50.5499 ], [ -74.6576, -50.6087 ], [ -74.681, -50.5964 ], [ -74.6512, -50.5643 ], [ -74.6666, -50.5769 ], [ -74.6661, -50.5444 ], [ -74.69, -50.5512 ], [ -74.671, -50.5303 ], [ -74.6889, -50.5131 ], [ -74.6165, -50.5085 ] ], [ [ -74.5945, -50.5293 ], [ -74.5867, -50.5362 ], [ -74.5849, -50.5353 ], [ -74.5945, -50.5293 ] ], [ [ -74.6452, -50.5598 ], [ -74.6421, -50.5621 ], [ -74.6413, -50.5587 ], [ -74.6452, -50.5598 ] ] ], [ [ [ -75.428, -50.4732 ], [ -75.3411, -50.4727 ], [ -75.3364, -50.5126 ], [ -75.3321, -50.4743 ], [ -75.2689, -50.4859 ], [ -75.2981, -50.5304 ], [ -75.251, -50.4874 ], [ -75.2093, -50.506 ], [ -75.0602, -50.5046 ], [ -75.1313, -50.5558 ], [ -75.1731, -50.5404 ], [ -75.1517, -50.5687 ], [ -75.2392, -50.5502 ], [ -75.1674, -50.5906 ], [ -75.1949, -50.6121 ], [ -75.2127, -50.5914 ], [ -75.2056, -50.618 ], [ -75.2794, -50.5783 ], [ -75.2631, -50.5436 ], [ -75.2859, -50.5607 ], [ -75.3198, -50.5511 ], [ -75.3239, -50.5744 ], [ -75.2268, -50.6355 ], [ -75.2612, -50.6495 ], [ -75.3107, -50.6388 ], [ -75.2371, -50.6708 ], [ -75.2398, -50.6893 ], [ -75.2812, -50.6918 ], [ -75.232, -50.7092 ], [ -75.3194, -50.7105 ], [ -75.2694, -50.7159 ], [ -75.264, -50.7475 ], [ -75.2363, -50.745 ], [ -75.2724, -50.7988 ], [ -75.3188, -50.8097 ], [ -75.3141, -50.7492 ], [ -75.3211, -50.7839 ], [ -75.3752, -50.791 ], [ -75.428, -50.7633 ], [ -75.4287, -50.7448 ], [ -75.3923, -50.7367 ], [ -75.4541, -50.7378 ], [ -75.4438, -50.6986 ], [ -75.3594, -50.7012 ], [ -75.34, -50.6853 ], [ -75.3633, -50.6986 ], [ -75.3901, -50.6725 ], [ -75.5096, -50.6665 ], [ -75.4855, -50.6441 ], [ -75.3988, -50.6441 ], [ -75.4447, -50.6432 ], [ -75.4628, -50.6134 ], [ -75.4263, -50.5909 ], [ -75.3429, -50.6326 ], [ -75.3962, -50.5931 ], [ -75.3213, -50.5992 ], [ -75.4159, -50.5643 ], [ -75.4464, -50.5342 ], [ -75.4238, -50.5292 ], [ -75.4666, -50.5219 ], [ -75.4742, -50.5012 ], [ -75.4317, -50.4832 ], [ -75.4028, -50.4952 ], [ -75.428, -50.4732 ] ], [ [ -75.3469, -50.5047 ], [ -75.3567, -50.5094 ], [ -75.3547, -50.5118 ], [ -75.3469, -50.5047 ] ], [ [ -75.4207, -50.523 ], [ -75.4272, -50.5252 ], [ -75.4243, -50.5277 ], [ -75.4207, -50.523 ] ], [ [ -75.4106, -50.5386 ], [ -75.4152, -50.54 ], [ -75.415, -50.5418 ], [ -75.4106, -50.5386 ] ], [ [ -75.423, -50.5413 ], [ -75.4255, -50.5397 ], [ -75.4286, -50.5427 ], [ -75.423, -50.5413 ] ], [ [ -75.3599, -50.546 ], [ -75.3823, -50.5482 ], [ -75.3868, -50.5617 ], [ -75.3804, -50.5502 ], [ -75.3599, -50.546 ] ], [ [ -75.3918, -50.5581 ], [ -75.3941, -50.5582 ], [ -75.3938, -50.5591 ], [ -75.3918, -50.5581 ] ], [ [ -75.3221, -50.5807 ], [ -75.3319, -50.5885 ], [ -75.3281, -50.5928 ], [ -75.3221, -50.5807 ] ], [ [ -75.3479, -50.7165 ], [ -75.346, -50.7193 ], [ -75.3445, -50.7157 ], [ -75.3479, -50.7165 ] ] ], [ [ [ -75.0361, -50.4083 ], [ -75.05, -50.4224 ], [ -75.0091, -50.4205 ], [ -75.0171, -50.4636 ], [ -75.0785, -50.4787 ], [ -75.0765, -50.4588 ], [ -75.1063, -50.4541 ], [ -75.0691, -50.4092 ], [ -75.0544, -50.4142 ], [ -75.0361, -50.4083 ] ] ], [ [ [ -74.2339, -50.8482 ], [ -74.2054, -50.8113 ], [ -74.2255, -50.7782 ], [ -74.2473, -50.7848 ], [ -74.2425, -50.7507 ], [ -74.2945, -50.8138 ], [ -74.3343, -50.7631 ], [ -74.2866, -50.8467 ], [ -74.3399, -50.8473 ], [ -74.3674, -50.7975 ], [ -74.423, -50.7636 ], [ -74.375, -50.7396 ], [ -74.4399, -50.7588 ], [ -74.5049, -50.7339 ], [ -74.5004, -50.7117 ], [ -74.464, -50.71 ], [ -74.5312, -50.7013 ], [ -74.471, -50.6731 ], [ -74.493, -50.6637 ], [ -74.5485, -50.6961 ], [ -74.547, -50.6533 ], [ -74.5521, -50.6676 ], [ -74.6045, -50.6472 ], [ -74.6002, -50.6233 ], [ -74.5752, -50.6207 ], [ -74.5753, -50.6451 ], [ -74.5496, -50.6489 ], [ -74.5232, -50.5962 ], [ -74.4655, -50.5605 ], [ -74.4583, -50.5807 ], [ -74.4178, -50.5446 ], [ -74.4492, -50.5452 ], [ -74.4603, -50.5262 ], [ -74.3854, -50.5323 ], [ -74.3774, -50.5682 ], [ -74.3809, -50.5419 ], [ -74.3516, -50.5348 ], [ -74.387, -50.5161 ], [ -74.4943, -50.5126 ], [ -74.4687, -50.4771 ], [ -74.5184, -50.5157 ], [ -74.5873, -50.5082 ], [ -74.6072, -50.4958 ], [ -74.5906, -50.4766 ], [ -74.6875, -50.4933 ], [ -74.5428, -50.413 ], [ -74.4634, -50.4747 ], [ -74.4066, -50.4746 ], [ -74.3836, -50.4544 ], [ -74.3557, -50.4617 ], [ -74.3053, -50.6262 ], [ -74.2659, -50.6192 ], [ -74.2074, -50.6818 ], [ -74.2546, -50.7024 ], [ -74.2707, -50.6759 ], [ -74.2901, -50.6882 ], [ -74.3837, -50.6409 ], [ -74.4041, -50.6536 ], [ -74.2919, -50.6988 ], [ -74.2682, -50.692 ], [ -74.2566, -50.7151 ], [ -74.2902, -50.7024 ], [ -74.2506, -50.7393 ], [ -74.2543, -50.7164 ], [ -74.2076, -50.7068 ], [ -74.1718, -50.7468 ], [ -74.1445, -50.8453 ], [ -74.1827, -50.8495 ], [ -74.1841, -50.8246 ], [ -74.1917, -50.8438 ], [ -74.2339, -50.8482 ] ], [ [ -74.2442, -50.7436 ], [ -74.2482, -50.7428 ], [ -74.2437, -50.7475 ], [ -74.2442, -50.7436 ] ], [ [ -74.4697, -50.6456 ], [ -74.4557, -50.6418 ], [ -74.4583, -50.6387 ], [ -74.4697, -50.6456 ] ], [ [ -74.394, -50.5121 ], [ -74.3976, -50.5117 ], [ -74.3923, -50.5149 ], [ -74.394, -50.5121 ] ], [ [ -74.392, -50.5088 ], [ -74.3936, -50.5074 ], [ -74.396, -50.5056 ], [ -74.392, -50.5088 ] ], [ [ -74.3775, -50.4677 ], [ -74.3745, -50.463 ], [ -74.3819, -50.4633 ], [ -74.3775, -50.4677 ] ], [ [ -74.3463, -50.761 ], [ -74.339, -50.7773 ], [ -74.3327, -50.7784 ], [ -74.3463, -50.761 ] ], [ [ -74.3378, -50.7802 ], [ -74.3336, -50.7826 ], [ -74.3314, -50.7814 ], [ -74.3378, -50.7802 ] ] ], [ [ [ -75.3785, -50.3402 ], [ -75.3614, -50.3589 ], [ -75.407, -50.4092 ], [ -75.4627, -50.4311 ], [ -75.4787, -50.4025 ], [ -75.4034, -50.3824 ], [ -75.3785, -50.3402 ] ] ], [ [ [ -74.6894, -50.3499 ], [ -74.6258, -50.3589 ], [ -74.6316, -50.3757 ], [ -74.5856, -50.3614 ], [ -74.5396, -50.405 ], [ -74.58, -50.4248 ], [ -74.5989, -50.4081 ], [ -74.5906, -50.429 ], [ -74.6926, -50.4839 ], [ -74.7164, -50.4796 ], [ -74.7506, -50.516 ], [ -74.7893, -50.4837 ], [ -74.7671, -50.4333 ], [ -74.7389, -50.4621 ], [ -74.7388, -50.4251 ], [ -74.7492, -50.4258 ], [ -74.7341, -50.4091 ], [ -74.7975, -50.4294 ], [ -74.7685, -50.3986 ], [ -74.7472, -50.4119 ], [ -74.7535, -50.3817 ], [ -74.6894, -50.3499 ] ], [ [ -74.6016, -50.3891 ], [ -74.6008, -50.3951 ], [ -74.594, -50.3964 ], [ -74.6016, -50.3891 ] ], [ [ -74.5743, -50.3974 ], [ -74.5681, -50.3976 ], [ -74.5714, -50.3937 ], [ -74.5743, -50.3974 ] ], [ [ -74.5648, -50.4046 ], [ -74.5567, -50.4022 ], [ -74.5636, -50.399 ], [ -74.5648, -50.4046 ] ], [ [ -74.7549, -50.4125 ], [ -74.7569, -50.4131 ], [ -74.7556, -50.4134 ], [ -74.7549, -50.4125 ] ], [ [ -74.7368, -50.4255 ], [ -74.7354, -50.4267 ], [ -74.735, -50.4253 ], [ -74.7368, -50.4255 ] ], [ [ -74.734, -50.4293 ], [ -74.7368, -50.4288 ], [ -74.7362, -50.4303 ], [ -74.734, -50.4293 ] ], [ [ -74.7434, -50.4399 ], [ -74.7441, -50.4413 ], [ -74.7396, -50.4421 ], [ -74.7434, -50.4399 ] ] ], [ [ [ -74.9303, -50.2676 ], [ -74.8823, -50.3121 ], [ -74.921, -50.3603 ], [ -75.0221, -50.33 ], [ -75.0422, -50.3368 ], [ -75.0293, -50.3363 ], [ -75.0061, -50.3471 ], [ -75.0405, -50.3517 ], [ -75.0103, -50.3626 ], [ -75.0756, -50.3574 ], [ -75.0375, -50.3781 ], [ -74.9694, -50.3662 ], [ -74.9456, -50.3832 ], [ -74.9535, -50.395 ], [ -74.9768, -50.38 ], [ -74.9908, -50.3888 ], [ -74.9745, -50.4075 ], [ -75.0228, -50.3993 ], [ -75.0533, -50.4109 ], [ -75.1053, -50.3779 ], [ -75.1309, -50.3888 ], [ -75.0973, -50.3544 ], [ -74.9303, -50.2676 ] ], [ [ -74.9552, -50.3176 ], [ -74.9535, -50.3085 ], [ -74.9618, -50.3204 ], [ -74.9552, -50.3176 ] ], [ [ -74.9689, -50.3214 ], [ -74.9736, -50.3246 ], [ -74.9684, -50.3216 ], [ -74.9689, -50.3214 ] ], [ [ -74.9689, -50.3287 ], [ -74.9736, -50.3298 ], [ -74.9727, -50.3352 ], [ -74.9689, -50.3287 ] ], [ [ -75.117, -50.3791 ], [ -75.1134, -50.3801 ], [ -75.1165, -50.3783 ], [ -75.117, -50.3791 ] ] ], [ [ [ -74.6443, -50.2772 ], [ -74.5709, -50.2917 ], [ -74.5851, -50.3131 ], [ -74.6176, -50.2887 ], [ -74.6101, -50.3121 ], [ -74.6521, -50.3189 ], [ -74.756, -50.3078 ], [ -74.7153, -50.279 ], [ -74.6466, -50.2965 ], [ -74.6613, -50.2774 ], [ -74.6369, -50.2983 ], [ -74.6443, -50.2772 ] ], [ [ -74.7294, -50.2958 ], [ -74.7358, -50.2965 ], [ -74.7379, -50.2976 ], [ -74.7356, -50.2988 ], [ -74.7294, -50.2958 ] ], [ [ -74.7383, -50.3009 ], [ -74.7409, -50.3009 ], [ -74.7402, -50.3022 ], [ -74.7383, -50.3009 ] ], [ [ -74.748, -50.3052 ], [ -74.7487, -50.3066 ], [ -74.7474, -50.3066 ], [ -74.748, -50.3052 ] ] ], [ [ [ -74.916, -50.229 ], [ -74.8326, -50.2524 ], [ -74.8775, -50.2944 ], [ -74.9165, -50.2581 ], [ -74.916, -50.229 ] ], [ [ -74.8994, -50.2406 ], [ -74.9031, -50.2382 ], [ -74.9151, -50.2372 ], [ -74.8994, -50.2406 ] ] ], [ [ [ -74.7057, -50.0684 ], [ -74.6626, -50.0756 ], [ -74.6663, -50.0893 ], [ -74.7366, -50.1292 ], [ -74.7603, -50.0953 ], [ -74.7057, -50.0684 ] ], [ [ -74.7014, -50.0819 ], [ -74.7065, -50.0778 ], [ -74.7078, -50.079 ], [ -74.7014, -50.0819 ] ], [ [ -74.6937, -50.0791 ], [ -74.6946, -50.0791 ], [ -74.693, -50.0795 ], [ -74.6937, -50.0791 ] ], [ [ -74.717, -50.0859 ], [ -74.7192, -50.0849 ], [ -74.7192, -50.0862 ], [ -74.717, -50.0859 ] ], [ [ -74.6818, -50.0877 ], [ -74.6814, -50.0886 ], [ -74.6803, -50.0881 ], [ -74.6818, -50.0877 ] ], [ [ -74.7022, -50.0912 ], [ -74.7019, -50.0932 ], [ -74.6997, -50.0919 ], [ -74.7022, -50.0912 ] ] ], [ [ [ -75.3505, -50.0047 ], [ -75.2727, -49.9971 ], [ -75.3038, -50.0164 ], [ -75.303, -50.0603 ], [ -75.288, -50.0203 ], [ -75.2676, -50.0305 ], [ -75.2835, -50.0559 ], [ -75.2573, -50.0701 ], [ -75.221, -50.0136 ], [ -75.1427, -50.0151 ], [ -75.0899, -50.0599 ], [ -75.0981, -50.077 ], [ -75.1388, -50.074 ], [ -75.1324, -50.1022 ], [ -75.0736, -50.0711 ], [ -75.0892, -50.1093 ], [ -75.0711, -50.0767 ], [ -75.0641, -50.1294 ], [ -75.0478, -50.1101 ], [ -75.0305, -50.1398 ], [ -75.0226, -50.0944 ], [ -74.9956, -50.0966 ], [ -74.9755, -50.0636 ], [ -74.9554, -50.0675 ], [ -74.9324, -50.0982 ], [ -74.9902, -50.1562 ], [ -75.0127, -50.1384 ], [ -75.008, -50.1545 ], [ -75.0499, -50.1867 ], [ -75.0233, -50.1767 ], [ -75.0203, -50.1942 ], [ -75.0082, -50.1555 ], [ -74.9882, -50.161 ], [ -74.9544, -50.1301 ], [ -74.9613, -50.1611 ], [ -74.9325, -50.1051 ], [ -74.9115, -50.1326 ], [ -74.9559, -50.1606 ], [ -74.9457, -50.177 ], [ -74.8971, -50.1298 ], [ -74.8687, -50.1743 ], [ -74.8532, -50.1781 ], [ -74.8505, -50.1682 ], [ -74.8753, -50.1305 ], [ -74.8138, -50.1529 ], [ -74.883, -50.1213 ], [ -74.8396, -50.1208 ], [ -74.8735, -50.1029 ], [ -74.8224, -50.1107 ], [ -74.771, -50.1472 ], [ -74.7901, -50.1462 ], [ -74.7845, -50.1877 ], [ -74.8322, -50.1671 ], [ -74.8124, -50.197 ], [ -74.8818, -50.1893 ], [ -74.8135, -50.2072 ], [ -74.8314, -50.2305 ], [ -74.8829, -50.2307 ], [ -74.8293, -50.2417 ], [ -74.9137, -50.225 ], [ -74.9224, -50.2072 ], [ -74.9278, -50.2218 ], [ -74.9584, -50.2051 ], [ -74.9877, -50.2226 ], [ -74.9777, -50.2044 ], [ -75.0084, -50.2348 ], [ -75.0204, -50.2247 ], [ -75.056, -50.2692 ], [ -74.9713, -50.2171 ], [ -74.9783, -50.2325 ], [ -74.9354, -50.2325 ], [ -74.9308, -50.2479 ], [ -75.0215, -50.3016 ], [ -75.0461, -50.2802 ], [ -75.0219, -50.3063 ], [ -75.0647, -50.3099 ], [ -75.0543, -50.3259 ], [ -75.103, -50.3129 ], [ -75.0691, -50.3366 ], [ -75.1182, -50.3433 ], [ -75.1136, -50.3645 ], [ -75.1564, -50.3416 ], [ -75.1351, -50.375 ], [ -75.1713, -50.3875 ], [ -75.2032, -50.4457 ], [ -75.1762, -50.4379 ], [ -75.1535, -50.3921 ], [ -75.0779, -50.3981 ], [ -75.1137, -50.4079 ], [ -75.0995, -50.4349 ], [ -75.1551, -50.4766 ], [ -75.2675, -50.4311 ], [ -75.2384, -50.4679 ], [ -75.2744, -50.4367 ], [ -75.2852, -50.4519 ], [ -75.2836, -50.4388 ], [ -75.3407, -50.4404 ], [ -75.2907, -50.3833 ], [ -75.2486, -50.3846 ], [ -75.2787, -50.3765 ], [ -75.2668, -50.3606 ], [ -75.1902, -50.3377 ], [ -75.212, -50.3251 ], [ -75.1851, -50.2919 ], [ -75.2758, -50.3523 ], [ -75.3217, -50.3533 ], [ -75.2497, -50.3168 ], [ -75.2815, -50.321 ], [ -75.2854, -50.3006 ], [ -75.2991, -50.3199 ], [ -75.3288, -50.3121 ], [ -75.3085, -50.3242 ], [ -75.3447, -50.3507 ], [ -75.3744, -50.3417 ], [ -75.366, -50.321 ], [ -75.4182, -50.3738 ], [ -75.472, -50.363 ], [ -75.4798, -50.314 ], [ -75.4429, -50.2964 ], [ -75.4621, -50.2699 ], [ -75.398, -50.2596 ], [ -75.4406, -50.2275 ], [ -75.4086, -50.2032 ], [ -75.4182, -50.1661 ], [ -75.3699, -50.1437 ], [ -75.247, -50.1833 ], [ -75.3072, -50.2061 ], [ -75.349, -50.1916 ], [ -75.3617, -50.2093 ], [ -75.3295, -50.2285 ], [ -75.2741, -50.2212 ], [ -75.2717, -50.2543 ], [ -75.2275, -50.2433 ], [ -75.2066, -50.2695 ], [ -75.1336, -50.2559 ], [ -75.1682, -50.2417 ], [ -75.1616, -50.2109 ], [ -75.0973, -50.1587 ], [ -75.0943, -50.1303 ], [ -75.1137, -50.1544 ], [ -75.1412, -50.1268 ], [ -75.1586, -50.1468 ], [ -75.1379, -50.1619 ], [ -75.1325, -50.1384 ], [ -75.122, -50.1636 ], [ -75.1732, -50.1799 ], [ -75.187, -50.1445 ], [ -75.2316, -50.1607 ], [ -75.2561, -50.1249 ], [ -75.2836, -50.145 ], [ -75.2962, -50.1267 ], [ -75.339, -50.125 ], [ -75.3534, -50.0797 ], [ -75.4068, -50.0697 ], [ -75.388, -50.0614 ], [ -75.4171, -50.0259 ], [ -75.368, -50.0007 ], [ -75.3616, -50.0366 ], [ -75.3505, -50.0047 ] ], [ [ -75.3727, -50.162 ], [ -75.3616, -50.1645 ], [ -75.3656, -50.16 ], [ -75.3727, -50.162 ] ], [ [ -75.3314, -50.3225 ], [ -75.3352, -50.3245 ], [ -75.327, -50.3219 ], [ -75.3314, -50.3225 ] ], [ [ -75.2832, -50.447 ], [ -75.2824, -50.4475 ], [ -75.2816, -50.4462 ], [ -75.2832, -50.447 ] ], [ [ -75.2613, -50.4508 ], [ -75.262, -50.4527 ], [ -75.2557, -50.456 ], [ -75.2613, -50.4508 ] ], [ [ -75.2554, -50.4572 ], [ -75.254, -50.458 ], [ -75.2525, -50.4578 ], [ -75.2554, -50.4572 ] ], [ [ -75.1282, -50.3499 ], [ -75.1274, -50.3523 ], [ -75.1261, -50.3508 ], [ -75.1282, -50.3499 ] ], [ [ -75.0122, -50.2572 ], [ -75.004, -50.2581 ], [ -75.0052, -50.2541 ], [ -75.0122, -50.2572 ] ], [ [ -74.8399, -50.1814 ], [ -74.8392, -50.184 ], [ -74.8298, -50.185 ], [ -74.8399, -50.1814 ] ], [ [ -74.8382, -50.1869 ], [ -74.8365, -50.1891 ], [ -74.8349, -50.1908 ], [ -74.8382, -50.1869 ] ], [ [ -74.8447, -50.1795 ], [ -74.8343, -50.178 ], [ -74.8467, -50.1766 ], [ -74.8447, -50.1795 ] ], [ [ -74.8543, -50.1269 ], [ -74.8509, -50.1286 ], [ -74.8521, -50.1264 ], [ -74.8543, -50.1269 ] ], [ [ -74.8573, -50.176 ], [ -74.8581, -50.1755 ], [ -74.8582, -50.1758 ], [ -74.8573, -50.176 ] ] ], [ [ [ -75.5392, -49.7009 ], [ -75.5732, -49.6916 ], [ -75.5802, -49.6982 ], [ -75.5788, -49.6454 ], [ -75.6111, -49.6378 ], [ -75.5987, -49.6237 ], [ -75.5675, -49.6247 ], [ -75.5647, -49.6023 ], [ -75.522, -49.5906 ], [ -75.5219, -49.5813 ], [ -75.5144, -49.6027 ], [ -75.4717, -49.5882 ], [ -75.4524, -49.6133 ], [ -75.4371, -49.5952 ], [ -75.4659, -49.5908 ], [ -75.4445, -49.5688 ], [ -75.4332, -49.5889 ], [ -75.3585, -49.615 ], [ -75.3522, -49.5716 ], [ -75.2754, -49.6641 ], [ -75.2888, -49.6944 ], [ -75.2756, -49.6769 ], [ -75.1565, -49.8387 ], [ -75.1539, -49.8959 ], [ -75.1714, -49.8732 ], [ -75.2177, -49.8735 ], [ -75.2778, -49.8104 ], [ -75.2425, -49.882 ], [ -75.2905, -49.8828 ], [ -75.3479, -49.8544 ], [ -75.3816, -49.808 ], [ -75.3516, -49.7581 ], [ -75.3204, -49.7618 ], [ -75.3557, -49.7511 ], [ -75.3544, -49.6865 ], [ -75.3793, -49.7479 ], [ -75.5057, -49.7854 ], [ -75.6112, -49.8484 ], [ -75.5987, -49.8201 ], [ -75.6329, -49.7627 ], [ -75.5731, -49.7353 ], [ -75.5395, -49.7423 ], [ -75.5277, -49.7393 ], [ -75.4865, -49.716 ], [ -75.4781, -49.6994 ], [ -75.5091, -49.7249 ], [ -75.5392, -49.7009 ] ], [ [ -75.5474, -49.6981 ], [ -75.5461, -49.6988 ], [ -75.5458, -49.6988 ], [ -75.5474, -49.6981 ] ], [ [ -75.508, -49.7031 ], [ -75.5072, -49.7035 ], [ -75.508, -49.7027 ], [ -75.508, -49.7031 ] ], [ [ -75.505, -49.7082 ], [ -75.5043, -49.7084 ], [ -75.5048, -49.7077 ], [ -75.505, -49.7082 ] ], [ [ -75.4663, -49.7084 ], [ -75.4645, -49.7092 ], [ -75.4653, -49.7075 ], [ -75.4663, -49.7084 ] ], [ [ -75.48, -49.7158 ], [ -75.4798, -49.7165 ], [ -75.4797, -49.7159 ], [ -75.48, -49.7158 ] ], [ [ -75.5548, -49.7378 ], [ -75.5555, -49.7374 ], [ -75.5548, -49.7379 ], [ -75.5548, -49.7378 ] ], [ [ -75.555, -49.7366 ], [ -75.5555, -49.7366 ], [ -75.5548, -49.737 ], [ -75.555, -49.7366 ] ], [ [ -75.6108, -49.7612 ], [ -75.6117, -49.7619 ], [ -75.611, -49.7622 ], [ -75.6108, -49.7612 ] ], [ [ -75.363, -49.7145 ], [ -75.3609, -49.7149 ], [ -75.3617, -49.7139 ], [ -75.363, -49.7145 ] ], [ [ -75.1648, -49.8675 ], [ -75.1624, -49.8701 ], [ -75.1626, -49.8673 ], [ -75.1648, -49.8675 ] ], [ [ -75.5998, -49.637 ], [ -75.6005, -49.6368 ], [ -75.6004, -49.6372 ], [ -75.5998, -49.637 ] ], [ [ -75.5514, -49.6195 ], [ -75.5525, -49.6194 ], [ -75.5515, -49.6199 ], [ -75.5514, -49.6195 ] ], [ [ -75.5503, -49.6181 ], [ -75.551, -49.618 ], [ -75.5507, -49.6185 ], [ -75.5503, -49.6181 ] ], [ [ -75.5565, -49.609 ], [ -75.5575, -49.6089 ], [ -75.5572, -49.6095 ], [ -75.5565, -49.609 ] ], [ [ -75.4173, -49.5879 ], [ -75.4179, -49.5882 ], [ -75.4174, -49.5885 ], [ -75.4173, -49.5879 ] ], [ [ -75.4186, -49.5864 ], [ -75.417, -49.5858 ], [ -75.4182, -49.5858 ], [ -75.4186, -49.5864 ] ], [ [ -75.4168, -49.5852 ], [ -75.4177, -49.5846 ], [ -75.4177, -49.5853 ], [ -75.4168, -49.5852 ] ], [ [ -75.541, -49.5951 ], [ -75.5416, -49.5946 ], [ -75.5418, -49.5948 ], [ -75.541, -49.5951 ] ], [ [ -75.5435, -49.5948 ], [ -75.5431, -49.5943 ], [ -75.5436, -49.5939 ], [ -75.5435, -49.5948 ] ], [ [ -75.5493, -49.6999 ], [ -75.5486, -49.7006 ], [ -75.5485, -49.7004 ], [ -75.5493, -49.6999 ] ] ], [ [ [ -74.4522, -49.5131 ], [ -74.4168, -49.5389 ], [ -74.4399, -49.5966 ], [ -74.4683, -49.5298 ], [ -74.4522, -49.5131 ] ] ], [ [ [ -75.5226, -49.4318 ], [ -75.4938, -49.4524 ], [ -75.4791, -49.4342 ], [ -75.4635, -49.4663 ], [ -75.4391, -49.4514 ], [ -75.4412, -49.5219 ], [ -75.5341, -49.4634 ], [ -75.5435, -49.444 ], [ -75.5226, -49.4318 ] ], [ [ -75.5239, -49.4389 ], [ -75.5237, -49.4394 ], [ -75.5235, -49.4388 ], [ -75.5239, -49.4389 ] ], [ [ -75.5271, -49.4412 ], [ -75.5278, -49.4433 ], [ -75.5241, -49.4422 ], [ -75.5271, -49.4412 ] ], [ [ -75.5205, -49.4416 ], [ -75.5209, -49.4433 ], [ -75.5197, -49.4432 ], [ -75.5205, -49.4416 ] ], [ [ -75.5114, -49.4433 ], [ -75.5158, -49.4438 ], [ -75.5133, -49.4463 ], [ -75.5114, -49.4433 ] ], [ [ -75.5161, -49.4475 ], [ -75.5151, -49.4492 ], [ -75.5141, -49.4467 ], [ -75.5161, -49.4475 ] ], [ [ -75.5112, -49.4473 ], [ -75.5101, -49.448 ], [ -75.5108, -49.4471 ], [ -75.5112, -49.4473 ] ], [ [ -75.5178, -49.4498 ], [ -75.5187, -49.4481 ], [ -75.52, -49.4505 ], [ -75.5178, -49.4498 ] ], [ [ -75.5194, -49.4555 ], [ -75.5312, -49.4588 ], [ -75.5227, -49.4627 ], [ -75.5194, -49.4555 ] ], [ [ -75.5102, -49.452 ], [ -75.5111, -49.4532 ], [ -75.5104, -49.4538 ], [ -75.5102, -49.452 ] ], [ [ -75.5067, -49.4524 ], [ -75.5062, -49.4535 ], [ -75.5055, -49.4523 ], [ -75.5067, -49.4524 ] ], [ [ -75.5133, -49.4531 ], [ -75.514, -49.4523 ], [ -75.5139, -49.4534 ], [ -75.5133, -49.4531 ] ], [ [ -75.5236, -49.4492 ], [ -75.5211, -49.4489 ], [ -75.521, -49.4474 ], [ -75.5236, -49.4492 ] ] ], [ [ [ -75.5148, -49.3722 ], [ -75.5134, -49.3825 ], [ -75.5027, -49.387 ], [ -75.4966, -49.4056 ], [ -75.4664, -49.401 ], [ -75.466, -49.4273 ], [ -75.5013, -49.4262 ], [ -75.5043, -49.4091 ], [ -75.5445, -49.4173 ], [ -75.547, -49.3928 ], [ -75.5148, -49.3722 ] ], [ [ -75.5216, -49.3814 ], [ -75.5172, -49.3811 ], [ -75.5203, -49.38 ], [ -75.5216, -49.3814 ] ], [ [ -75.5076, -49.3883 ], [ -75.5047, -49.3916 ], [ -75.5045, -49.3886 ], [ -75.5076, -49.3883 ] ], [ [ -75.5301, -49.3985 ], [ -75.5214, -49.4115 ], [ -75.5133, -49.4032 ], [ -75.5301, -49.3985 ] ], [ [ -75.5029, -49.405 ], [ -75.504, -49.4058 ], [ -75.5027, -49.4055 ], [ -75.5029, -49.405 ] ], [ [ -75.4716, -49.4175 ], [ -75.4701, -49.4184 ], [ -75.4698, -49.4169 ], [ -75.4716, -49.4175 ] ], [ [ -75.4723, -49.4202 ], [ -75.472, -49.4213 ], [ -75.4714, -49.4205 ], [ -75.4723, -49.4202 ] ] ], [ [ [ -74.3818, -49.4137 ], [ -74.3105, -49.4562 ], [ -74.2328, -49.5489 ], [ -74.3807, -49.6359 ], [ -74.4169, -49.6122 ], [ -74.4237, -49.5947 ], [ -74.4093, -49.5802 ], [ -74.4164, -49.5729 ], [ -74.4043, -49.5397 ], [ -74.3975, -49.5363 ], [ -74.438, -49.5021 ], [ -74.3818, -49.4137 ] ], [ [ -74.3956, -49.5485 ], [ -74.4016, -49.5428 ], [ -74.4005, -49.5493 ], [ -74.3956, -49.5485 ] ], [ [ -74.3857, -49.5971 ], [ -74.3864, -49.5981 ], [ -74.3843, -49.598 ], [ -74.3857, -49.5971 ] ] ], [ [ [ -75.2111, -49.1634 ], [ -75.1339, -49.173 ], [ -75.127, -49.2007 ], [ -75.0397, -49.2341 ], [ -75.1619, -49.2392 ], [ -75.2152, -49.1902 ], [ -75.2111, -49.1634 ] ] ], [ [ [ -75.6209, -48.9742 ], [ -75.5043, -49.0037 ], [ -75.4558, -49.0381 ], [ -75.4699, -49.0614 ], [ -75.5212, -49.0736 ], [ -75.5399, -49.0497 ], [ -75.6037, -49.0497 ], [ -75.6207, -49.0137 ], [ -75.6916, -49.0152 ], [ -75.6699, -48.982 ], [ -75.6209, -48.9742 ] ] ], [ [ [ -75.0753, -48.9813 ], [ -75.0245, -49.0272 ], [ -74.9519, -49.0375 ], [ -74.9415, -49.0961 ], [ -74.9426, -48.9994 ], [ -74.8241, -49.0763 ], [ -74.8317, -49.1168 ], [ -74.8893, -49.148 ], [ -74.8297, -49.1213 ], [ -74.8682, -49.2861 ], [ -74.9201, -49.2632 ], [ -74.9097, -49.2401 ], [ -74.9544, -49.2403 ], [ -75.0007, -49.1778 ], [ -75.0495, -49.1557 ], [ -75.0311, -49.1499 ], [ -75.0402, -49.1389 ], [ -75.0642, -49.1528 ], [ -75.1784, -49.1417 ], [ -75.1403, -49.1125 ], [ -75.0709, -49.1101 ], [ -75.1256, -49.1032 ], [ -75.0946, -49.0842 ], [ -75.2058, -49.1287 ], [ -75.1084, -49.0121 ], [ -75.0996, -49.0272 ], [ -75.1008, -49.0029 ], [ -75.0272, -49.0421 ], [ -75.0947, -48.9966 ], [ -75.0753, -48.9813 ] ], [ [ -74.9034, -49.2092 ], [ -74.8992, -49.2124 ], [ -74.8957, -49.2094 ], [ -74.9034, -49.2092 ] ], [ [ -74.8471, -49.0676 ], [ -74.8486, -49.0638 ], [ -74.8509, -49.0662 ], [ -74.8471, -49.0676 ] ] ], [ [ [ -74.9912, -48.9646 ], [ -74.9568, -48.9899 ], [ -74.9795, -49.0121 ], [ -74.9547, -49.012 ], [ -74.9506, -49.0347 ], [ -75.0699, -48.9757 ], [ -74.9912, -48.9646 ] ] ], [ [ [ -75.595, -49.1657 ], [ -75.5743, -49.1162 ], [ -75.5009, -49.0739 ], [ -75.5504, -49.1543 ], [ -75.4968, -49.1009 ], [ -75.4368, -49.1092 ], [ -75.493, -49.0977 ], [ -75.361, -49.0353 ], [ -75.4202, -49.0308 ], [ -75.3395, -48.9549 ], [ -75.2805, -48.9338 ], [ -75.2691, -48.9971 ], [ -75.3391, -49.0204 ], [ -75.2782, -49.0037 ], [ -75.2369, -49.0735 ], [ -75.3212, -49.1277 ], [ -75.3043, -49.0891 ], [ -75.3696, -49.1762 ], [ -75.39, -49.162 ], [ -75.3634, -49.1004 ], [ -75.3294, -49.0976 ], [ -75.3394, -49.071 ], [ -75.3842, -49.1211 ], [ -75.3924, -49.1574 ], [ -75.3931, -49.1433 ], [ -75.4137, -49.1643 ], [ -75.4525, -49.1405 ], [ -75.417, -49.1659 ], [ -75.4451, -49.2069 ], [ -75.4252, -49.2181 ], [ -75.4495, -49.2378 ], [ -75.4758, -49.2452 ], [ -75.567, -49.2131 ], [ -75.5936, -49.2263 ], [ -75.5948, -49.2078 ], [ -75.6315, -49.1911 ], [ -75.6039, -49.1616 ], [ -75.5841, -49.1986 ], [ -75.5621, -49.1996 ], [ -75.595, -49.1657 ] ], [ [ -75.563, -49.1511 ], [ -75.5694, -49.154 ], [ -75.5598, -49.1572 ], [ -75.563, -49.1511 ] ], [ [ -75.5747, -49.1596 ], [ -75.576, -49.1532 ], [ -75.5807, -49.1583 ], [ -75.5747, -49.1596 ] ], [ [ -75.5739, -49.1653 ], [ -75.5793, -49.1641 ], [ -75.5805, -49.1655 ], [ -75.5739, -49.1653 ] ] ], [ [ [ -75.2276, -48.769 ], [ -75.0337, -48.846 ], [ -75.0166, -48.8951 ], [ -75.0578, -48.8831 ], [ -75.0384, -48.8984 ], [ -75.0561, -48.9043 ], [ -75.1223, -48.8797 ], [ -75.0863, -48.9 ], [ -75.1158, -48.908 ], [ -74.9933, -48.9314 ], [ -75.1201, -48.9564 ], [ -75.1055, -48.9661 ], [ -75.138, -48.9953 ], [ -75.1501, -48.9757 ], [ -75.1759, -48.9756 ], [ -75.1703, -48.9457 ], [ -75.199, -48.9051 ], [ -75.1767, -48.955 ], [ -75.2029, -48.9852 ], [ -75.1555, -48.9819 ], [ -75.1432, -49.0011 ], [ -75.2328, -49.065 ], [ -75.2747, -48.9398 ], [ -75.2552, -48.9032 ], [ -75.3244, -48.9437 ], [ -75.3201, -48.9107 ], [ -75.4484, -49.0373 ], [ -75.5454, -48.9727 ], [ -75.496, -48.9652 ], [ -75.4455, -48.9385 ], [ -75.4545, -48.9599 ], [ -75.4185, -48.928 ], [ -75.4503, -48.9352 ], [ -75.4333, -48.9095 ], [ -75.4687, -48.9025 ], [ -75.4437, -48.9176 ], [ -75.5031, -48.9599 ], [ -75.6107, -48.9234 ], [ -75.6311, -48.9342 ], [ -75.6126, -48.9111 ], [ -75.6323, -48.8494 ], [ -75.5995, -48.8518 ], [ -75.5467, -48.8016 ], [ -75.5278, -48.8416 ], [ -75.5398, -48.8026 ], [ -75.5058, -48.8204 ], [ -75.5172, -48.7898 ], [ -75.4953, -48.781 ], [ -75.4671, -48.8065 ], [ -75.3901, -48.8035 ], [ -75.513, -48.8836 ], [ -75.4712, -48.8673 ], [ -75.4733, -48.8803 ], [ -75.3428, -48.7946 ], [ -75.3941, -48.8712 ], [ -75.3443, -48.8265 ], [ -75.3269, -48.8508 ], [ -75.3603, -48.8851 ], [ -75.3201, -48.8667 ], [ -75.2854, -48.9084 ], [ -75.3238, -48.8224 ], [ -75.3378, -48.8258 ], [ -75.3227, -48.8042 ], [ -75.2224, -48.8444 ], [ -75.2014, -48.9006 ], [ -75.2128, -48.8506 ], [ -75.1807, -48.8595 ], [ -75.233, -48.8269 ], [ -75.2599, -48.7756 ], [ -75.2276, -48.769 ] ], [ [ -75.1614, -48.8239 ], [ -75.1795, -48.8434 ], [ -75.1429, -48.8143 ], [ -75.1614, -48.8239 ] ], [ [ -75.2469, -48.8993 ], [ -75.25, -48.8984 ], [ -75.2525, -48.9015 ], [ -75.2469, -48.8993 ] ], [ [ -75.2416, -48.894 ], [ -75.2424, -48.8922 ], [ -75.2446, -48.8943 ], [ -75.2416, -48.894 ] ], [ [ -75.2852, -48.829 ], [ -75.2802, -48.8287 ], [ -75.2778, -48.8256 ], [ -75.2852, -48.829 ] ], [ [ -75.3215, -48.8178 ], [ -75.3166, -48.8163 ], [ -75.3169, -48.8141 ], [ -75.3215, -48.8178 ] ], [ [ -75.3868, -48.904 ], [ -75.4333, -48.9209 ], [ -75.4357, -48.9284 ], [ -75.3868, -48.904 ] ], [ [ -75.4902, -48.8394 ], [ -75.4933, -48.8395 ], [ -75.4922, -48.8408 ], [ -75.4902, -48.8394 ] ], [ [ -75.4836, -48.8364 ], [ -75.4804, -48.8358 ], [ -75.4794, -48.8349 ], [ -75.4836, -48.8364 ] ], [ [ -75.4657, -48.8302 ], [ -75.4611, -48.8253 ], [ -75.467, -48.8304 ], [ -75.4657, -48.8302 ] ], [ [ -75.4529, -48.8215 ], [ -75.431, -48.8156 ], [ -75.415, -48.8046 ], [ -75.4253, -48.8049 ], [ -75.4529, -48.8215 ] ], [ [ -75.5584, -48.8231 ], [ -75.5612, -48.8187 ], [ -75.5631, -48.8195 ], [ -75.5584, -48.8231 ] ], [ [ -75.5595, -48.8185 ], [ -75.5582, -48.817 ], [ -75.559, -48.8167 ], [ -75.5595, -48.8185 ] ], [ [ -75.2187, -48.9083 ], [ -75.2164, -48.9105 ], [ -75.216, -48.9077 ], [ -75.2187, -48.9083 ] ], [ [ -75.0839, -48.9219 ], [ -75.0833, -48.9188 ], [ -75.0886, -48.921 ], [ -75.0839, -48.9219 ] ], [ [ -75.0933, -48.9277 ], [ -75.1008, -48.9228 ], [ -75.1061, -48.9282 ], [ -75.0933, -48.9277 ] ] ], [ [ [ -75.3345, -48.7799 ], [ -75.2765, -48.7678 ], [ -75.2478, -48.8303 ], [ -75.3345, -48.7799 ] ] ], [ [ [ -71.694, -52.0044 ], [ -69.9954, -52.0007 ], [ -69.4861, -52.1516 ], [ -69.1901, -52.15 ], [ -68.9868, -52.2035 ], [ -68.8379, -52.2777 ], [ -68.5859, -52.3067 ], [ -68.5722, -52.3259 ], [ -68.4185, -52.3324 ], [ -68.4177, -52.3869 ], [ -68.4338, -52.3979 ], [ -68.4903, -52.3374 ], [ -68.5593, -52.3432 ], [ -68.668, -52.3148 ], [ -68.7877, -52.3186 ], [ -68.9642, -52.2927 ], [ -69.0802, -52.2185 ], [ -69.2106, -52.1958 ], [ -69.3416, -52.247 ], [ -69.4529, -52.2626 ], [ -69.4799, -52.2962 ], [ -69.4839, -52.3878 ], [ -69.5568, -52.4049 ], [ -69.574, -52.4361 ], [ -69.5435, -52.4556 ], [ -69.6706, -52.5383 ], [ -69.7752, -52.5287 ], [ -69.8537, -52.4872 ], [ -70.0227, -52.5592 ], [ -70.1641, -52.5884 ], [ -70.2121, -52.6525 ], [ -70.3195, -52.6409 ], [ -70.3247, -52.6589 ], [ -70.3622, -52.658 ], [ -70.5263, -52.7257 ], [ -70.5651, -52.7113 ], [ -70.501, -52.6783 ], [ -70.5109, -52.6584 ], [ -70.5791, -52.6732 ], [ -70.5866, -52.6919 ], [ -70.5525, -52.6996 ], [ -70.5929, -52.7159 ], [ -70.6252, -52.7027 ], [ -70.6996, -52.7339 ], [ -70.6931, -52.7445 ], [ -70.7119, -52.7588 ], [ -70.7033, -52.7421 ], [ -70.7232, -52.7481 ], [ -70.7467, -52.7105 ], [ -70.8199, -52.7603 ], [ -70.8429, -52.7194 ], [ -70.8991, -52.7298 ], [ -70.8678, -52.7366 ], [ -70.8668, -52.7605 ], [ -70.8402, -52.7552 ], [ -70.8222, -52.7625 ], [ -70.7884, -52.7601 ], [ -70.8335, -52.7752 ], [ -70.8017, -52.7871 ], [ -70.7353, -52.7833 ], [ -70.7592, -52.8122 ], [ -70.8207, -52.812 ], [ -70.8357, -52.8325 ], [ -70.7971, -52.818 ], [ -70.8029, -52.8507 ], [ -70.8378, -52.861 ], [ -70.8464, -52.9103 ], [ -70.8932, -52.9175 ], [ -70.7814, -52.9367 ], [ -70.8258, -52.9625 ], [ -70.8153, -53.0066 ], [ -70.8788, -53.1018 ], [ -70.8537, -53.1305 ], [ -70.9354, -53.1996 ], [ -70.9359, -53.3176 ], [ -70.9883, -53.39 ], [ -70.9244, -53.5863 ], [ -70.938, -53.6115 ], [ -70.9118, -53.633 ], [ -70.9524, -53.6225 ], [ -70.9717, -53.7858 ], [ -71.0775, -53.8183 ], [ -71.0749, -53.8338 ], [ -71.117, -53.8334 ], [ -71.1198, -53.8496 ], [ -71.2949, -53.8961 ], [ -71.41, -53.8507 ], [ -71.6662, -53.8074 ], [ -71.8524, -53.7481 ], [ -71.9252, -53.7005 ], [ -71.8757, -53.6806 ], [ -71.937, -53.7034 ], [ -71.9358, -53.7194 ], [ -72.0001, -53.6832 ], [ -71.992, -53.6959 ], [ -72.0304, -53.7068 ], [ -72.11, -53.6836 ], [ -72.3006, -53.5748 ], [ -72.3092, -53.5543 ], [ -72.2636, -53.5326 ], [ -72.3053, -53.5487 ], [ -72.3127, -53.5541 ], [ -72.3133, -53.5611 ], [ -72.3494, -53.5454 ], [ -72.3722, -53.4962 ], [ -72.3895, -53.5065 ], [ -72.4131, -53.4912 ], [ -72.4779, -53.3993 ], [ -72.4628, -53.3717 ], [ -72.4536, -53.3886 ], [ -72.4202, -53.3707 ], [ -72.4435, -53.3249 ], [ -72.3083, -53.2535 ], [ -72.1708, -53.2574 ], [ -72.1766, -53.2735 ], [ -72.1211, -53.2526 ], [ -72.0954, -53.3593 ], [ -72.1136, -53.3875 ], [ -72.1548, -53.385 ], [ -72.1507, -53.4078 ], [ -72.2016, -53.4314 ], [ -72.2841, -53.428 ], [ -72.2193, -53.4517 ], [ -72.0979, -53.4157 ], [ -72.0762, -53.3857 ], [ -72.0181, -53.3786 ], [ -72.0447, -53.2851 ], [ -72.021, -53.2336 ], [ -71.8695, -53.2258 ], [ -71.8252, -53.2738 ], [ -71.8279, -53.363 ], [ -71.7648, -53.4377 ], [ -71.7842, -53.4322 ], [ -71.8079, -53.4677 ], [ -71.9079, -53.4981 ], [ -71.9156, -53.5154 ], [ -71.99, -53.5203 ], [ -72.0756, -53.55 ], [ -72.0945, -53.5417 ], [ -72.1205, -53.5574 ], [ -72.042, -53.5518 ], [ -72.0524, -53.542 ], [ -72.0337, -53.539 ], [ -72.0072, -53.5658 ], [ -71.9716, -53.5656 ], [ -71.9004, -53.5328 ], [ -71.8958, -53.5464 ], [ -71.8171, -53.5213 ], [ -71.7479, -53.4468 ], [ -71.7839, -53.3056 ], [ -71.7476, -53.3157 ], [ -71.7688, -53.2869 ], [ -71.7317, -53.2409 ], [ -71.7408, -53.2091 ], [ -71.6146, -53.2041 ], [ -71.5895, -53.1647 ], [ -71.5441, -53.1699 ], [ -71.5041, -53.1416 ], [ -71.4167, -53.1428 ], [ -71.3572, -53.1229 ], [ -71.261, -53.0324 ], [ -71.2447, -52.9883 ], [ -71.1168, -52.9105 ], [ -71.17, -52.8099 ], [ -71.215, -52.814 ], [ -71.2589, -52.792 ], [ -71.3701, -52.8032 ], [ -71.3981, -52.7526 ], [ -71.3836, -52.7199 ], [ -71.559, -52.5628 ], [ -71.6376, -52.5772 ], [ -71.9222, -52.5431 ], [ -71.9685, -52.559 ], [ -72.0282, -52.546 ], [ -72.0302, -52.568 ], [ -72.1062, -52.5292 ], [ -72.1057, -52.5576 ], [ -72.1208, -52.5174 ], [ -72.1388, -52.5449 ], [ -72.1578, -52.5209 ], [ -72.2392, -52.5514 ], [ -72.2788, -52.5284 ], [ -72.3227, -52.5326 ], [ -72.3538, -52.5493 ], [ -72.352, -52.5806 ], [ -72.4446, -52.631 ], [ -72.3991, -52.6273 ], [ -72.4313, -52.6755 ], [ -72.563, -52.603 ], [ -72.4895, -52.5556 ], [ -72.3809, -52.5568 ], [ -72.4025, -52.508 ], [ -72.4924, -52.5534 ], [ -72.5232, -52.5455 ], [ -72.5724, -52.5894 ], [ -72.6582, -52.5584 ], [ -72.6073, -52.5234 ], [ -72.763, -52.5775 ], [ -72.8355, -52.5401 ], [ -72.8653, -52.5429 ], [ -72.843, -52.5744 ], [ -72.8863, -52.5871 ], [ -72.8262, -52.5956 ], [ -72.8671, -52.6089 ], [ -72.8707, -52.6064 ], [ -72.9062, -52.5983 ], [ -72.9254, -52.5903 ], [ -72.9071, -52.6016 ], [ -72.8713, -52.6073 ], [ -72.8699, -52.6129 ], [ -72.9938, -52.7568 ], [ -72.8556, -52.6182 ], [ -72.7876, -52.6212 ], [ -72.8108, -52.6478 ], [ -72.7565, -52.6231 ], [ -72.7426, -52.6324 ], [ -72.7738, -52.6501 ], [ -72.7396, -52.637 ], [ -72.6722, -52.6803 ], [ -72.8708, -52.8171 ], [ -72.9391, -52.7893 ], [ -72.9211, -52.8143 ], [ -73.0101, -52.8485 ], [ -73.0183, -52.8615 ], [ -73.0679, -52.8548 ], [ -72.944, -52.9048 ], [ -72.9752, -52.9437 ], [ -72.9399, -53.0031 ], [ -72.9641, -53.0062 ], [ -72.9504, -53.0341 ], [ -72.9894, -53.0762 ], [ -73.0425, -53.0414 ], [ -73.0257, -53.0732 ], [ -73.1338, -53.1152 ], [ -73.1824, -53.0616 ], [ -73.1595, -53.0309 ], [ -73.1519, -53.0435 ], [ -73.1337, -53.0303 ], [ -73.2079, -53.0193 ], [ -73.1775, -53.0346 ], [ -73.2141, -53.0383 ], [ -73.1838, -53.0456 ], [ -73.1993, -53.0791 ], [ -73.1672, -53.0918 ], [ -73.2123, -53.1128 ], [ -73.2434, -53.0872 ], [ -73.2487, -53.0993 ], [ -73.3303, -53.0817 ], [ -73.3272, -53.0627 ], [ -73.374, -53.0704 ], [ -73.3423, -53.0456 ], [ -73.3814, -53.0601 ], [ -73.4483, -53.0215 ], [ -73.3719, -52.9999 ], [ -73.2859, -53.0116 ], [ -73.3865, -52.9798 ], [ -73.3365, -52.9761 ], [ -73.3199, -52.953 ], [ -73.2831, -52.9703 ], [ -73.2935, -52.9532 ], [ -73.2353, -52.9813 ], [ -73.2744, -52.9531 ], [ -73.2292, -52.95 ], [ -73.2222, -52.9196 ], [ -73.1457, -52.9239 ], [ -73.1663, -52.9045 ], [ -73.2358, -52.9128 ], [ -73.2675, -52.94 ], [ -73.308, -52.9195 ], [ -73.2766, -52.8945 ], [ -73.3333, -52.9194 ], [ -73.36, -52.8734 ], [ -73.4415, -52.8659 ], [ -73.4393, -52.8788 ], [ -73.5725, -52.8155 ], [ -73.5346, -52.7949 ], [ -73.4766, -52.7963 ], [ -73.4214, -52.8193 ], [ -73.4734, -52.8441 ], [ -73.4125, -52.8253 ], [ -73.3895, -52.7942 ], [ -73.3577, -52.8117 ], [ -73.3881, -52.8467 ], [ -73.3574, -52.8159 ], [ -73.3155, -52.8309 ], [ -73.2976, -52.8012 ], [ -73.2294, -52.8073 ], [ -73.2572, -52.7923 ], [ -73.2326, -52.7959 ], [ -73.2435, -52.7618 ], [ -73.2996, -52.7853 ], [ -73.2899, -52.7259 ], [ -73.2682, -52.7281 ], [ -73.2679, -52.7627 ], [ -73.2434, -52.6986 ], [ -73.2664, -52.6891 ], [ -73.303, -52.7075 ], [ -73.3306, -52.6548 ], [ -73.3095, -52.6316 ], [ -73.3364, -52.6342 ], [ -73.3731, -52.5677 ], [ -73.3966, -52.5644 ], [ -73.3629, -52.6137 ], [ -73.4018, -52.5995 ], [ -73.3604, -52.6209 ], [ -73.3363, -52.6772 ], [ -73.3876, -52.7051 ], [ -73.327, -52.6938 ], [ -73.377, -52.7303 ], [ -73.4309, -52.7176 ], [ -73.3595, -52.6608 ], [ -73.4227, -52.6838 ], [ -73.4116, -52.6589 ], [ -73.4379, -52.6459 ], [ -73.4606, -52.6941 ], [ -73.5238, -52.6705 ], [ -73.5255, -52.6881 ], [ -73.5026, -52.6872 ], [ -73.5042, -52.7169 ], [ -73.511, -52.6963 ], [ -73.5549, -52.7101 ], [ -73.5746, -52.7384 ], [ -73.6437, -52.7297 ], [ -73.5769, -52.7545 ], [ -73.5968, -52.7517 ], [ -73.5969, -52.7826 ], [ -73.6518, -52.7248 ], [ -73.6423, -52.7576 ], [ -73.7219, -52.7553 ], [ -73.6303, -52.678 ], [ -73.605, -52.6898 ], [ -73.5485, -52.6565 ], [ -73.5824, -52.6662 ], [ -73.5754, -52.655 ], [ -73.6626, -52.6447 ], [ -73.6689, -52.6262 ], [ -73.643, -52.6271 ], [ -73.6695, -52.6223 ], [ -73.6092, -52.5976 ], [ -73.6247, -52.5875 ], [ -73.5614, -52.592 ], [ -73.6207, -52.5506 ], [ -73.5217, -52.5879 ], [ -73.5785, -52.5242 ], [ -73.5378, -52.513 ], [ -73.5582, -52.5052 ], [ -73.5388, -52.4892 ], [ -73.4531, -52.5138 ], [ -73.4637, -52.4889 ], [ -73.5405, -52.4779 ], [ -73.5034, -52.4547 ], [ -73.4936, -52.4252 ], [ -73.5591, -52.4759 ], [ -73.5996, -52.4631 ], [ -73.5838, -52.4399 ], [ -73.6096, -52.4625 ], [ -73.6501, -52.4302 ], [ -73.633, -52.3901 ], [ -73.5699, -52.4044 ], [ -73.5502, -52.3916 ], [ -73.5787, -52.3413 ], [ -73.5335, -52.3419 ], [ -73.5993, -52.2987 ], [ -73.5504, -52.2132 ], [ -73.5964, -52.2158 ], [ -73.5912, -52.157 ], [ -73.627, -52.175 ], [ -73.6483, -52.1222 ], [ -73.6793, -52.1171 ], [ -73.733, -52.0435 ], [ -73.7027, -52.0225 ], [ -73.6641, -52.0359 ], [ -73.6728, -52.0696 ], [ -73.5866, -52.1277 ], [ -73.5854, -52.1618 ], [ -73.5723, -52.1431 ], [ -73.5418, -52.1439 ], [ -73.5363, -52.1907 ], [ -73.4907, -52.188 ], [ -73.4992, -52.1639 ], [ -73.4708, -52.1691 ], [ -73.5185, -52.1396 ], [ -73.4517, -52.1328 ], [ -73.363, -52.2216 ], [ -73.2523, -52.2 ], [ -73.2182, -52.1457 ], [ -73.2298, -52.1117 ], [ -73.1633, -52.1184 ], [ -73.1575, -52.1429 ], [ -73.1246, -52.1016 ], [ -73.004, -52.0598 ], [ -73.0135, -52.1493 ], [ -73.1188, -52.129 ], [ -73.1402, -52.1475 ], [ -73.1179, -52.1386 ], [ -73.0579, -52.1607 ], [ -73.1335, -52.2337 ], [ -73.0999, -52.2238 ], [ -73.0894, -52.2404 ], [ -73.0569, -52.1831 ], [ -72.9968, -52.1808 ], [ -72.9317, -52.2256 ], [ -72.9424, -52.2645 ], [ -72.9971, -52.3043 ], [ -72.9609, -52.2786 ], [ -72.902, -52.2974 ], [ -72.8873, -52.2856 ], [ -72.906, -52.2902 ], [ -72.9141, -52.2698 ], [ -72.8781, -52.281 ], [ -72.8471, -52.1496 ], [ -72.8028, -52.1083 ], [ -72.8146, -52.0866 ], [ -72.7942, -52.1007 ], [ -72.7385, -52.0821 ], [ -72.7569, -52.081 ], [ -72.7637, -52.0574 ], [ -72.8369, -52.0857 ], [ -72.8757, -52.1403 ], [ -72.8749, -52.1892 ], [ -72.9119, -52.2211 ], [ -72.9699, -52.1789 ], [ -72.9585, -52.0517 ], [ -72.9376, -52.0316 ], [ -72.913, -52.083 ], [ -72.8984, -51.9797 ], [ -72.8204, -51.9395 ], [ -72.7705, -51.9483 ], [ -72.7272, -51.9969 ], [ -72.7126, -52.092 ], [ -72.6572, -52.1365 ], [ -72.6508, -52.1059 ], [ -72.6254, -52.1132 ], [ -72.5221, -52.2206 ], [ -72.5652, -52.2298 ], [ -72.5987, -52.2867 ], [ -72.5769, -52.3038 ], [ -72.5888, -52.3331 ], [ -72.6002, -52.3431 ], [ -72.6285, -52.3475 ], [ -72.5918, -52.3558 ], [ -72.6138, -52.3737 ], [ -72.6368, -52.3599 ], [ -72.623, -52.3826 ], [ -72.6848, -52.3456 ], [ -72.7165, -52.3504 ], [ -72.7041, -52.365 ], [ -72.7219, -52.3574 ], [ -72.7507, -52.4052 ], [ -72.7794, -52.3983 ], [ -72.8079, -52.4056 ], [ -72.7806, -52.4051 ], [ -72.7849, -52.428 ], [ -72.8168, -52.432 ], [ -72.853, -52.4059 ], [ -72.8309, -52.4414 ], [ -72.9167, -52.4819 ], [ -72.9946, -52.4913 ], [ -72.9311, -52.5056 ], [ -72.734, -52.4334 ], [ -72.6203, -52.4603 ], [ -72.672, -52.4382 ], [ -72.635, -52.4376 ], [ -72.5572, -52.4872 ], [ -72.5217, -52.449 ], [ -72.5468, -52.4615 ], [ -72.5824, -52.4369 ], [ -72.6054, -52.4475 ], [ -72.6905, -52.4151 ], [ -72.6354, -52.399 ], [ -72.6241, -52.4179 ], [ -72.5844, -52.4014 ], [ -72.5905, -52.3756 ], [ -72.5509, -52.383 ], [ -72.5528, -52.3613 ], [ -72.5163, -52.3482 ], [ -72.5193, -52.2612 ], [ -72.4894, -52.2547 ], [ -72.4737, -52.2167 ], [ -72.6637, -52.0539 ], [ -72.6651, -51.9758 ], [ -72.6242, -51.9104 ], [ -72.6001, -51.9139 ], [ -72.6064, -51.9565 ], [ -72.5714, -51.9714 ], [ -72.5503, -51.9683 ], [ -72.5858, -51.942 ], [ -72.5751, -51.9224 ], [ -72.5334, -51.9487 ], [ -72.4628, -51.9208 ], [ -72.4595, -51.8813 ], [ -72.5135, -51.8373 ], [ -72.4526, -51.7763 ], [ -72.5124, -51.7342 ], [ -72.5159, -51.7024 ], [ -72.6478, -51.6635 ], [ -72.6395, -51.6251 ], [ -72.6871, -51.5633 ], [ -72.6525, -51.625 ], [ -72.6669, -51.6541 ], [ -72.706, -51.5688 ], [ -72.8238, -51.5599 ], [ -72.8666, -51.5366 ], [ -72.9065, -51.5445 ], [ -72.9423, -51.5042 ], [ -73.0306, -51.4973 ], [ -73.0749, -51.4734 ], [ -73.0905, -51.4496 ], [ -73.0685, -51.3945 ], [ -73.0752, -51.3647 ], [ -73.1092, -51.3333 ], [ -73.0778, -51.4066 ], [ -73.1772, -51.4665 ], [ -73.2404, -51.4589 ], [ -73.2706, -51.4782 ], [ -73.2639, -51.4927 ], [ -73.2129, -51.5006 ], [ -73.2057, -51.5116 ], [ -73.1304, -51.4774 ], [ -73.1217, -51.4949 ], [ -73.0566, -51.493 ], [ -73.0332, -51.5301 ], [ -73.0952, -51.5891 ], [ -73.121, -51.5885 ], [ -73.1139, -51.6048 ], [ -73.0349, -51.5599 ], [ -72.9996, -51.5102 ], [ -72.9295, -51.5634 ], [ -72.8363, -51.5952 ], [ -72.8236, -51.5733 ], [ -72.7486, -51.603 ], [ -72.6885, -51.6958 ], [ -72.6454, -51.6799 ], [ -72.6085, -51.7124 ], [ -72.5846, -51.7004 ], [ -72.531, -51.7175 ], [ -72.5262, -51.7359 ], [ -72.6073, -51.8153 ], [ -72.6419, -51.8295 ], [ -72.7142, -51.8129 ], [ -72.7328, -51.8416 ], [ -72.7416, -51.8085 ], [ -72.7698, -51.8132 ], [ -72.818, -51.76 ], [ -72.8881, -51.7493 ], [ -72.9067, -51.7692 ], [ -72.9192, -51.7407 ], [ -72.9684, -51.7729 ], [ -72.9926, -51.7256 ], [ -73.0468, -51.7147 ], [ -73.0746, -51.6815 ], [ -73.1312, -51.7023 ], [ -73.1472, -51.6695 ], [ -73.194, -51.6819 ], [ -73.2039, -51.5976 ], [ -73.2321, -51.6245 ], [ -73.2918, -51.5714 ], [ -73.2909, -51.6105 ], [ -73.2211, -51.6484 ], [ -73.2239, -51.6732 ], [ -73.2843, -51.6917 ], [ -73.2248, -51.681 ], [ -73.1397, -51.7198 ], [ -73.0909, -51.6962 ], [ -72.9998, -51.7844 ], [ -73.0291, -51.804 ], [ -73.0403, -51.7672 ], [ -73.0743, -51.7507 ], [ -73.1656, -51.7701 ], [ -73.1447, -51.787 ], [ -73.0716, -51.7555 ], [ -73.0353, -51.8219 ], [ -73.0717, -51.8361 ], [ -73.0752, -51.8628 ], [ -73.1046, -51.8503 ], [ -73.1116, -51.8708 ], [ -73.219, -51.8767 ], [ -73.2088, -51.8931 ], [ -73.0977, -51.8863 ], [ -72.9833, -51.7993 ], [ -72.9116, -51.8526 ], [ -72.9365, -51.8922 ], [ -72.9707, -51.8854 ], [ -73.124, -51.9376 ], [ -73.1604, -52.0127 ], [ -73.1305, -52.0802 ], [ -73.1618, -52.1045 ], [ -73.2275, -52.0999 ], [ -73.2603, -52.0249 ], [ -73.257, -51.9317 ], [ -73.2714, -51.9053 ], [ -73.2882, -51.9173 ], [ -73.2933, -51.9049 ], [ -73.2938, -51.8754 ], [ -73.2589, -51.8823 ], [ -73.2904, -51.8702 ], [ -73.3345, -51.6983 ], [ -73.3993, -51.6383 ], [ -73.3061, -51.847 ], [ -73.346, -51.8354 ], [ -73.3088, -51.8662 ], [ -73.261, -52.0974 ], [ -73.2744, -52.1615 ], [ -73.3799, -52.1331 ], [ -73.4707, -52.0467 ], [ -73.4728, -52.0746 ], [ -73.5224, -52.0646 ], [ -73.5107, -52.0277 ], [ -73.5657, -52.0178 ], [ -73.5894, -51.9595 ], [ -73.5674, -51.9679 ], [ -73.6014, -51.9386 ], [ -73.5926, -51.9242 ], [ -73.5461, -51.9354 ], [ -73.6011, -51.9165 ], [ -73.642, -51.8663 ], [ -73.6448, -51.8213 ], [ -73.6022, -51.8162 ], [ -73.5971, -51.7999 ], [ -73.4913, -51.9413 ], [ -73.5287, -51.9419 ], [ -73.4793, -51.9523 ], [ -73.4191, -51.998 ], [ -73.429, -51.9642 ], [ -73.4093, -51.9622 ], [ -73.4472, -51.948 ], [ -73.48, -51.899 ], [ -73.4147, -51.9055 ], [ -73.4814, -51.8913 ], [ -73.542, -51.8091 ], [ -73.4936, -51.7996 ], [ -73.5448, -51.802 ], [ -73.5953, -51.7454 ], [ -73.5037, -51.7244 ], [ -73.4991, -51.697 ], [ -73.4439, -51.6755 ], [ -73.5479, -51.7143 ], [ -73.5538, -51.6798 ], [ -73.5585, -51.715 ], [ -73.6031, -51.7181 ], [ -73.6297, -51.6943 ], [ -73.6211, -51.6419 ], [ -73.6685, -51.7489 ], [ -73.6996, -51.7495 ], [ -73.6822, -51.7859 ], [ -73.7063, -51.7939 ], [ -73.7305, -51.74 ], [ -73.7406, -51.7524 ], [ -73.7561, -51.7364 ], [ -73.7604, -51.7138 ], [ -73.7389, -51.7076 ], [ -73.8141, -51.7057 ], [ -73.779, -51.6762 ], [ -73.8045, -51.6866 ], [ -73.7894, -51.6637 ], [ -73.8168, -51.6772 ], [ -73.8263, -51.6655 ], [ -73.81, -51.6506 ], [ -73.7373, -51.6632 ], [ -73.7376, -51.6471 ], [ -73.8788, -51.6325 ], [ -73.8661, -51.6161 ], [ -73.8933, -51.6046 ], [ -73.9205, -51.6241 ], [ -73.9099, -51.5704 ], [ -73.8858, -51.5892 ], [ -73.8143, -51.5915 ], [ -73.8655, -51.5773 ], [ -73.8578, -51.5485 ], [ -73.7708, -51.5405 ], [ -73.8195, -51.5398 ], [ -73.8081, -51.5294 ], [ -73.9067, -51.5484 ], [ -73.8931, -51.5382 ], [ -73.9312, -51.5132 ], [ -73.8864, -51.5121 ], [ -73.9214, -51.5051 ], [ -73.9168, -51.4801 ], [ -73.9359, -51.511 ], [ -73.9469, -51.493 ], [ -73.9734, -51.5071 ], [ -73.9642, -51.4785 ], [ -73.886, -51.4697 ], [ -73.9386, -51.4395 ], [ -73.903, -51.4121 ], [ -73.9592, -51.4151 ], [ -73.9137, -51.4068 ], [ -73.893, -51.3683 ], [ -73.8581, -51.4035 ], [ -73.8074, -51.394 ], [ -73.7508, -51.4766 ], [ -73.738, -51.4421 ], [ -73.6545, -51.5439 ], [ -73.6626, -51.5736 ], [ -73.634, -51.597 ], [ -73.6538, -51.6045 ], [ -73.6215, -51.6328 ], [ -73.5847, -51.6179 ], [ -73.6208, -51.5944 ], [ -73.6348, -51.5385 ], [ -73.6637, -51.5178 ], [ -73.6802, -51.4779 ], [ -73.6528, -51.5222 ], [ -73.5968, -51.5223 ], [ -73.5796, -51.5416 ], [ -73.5751, -51.5125 ], [ -73.6367, -51.5088 ], [ -73.6353, -51.4594 ], [ -73.5587, -51.4502 ], [ -73.6368, -51.4535 ], [ -73.6765, -51.433 ], [ -73.7146, -51.317 ], [ -73.672, -51.2961 ], [ -73.7098, -51.2905 ], [ -73.7743, -51.2282 ], [ -73.7207, -51.1879 ], [ -73.687, -51.2818 ], [ -73.6626, -51.2802 ], [ -73.6904, -51.2115 ], [ -73.6532, -51.2033 ], [ -73.7089, -51.1767 ], [ -73.6738, -51.1425 ], [ -73.7045, -51.1534 ], [ -73.7097, -51.1345 ], [ -73.7182, -51.1645 ], [ -73.8272, -51.0632 ], [ -73.7548, -51.1504 ], [ -73.7649, -51.1869 ], [ -73.8999, -51.2575 ], [ -73.9548, -51.1486 ], [ -73.9802, -51.1611 ], [ -73.9959, -51.1485 ], [ -74.0018, -51.104 ], [ -74.0015, -51.2055 ], [ -74.0756, -51.2076 ], [ -74.0725, -51.1898 ], [ -74.125, -51.1825 ], [ -74.1097, -51.1307 ], [ -74.1297, -51.1056 ], [ -74.1023, -51.0992 ], [ -74.0752, -51.0635 ], [ -74.1116, -51.0999 ], [ -74.1284, -51.0548 ], [ -74.1452, -51.0652 ], [ -74.0774, -50.9974 ], [ -74.0346, -51.0008 ], [ -74.0768, -50.9821 ], [ -74.0398, -50.9469 ], [ -74.0588, -50.9569 ], [ -74.0652, -50.935 ], [ -74.0886, -50.9723 ], [ -74.0965, -50.9561 ], [ -74.0973, -50.9918 ], [ -74.1213, -51.0019 ], [ -74.0986, -50.9774 ], [ -74.1249, -50.9909 ], [ -74.1563, -51.0431 ], [ -74.1648, -51.0318 ], [ -74.1913, -51.0574 ], [ -74.2441, -50.9465 ], [ -74.1692, -50.8778 ], [ -74.0962, -50.8697 ], [ -73.9561, -50.8865 ], [ -73.9229, -50.9058 ], [ -73.9432, -50.8784 ], [ -73.9059, -50.8683 ], [ -73.8641, -50.8758 ], [ -73.8455, -50.9274 ], [ -73.8712, -50.9386 ], [ -73.7659, -50.9633 ], [ -73.6989, -50.9574 ], [ -73.6727, -50.9305 ], [ -73.7623, -50.9345 ], [ -73.8776, -50.8448 ], [ -73.8356, -50.7991 ], [ -73.8037, -50.7979 ], [ -73.7583, -50.8334 ], [ -73.7178, -50.827 ], [ -73.7864, -50.803 ], [ -73.7717, -50.7435 ], [ -73.7988, -50.6832 ], [ -73.7593, -50.6551 ], [ -73.6953, -50.6569 ], [ -73.6405, -50.633 ], [ -73.6021, -50.6528 ], [ -73.6085, -50.6756 ], [ -73.593, -50.6535 ], [ -73.5568, -50.6619 ], [ -73.5432, -50.7017 ], [ -73.5339, -50.6652 ], [ -73.5005, -50.6813 ], [ -73.4654, -50.6719 ], [ -73.5643, -50.6419 ], [ -73.5678, -50.6065 ], [ -73.5787, -50.625 ], [ -73.6528, -50.6166 ], [ -73.7468, -50.5427 ], [ -73.7046, -50.4922 ], [ -73.6268, -50.502 ], [ -73.5753, -50.4726 ], [ -73.5894, -50.4483 ], [ -73.5532, -50.3762 ], [ -73.6096, -50.4293 ], [ -73.6327, -50.4918 ], [ -73.7104, -50.4887 ], [ -73.7683, -50.5239 ], [ -73.7931, -50.633 ], [ -73.8304, -50.6774 ], [ -73.8219, -50.7746 ], [ -73.8782, -50.8023 ], [ -73.9029, -50.7932 ], [ -73.9333, -50.846 ], [ -74.0072, -50.8219 ], [ -74.03, -50.8506 ], [ -74.1264, -50.7662 ], [ -74.081, -50.7292 ], [ -74.0461, -50.7263 ], [ -74.0512, -50.692 ], [ -74.0938, -50.702 ], [ -74.126, -50.6884 ], [ -74.1078, -50.7071 ], [ -74.1115, -50.7446 ], [ -74.1307, -50.757 ], [ -74.1439, -50.7449 ], [ -74.1174, -50.7426 ], [ -74.1529, -50.733 ], [ -74.2286, -50.5873 ], [ -74.1604, -50.5486 ], [ -74.0998, -50.5788 ], [ -74.0906, -50.6051 ], [ -74.0877, -50.5794 ], [ -74.1331, -50.5418 ], [ -74.1698, -50.5432 ], [ -74.2011, -50.5657 ], [ -74.2315, -50.5577 ], [ -74.2984, -50.4686 ], [ -74.2341, -50.4808 ], [ -74.1759, -50.4681 ], [ -74.1464, -50.5357 ], [ -74.1393, -50.5172 ], [ -74.1046, -50.5297 ], [ -74.1058, -50.5098 ], [ -74.1477, -50.5155 ], [ -74.1635, -50.4803 ], [ -73.9962, -50.5315 ], [ -73.9863, -50.5985 ], [ -73.9707, -50.5325 ], [ -73.8636, -50.551 ], [ -74.0071, -50.5139 ], [ -74.0214, -50.502 ], [ -74.0026, -50.4651 ], [ -74.0138, -50.4536 ], [ -74.0332, -50.4897 ], [ -74.0208, -50.4953 ], [ -74.0444, -50.4949 ], [ -74.1586, -50.4322 ], [ -74.1347, -50.4203 ], [ -74.0876, -50.4175 ], [ -74.0519, -50.3777 ], [ -73.9809, -50.3834 ], [ -73.967, -50.3654 ], [ -74.0628, -50.3639 ], [ -74.1018, -50.4128 ], [ -74.1584, -50.406 ], [ -74.1717, -50.4312 ], [ -74.2119, -50.4122 ], [ -74.2592, -50.4364 ], [ -74.1979, -50.4244 ], [ -74.2003, -50.441 ], [ -74.2458, -50.4469 ], [ -74.3085, -50.4261 ], [ -74.2593, -50.4179 ], [ -74.3086, -50.4227 ], [ -74.3257, -50.4047 ], [ -74.2939, -50.3419 ], [ -74.2479, -50.3169 ], [ -74.272, -50.3235 ], [ -74.2513, -50.3024 ], [ -74.2709, -50.2945 ], [ -74.2811, -50.3123 ], [ -74.2783, -50.2868 ], [ -74.2637, -50.275 ], [ -74.2903, -50.2403 ], [ -74.3313, -50.3817 ], [ -74.356, -50.3851 ], [ -74.3797, -50.3612 ], [ -74.3537, -50.4051 ], [ -74.4686, -50.3514 ], [ -74.4225, -50.3143 ], [ -74.4819, -50.3371 ], [ -74.5416, -50.3074 ], [ -74.5462, -50.2869 ], [ -74.4886, -50.2903 ], [ -74.5161, -50.2774 ], [ -74.4628, -50.266 ], [ -74.5432, -50.2666 ], [ -74.5584, -50.2533 ], [ -74.5352, -50.2284 ], [ -74.5801, -50.2443 ], [ -74.6367, -50.2336 ], [ -74.5604, -50.1835 ], [ -74.5723, -50.174 ], [ -74.6409, -50.2214 ], [ -74.7052, -50.2027 ], [ -74.6808, -50.1602 ], [ -74.6473, -50.1361 ], [ -74.5726, -50.1034 ], [ -74.5365, -50.0972 ], [ -74.5179, -50.1197 ], [ -74.5594, -50.1524 ], [ -74.4974, -50.142 ], [ -74.4822, -50.1235 ], [ -74.5039, -50.1279 ], [ -74.5247, -50.0788 ], [ -74.4661, -50.0813 ], [ -74.4595, -50.0969 ], [ -74.4631, -50.1098 ], [ -74.4378, -50.0897 ], [ -74.4094, -50.0832 ], [ -74.4065, -50.1077 ], [ -74.387, -50.0842 ], [ -74.4147, -50.081 ], [ -74.4572, -50.0893 ], [ -74.4783, -50.0669 ], [ -74.5572, -50.0693 ], [ -74.5556, -50.0873 ], [ -74.6126, -50.1017 ], [ -74.6114, -50.0944 ], [ -74.5571, -50.0625 ], [ -74.433, -50.0154 ], [ -74.3596, -50.0606 ], [ -74.3813, -50.0866 ], [ -74.3508, -50.0966 ], [ -74.3579, -50.1294 ], [ -74.3463, -50.0793 ], [ -74.2593, -50.1278 ], [ -74.2652, -50.1492 ], [ -74.3424, -50.1856 ], [ -74.2464, -50.1479 ], [ -74.26, -50.194 ], [ -74.2093, -50.2011 ], [ -74.1783, -50.2318 ], [ -74.1924, -50.2482 ], [ -74.1653, -50.283 ], [ -74.1661, -50.2466 ], [ -74.0966, -50.222 ], [ -74.0462, -50.2337 ], [ -74.0548, -50.2569 ], [ -74.0424, -50.2433 ], [ -73.9697, -50.2794 ], [ -74.0237, -50.234 ], [ -74.0192, -50.211 ], [ -74.086, -50.192 ], [ -74.1643, -50.2073 ], [ -74.2072, -50.1573 ], [ -74.1554, -50.1427 ], [ -74.1553, -50.1258 ], [ -74.2023, -50.1453 ], [ -74.2029, -50.1269 ], [ -74.1906, -50.1198 ], [ -74.2399, -50.0894 ], [ -74.2316, -50.0637 ], [ -74.2409, -50.0799 ], [ -74.2818, -50.0709 ], [ -74.3173, -50.0299 ], [ -74.2848, -50.0211 ], [ -74.3226, -50.0277 ], [ -74.3566, -49.9747 ], [ -74.3135, -49.9239 ], [ -74.296, -49.9744 ], [ -74.2701, -49.948 ], [ -74.2135, -49.9421 ], [ -74.1795, -49.9653 ], [ -74.1891, -49.9875 ], [ -74.1575, -49.9679 ], [ -74.1152, -50.0157 ], [ -74.0848, -49.9951 ], [ -74.0293, -50.0187 ], [ -74.033, -50.0587 ], [ -74.0166, -50.0233 ], [ -73.9911, -50.0272 ], [ -73.9751, -50.0744 ], [ -73.9801, -50.0339 ], [ -73.9195, -50.0236 ], [ -73.8582, -50.0392 ], [ -73.8707, -50.0041 ], [ -74.0134, -49.9991 ], [ -73.9437, -49.9246 ], [ -73.8051, -49.9168 ], [ -73.8997, -49.9112 ], [ -73.8735, -49.8662 ], [ -73.8131, -49.8312 ], [ -73.8806, -49.8587 ], [ -73.9123, -49.9173 ], [ -73.9759, -49.908 ], [ -73.9835, -49.9408 ], [ -74.0224, -49.9834 ], [ -74.0954, -49.9685 ], [ -74.1239, -49.9094 ], [ -74.1402, -49.9119 ], [ -74.163, -49.8938 ], [ -74.1766, -49.9177 ], [ -74.1857, -49.9012 ], [ -74.2104, -49.9163 ], [ -74.2763, -49.9069 ], [ -74.3273, -49.882 ], [ -74.3192, -49.7822 ], [ -74.3083, -49.8072 ], [ -74.266, -49.8005 ], [ -74.226, -49.7588 ], [ -74.1682, -49.7463 ], [ -74.1445, -49.7669 ], [ -74.1416, -49.749 ], [ -74.0812, -49.7629 ], [ -74.0615, -49.744 ], [ -74.0345, -49.7688 ], [ -74.0509, -49.7491 ], [ -74.0195, -49.7201 ], [ -74.0364, -49.7135 ], [ -74.0613, -49.7396 ], [ -74.1304, -49.7365 ], [ -74.1453, -49.7186 ], [ -74.153, -49.7339 ], [ -74.2491, -49.7353 ], [ -74.2804, -49.7665 ], [ -74.3026, -49.7483 ], [ -74.3073, -49.6453 ], [ -74.2622, -49.6121 ], [ -74.2204, -49.618 ], [ -74.2331, -49.5969 ], [ -74.2099, -49.5798 ], [ -74.137, -49.5623 ], [ -74.1519, -49.5922 ], [ -74.0662, -49.5398 ], [ -74.007, -49.5495 ], [ -73.9774, -49.5762 ], [ -74.0319, -49.6517 ], [ -73.9722, -49.6025 ], [ -73.9647, -49.5607 ], [ -73.9049, -49.5517 ], [ -73.8604, -49.6495 ], [ -73.7753, -49.6952 ], [ -73.7895, -49.7128 ], [ -73.7621, -49.6934 ], [ -73.7924, -49.6576 ], [ -73.7317, -49.664 ], [ -73.7379, -49.6496 ], [ -73.8074, -49.6461 ], [ -73.851, -49.5458 ], [ -73.9047, -49.5094 ], [ -73.9691, -49.5258 ], [ -74.0735, -49.505 ], [ -74.0472, -49.2851 ], [ -74.0058, -49.2566 ], [ -73.9404, -49.2883 ], [ -73.9213, -49.3271 ], [ -73.7922, -49.354 ], [ -73.7804, -49.4023 ], [ -73.7538, -49.4131 ], [ -73.7865, -49.3461 ], [ -73.9, -49.3161 ], [ -73.9142, -49.2838 ], [ -73.9173, -49.313 ], [ -73.9247, -49.2786 ], [ -74.0176, -49.2081 ], [ -74.0691, -49.2478 ], [ -74.1135, -49.1927 ], [ -74.1183, -49.2133 ], [ -74.1575, -49.1992 ], [ -74.1046, -49.2262 ], [ -74.0946, -49.2671 ], [ -74.1613, -49.5414 ], [ -74.2147, -49.5351 ], [ -74.265, -49.485 ], [ -74.3067, -49.4352 ], [ -74.2843, -49.4069 ], [ -74.3228, -49.4293 ], [ -74.3905, -49.3896 ], [ -74.387, -49.3772 ], [ -74.3683, -49.3914 ], [ -74.384, -49.3619 ], [ -74.3445, -49.3224 ], [ -74.3629, -49.1753 ], [ -74.3336, -49.1727 ], [ -74.37, -49.1058 ], [ -74.3439, -49.054 ], [ -74.3959, -49.0867 ], [ -74.4181, -49.0625 ], [ -74.4194, -48.9863 ], [ -74.3862, -48.9667 ], [ -74.3779, -48.9949 ], [ -74.3571, -48.9825 ], [ -74.3781, -48.9204 ], [ -74.3466, -48.9335 ], [ -74.3252, -48.9169 ], [ -74.2893, -48.9356 ], [ -74.3244, -48.9088 ], [ -74.403, -48.8784 ], [ -74.397, -48.8585 ], [ -74.341, -48.8627 ], [ -74.3911, -48.8553 ], [ -74.4049, -48.8045 ], [ -74.3258, -48.745 ], [ -74.3262, -48.7053 ], [ -74.3089, -48.7372 ], [ -74.3018, -48.7138 ], [ -74.2783, -48.7256 ], [ -74.291, -48.7417 ], [ -74.2888, -48.7514 ], [ -74.2637, -48.7663 ], [ -74.2869, -48.7493 ], [ -74.2826, -48.7366 ], [ -74.2753, -48.7498 ], [ -74.1536, -48.7014 ], [ -74.0253, -48.7392 ], [ -73.971, -48.7155 ], [ -73.1427, -49.2116 ], [ -73.1339, -49.2664 ], [ -73.0896, -49.2529 ], [ -73.0429, -49.2709 ], [ -73.082, -49.2832 ], [ -73.0771, -49.3809 ], [ -73.0403, -49.4269 ], [ -73.0541, -49.4652 ], [ -73.1302, -49.5246 ], [ -73.2168, -49.669 ], [ -73.3088, -49.7359 ], [ -73.4864, -49.8116 ], [ -73.5068, -49.8918 ], [ -73.5493, -49.907 ], [ -73.5576, -49.948 ], [ -73.4817, -49.9701 ], [ -73.4513, -49.9602 ], [ -73.4355, -50.0099 ], [ -73.4622, -50.0543 ], [ -73.4971, -50.0496 ], [ -73.4755, -50.0895 ], [ -73.5141, -50.1063 ], [ -73.5215, -50.1535 ], [ -73.4632, -50.1845 ], [ -73.4304, -50.1818 ], [ -73.416, -50.2003 ], [ -73.4519, -50.2411 ], [ -73.3625, -50.3011 ], [ -73.4377, -50.3436 ], [ -73.4361, -50.3627 ], [ -73.4169, -50.3816 ], [ -73.3702, -50.3723 ], [ -73.3875, -50.3922 ], [ -73.3582, -50.4287 ], [ -73.366, -50.4875 ], [ -73.3372, -50.4972 ], [ -73.3644, -50.5186 ], [ -73.3315, -50.5703 ], [ -73.1936, -50.6152 ], [ -73.145, -50.6514 ], [ -73.1984, -50.7407 ], [ -73.1497, -50.7677 ], [ -73.201, -50.8203 ], [ -73.1455, -50.7818 ], [ -73.0962, -50.7727 ], [ -73.0695, -50.7892 ], [ -73.0418, -50.7612 ], [ -73.0024, -50.7633 ], [ -72.8913, -50.6698 ], [ -72.7287, -50.614 ], [ -72.6926, -50.649 ], [ -72.6255, -50.658 ], [ -72.5961, -50.6816 ], [ -72.5449, -50.6202 ], [ -72.4918, -50.6008 ], [ -72.4045, -50.6369 ], [ -72.3533, -50.6178 ], [ -72.3378, -50.6493 ], [ -72.2861, -50.6591 ], [ -72.3494, -50.7517 ], [ -72.2865, -50.8018 ], [ -72.2467, -50.8781 ], [ -72.265, -51.0328 ], [ -72.3731, -51.0223 ], [ -72.3762, -51.0805 ], [ -72.4085, -51.1075 ], [ -72.348, -51.2039 ], [ -72.3034, -51.2013 ], [ -72.2591, -51.2527 ], [ -72.2696, -51.2836 ], [ -72.3715, -51.3363 ], [ -72.3087, -51.366 ], [ -72.3381, -51.4243 ], [ -72.324, -51.4749 ], [ -72.3512, -51.4844 ], [ -72.3446, -51.5206 ], [ -72.4048, -51.5134 ], [ -72.4413, -51.5852 ], [ -72.327, -51.5873 ], [ -72.3191, -51.6253 ], [ -72.2831, -51.6382 ], [ -72.2972, -51.6991 ], [ -72.2296, -51.7029 ], [ -72.1613, -51.7252 ], [ -72.1824, -51.7369 ], [ -72.1218, -51.744 ], [ -71.948, -51.874 ], [ -71.9287, -51.9149 ], [ -72.0321, -51.9588 ], [ -72.0066, -51.9787 ], [ -71.9653, -51.9721 ], [ -71.9229, -51.9991 ], [ -71.694, -52.0044 ] ], [ [ -72.2854, -53.576 ], [ -72.2889, -53.5715 ], [ -72.2922, -53.5723 ], [ -72.2854, -53.576 ] ], [ [ -72.2936, -53.5749 ], [ -72.2951, -53.5751 ], [ -72.2933, -53.5752 ], [ -72.2936, -53.5749 ] ], [ [ -72.2928, -53.5717 ], [ -72.2939, -53.5688 ], [ -72.2949, -53.5693 ], [ -72.2928, -53.5717 ] ], [ [ -71.9161, -53.5463 ], [ -71.9145, -53.5459 ], [ -71.9177, -53.5455 ], [ -71.9161, -53.5463 ] ], [ [ -71.757, -53.479 ], [ -71.7512, -53.4795 ], [ -71.7512, -53.478 ], [ -71.757, -53.479 ] ], [ [ -71.7482, -53.3455 ], [ -71.7528, -53.3456 ], [ -71.7503, -53.3478 ], [ -71.7482, -53.3455 ] ], [ [ -70.8208, -52.7672 ], [ -70.8165, -52.7642 ], [ -70.8227, -52.7656 ], [ -70.8208, -52.7672 ] ], [ [ -71.9423, -52.5266 ], [ -71.9389, -52.5259 ], [ -71.9439, -52.5264 ], [ -71.9423, -52.5266 ] ], [ [ -72.1013, -52.5201 ], [ -72.1003, -52.5161 ], [ -72.1059, -52.5148 ], [ -72.1013, -52.5201 ] ], [ [ -72.6664, -52.4167 ], [ -72.6634, -52.416 ], [ -72.6654, -52.4153 ], [ -72.6664, -52.4167 ] ], [ [ -72.4767, -51.7394 ], [ -72.4792, -51.7396 ], [ -72.4766, -51.7417 ], [ -72.4767, -51.7394 ] ], [ [ -72.6061, -51.6389 ], [ -72.604, -51.6357 ], [ -72.6101, -51.6362 ], [ -72.6061, -51.6389 ] ], [ [ -73.6489, -51.2033 ], [ -73.6409, -51.1998 ], [ -73.6568, -51.2001 ], [ -73.6489, -51.2033 ] ], [ [ -73.6282, -51.1991 ], [ -73.6256, -51.1765 ], [ -73.6313, -51.1711 ], [ -73.638, -51.1861 ], [ -73.6282, -51.1991 ] ], [ [ -73.4279, -50.9697 ], [ -73.4274, -50.9674 ], [ -73.428, -50.9697 ], [ -73.4279, -50.9697 ] ], [ [ -73.5241, -50.6816 ], [ -73.5252, -50.6811 ], [ -73.5237, -50.6825 ], [ -73.5241, -50.6816 ] ], [ [ -73.5081, -50.6494 ], [ -73.4994, -50.647 ], [ -73.4935, -50.6424 ], [ -73.5017, -50.6427 ], [ -73.5081, -50.6494 ] ], [ [ -73.6433, -50.3796 ], [ -73.6557, -50.3729 ], [ -73.6488, -50.3836 ], [ -73.6433, -50.3796 ] ], [ [ -74.2497, -50.3288 ], [ -74.2319, -50.3273 ], [ -74.2412, -50.3179 ], [ -74.2497, -50.3288 ] ], [ [ -74.2522, -50.3245 ], [ -74.2537, -50.3247 ], [ -74.251, -50.3257 ], [ -74.2522, -50.3245 ] ], [ [ -74.2458, -50.3194 ], [ -74.2457, -50.3173 ], [ -74.2472, -50.3189 ], [ -74.2458, -50.3194 ] ], [ [ -74.265, -50.2956 ], [ -74.266, -50.2951 ], [ -74.2659, -50.2957 ], [ -74.265, -50.2956 ] ], [ [ -74.2711, -50.2904 ], [ -74.2724, -50.2894 ], [ -74.2713, -50.2913 ], [ -74.2711, -50.2904 ] ], [ [ -74.1555, -50.2875 ], [ -74.152, -50.285 ], [ -74.1559, -50.2825 ], [ -74.1555, -50.2875 ] ], [ [ -74.1356, -50.2814 ], [ -74.1351, -50.2859 ], [ -74.1311, -50.2837 ], [ -74.1356, -50.2814 ] ], [ [ -74.1445, -50.2868 ], [ -74.1463, -50.2845 ], [ -74.1461, -50.2872 ], [ -74.1445, -50.2868 ] ], [ [ -74.1307, -50.2802 ], [ -74.1468, -50.2732 ], [ -74.1469, -50.2784 ], [ -74.1307, -50.2802 ] ], [ [ -74.1523, -50.2778 ], [ -74.1556, -50.2747 ], [ -74.1554, -50.2787 ], [ -74.1523, -50.2778 ] ], [ [ -74.1669, -50.1228 ], [ -74.1338, -50.0996 ], [ -74.1886, -50.1154 ], [ -74.1669, -50.1228 ] ], [ [ -74.1916, -50.1217 ], [ -74.1876, -50.1231 ], [ -74.1869, -50.1223 ], [ -74.1916, -50.1217 ] ], [ [ -74.1755, -50.1202 ], [ -74.1739, -50.1222 ], [ -74.1726, -50.1216 ], [ -74.1755, -50.1202 ] ], [ [ -74.124, -50.0989 ], [ -74.1232, -50.1054 ], [ -74.1195, -50.1052 ], [ -74.124, -50.0989 ] ], [ [ -74.231, -50.0838 ], [ -74.2345, -50.0819 ], [ -74.2341, -50.0851 ], [ -74.231, -50.0838 ] ], [ [ -73.8331, -49.808 ], [ -73.835, -49.8061 ], [ -73.8356, -49.8069 ], [ -73.8331, -49.808 ] ], [ [ -74.0195, -49.7739 ], [ -74.0048, -49.778 ], [ -74.0042, -49.7744 ], [ -74.0195, -49.7739 ] ], [ [ -74.217, -49.7707 ], [ -74.2171, -49.7678 ], [ -74.2201, -49.7685 ], [ -74.217, -49.7707 ] ], [ [ -74.0243, -49.7755 ], [ -74.0207, -49.7762 ], [ -74.0205, -49.7754 ], [ -74.0243, -49.7755 ] ], [ [ -74.0252, -49.775 ], [ -74.0327, -49.7667 ], [ -74.0361, -49.7707 ], [ -74.0252, -49.775 ] ], [ [ -74.053, -49.4075 ], [ -74.0531, -49.4068 ], [ -74.0532, -49.4075 ], [ -74.053, -49.4075 ] ], [ [ -74.0514, -49.4055 ], [ -74.0521, -49.4052 ], [ -74.0521, -49.4057 ], [ -74.0514, -49.4055 ] ], [ [ -74.1239, -49.1873 ], [ -74.124, -49.1863 ], [ -74.1245, -49.1873 ], [ -74.1239, -49.1873 ] ], [ [ -74.4104, -49.0185 ], [ -74.4132, -49.0165 ], [ -74.4135, -49.0183 ], [ -74.4104, -49.0185 ] ], [ [ -74.3473, -48.9451 ], [ -74.3479, -48.9399 ], [ -74.3505, -48.9441 ], [ -74.3473, -48.9451 ] ], [ [ -74.3368, -48.9338 ], [ -74.3356, -48.9317 ], [ -74.3396, -48.9346 ], [ -74.3368, -48.9338 ] ], [ [ -74.2227, -49.1952 ], [ -74.2208, -49.1954 ], [ -74.2208, -49.1945 ], [ -74.2227, -49.1952 ] ], [ [ -74.1683, -49.2005 ], [ -74.1671, -49.2004 ], [ -74.167, -49.2 ], [ -74.1683, -49.2005 ] ], [ [ -74.1028, -49.2517 ], [ -74.107, -49.2529 ], [ -74.107, -49.2532 ], [ -74.1047, -49.2532 ], [ -74.1028, -49.2517 ] ], [ [ -74.1148, -49.2541 ], [ -74.1131, -49.2531 ], [ -74.1154, -49.2519 ], [ -74.1148, -49.2541 ] ], [ [ -74.1204, -49.3221 ], [ -74.1242, -49.3248 ], [ -74.1233, -49.3284 ], [ -74.1204, -49.3221 ] ], [ [ -74.1199, -49.3344 ], [ -74.1245, -49.3342 ], [ -74.1242, -49.3402 ], [ -74.1199, -49.3344 ] ], [ [ -74.1167, -49.3475 ], [ -74.1162, -49.3487 ], [ -74.1153, -49.3477 ], [ -74.1167, -49.3475 ] ], [ [ -74.122, -49.35 ], [ -74.1242, -49.35 ], [ -74.123, -49.3515 ], [ -74.122, -49.35 ] ], [ [ -74.1144, -49.352 ], [ -74.1138, -49.355 ], [ -74.1114, -49.3531 ], [ -74.1144, -49.352 ] ], [ [ -74.3704, -49.3928 ], [ -74.373, -49.3911 ], [ -74.3706, -49.394 ], [ -74.3704, -49.3928 ] ], [ [ -74.3886, -49.3901 ], [ -74.385, -49.3843 ], [ -74.3867, -49.3828 ], [ -74.3886, -49.3901 ] ], [ [ -74.3611, -49.3982 ], [ -74.3707, -49.3997 ], [ -74.3603, -49.406 ], [ -74.3611, -49.3982 ] ], [ [ -74.119, -49.2084 ], [ -74.1192, -49.2104 ], [ -74.1192, -49.2108 ], [ -74.119, -49.2084 ] ], [ [ -74.285, -49.6425 ], [ -74.2861, -49.6419 ], [ -74.2861, -49.6421 ], [ -74.285, -49.6425 ] ], [ [ -74.052, -49.7618 ], [ -74.0541, -49.7606 ], [ -74.0544, -49.7624 ], [ -74.052, -49.7618 ] ], [ [ -74.0786, -49.7578 ], [ -74.0803, -49.7573 ], [ -74.0799, -49.7581 ], [ -74.0786, -49.7578 ] ], [ [ -73.9217, -49.8604 ], [ -73.9137, -49.8628 ], [ -73.921, -49.8581 ], [ -73.9217, -49.8604 ] ], [ [ -73.9687, -49.9016 ], [ -73.97, -49.9045 ], [ -73.9668, -49.903 ], [ -73.9687, -49.9016 ] ], [ [ -74.2069, -49.8952 ], [ -74.2061, -49.8964 ], [ -74.2051, -49.8949 ], [ -74.2069, -49.8952 ] ], [ [ -74.2507, -49.8974 ], [ -74.2606, -49.8938 ], [ -74.2652, -49.8975 ], [ -74.2507, -49.8974 ] ], [ [ -74.1346, -49.9042 ], [ -74.1309, -49.9053 ], [ -74.1298, -49.9039 ], [ -74.1346, -49.9042 ] ], [ [ -73.9779, -49.9145 ], [ -73.98, -49.9148 ], [ -73.9778, -49.9161 ], [ -73.9779, -49.9145 ] ], [ [ -74.0192, -49.9742 ], [ -74.0256, -49.9752 ], [ -74.0252, -49.9756 ], [ -74.0192, -49.9742 ] ], [ [ -74.2788, -50.0554 ], [ -74.2774, -50.0588 ], [ -74.2739, -50.0548 ], [ -74.2788, -50.0554 ] ], [ [ -74.0555, -50.0149 ], [ -74.0539, -50.0168 ], [ -74.0522, -50.0156 ], [ -74.0555, -50.0149 ] ], [ [ -74.0502, -50.0143 ], [ -74.0511, -50.0161 ], [ -74.0497, -50.0162 ], [ -74.0502, -50.0143 ] ], [ [ -74.1386, -50.0007 ], [ -74.143, -50.0036 ], [ -74.1419, -50.0047 ], [ -74.1386, -50.0007 ] ], [ [ -74.1334, -49.9962 ], [ -74.1344, -49.9973 ], [ -74.1333, -49.9971 ], [ -74.1334, -49.9962 ] ], [ [ -74.1349, -49.9963 ], [ -74.1363, -49.9943 ], [ -74.1372, -49.9949 ], [ -74.1349, -49.9963 ] ], [ [ -74.3443, -49.979 ], [ -74.3439, -49.9766 ], [ -74.3478, -49.9785 ], [ -74.3443, -49.979 ] ], [ [ -74.1937, -50.1294 ], [ -74.1917, -50.1301 ], [ -74.1919, -50.1288 ], [ -74.1937, -50.1294 ] ], [ [ -74.1491, -50.268 ], [ -74.1439, -50.2659 ], [ -74.1489, -50.2647 ], [ -74.1491, -50.268 ] ], [ [ -74.1505, -50.2622 ], [ -74.1541, -50.2615 ], [ -74.1522, -50.264 ], [ -74.1505, -50.2622 ] ], [ [ -74.0559, -50.2392 ], [ -74.059, -50.2374 ], [ -74.0616, -50.238 ], [ -74.0559, -50.2392 ] ], [ [ -74.1884, -50.2767 ], [ -74.189, -50.2773 ], [ -74.188, -50.2773 ], [ -74.1884, -50.2767 ] ], [ [ -74.1873, -50.2761 ], [ -74.188, -50.2754 ], [ -74.1891, -50.2756 ], [ -74.1873, -50.2761 ] ], [ [ -74.1888, -50.2703 ], [ -74.1867, -50.2678 ], [ -74.1854, -50.2614 ], [ -74.1888, -50.2703 ] ], [ [ -74.1721, -50.2652 ], [ -74.1748, -50.2665 ], [ -74.1729, -50.2674 ], [ -74.1721, -50.2652 ] ], [ [ -74.3189, -50.2176 ], [ -74.3202, -50.2171 ], [ -74.3201, -50.2178 ], [ -74.3189, -50.2176 ] ], [ [ -74.3465, -50.1914 ], [ -74.3526, -50.1889 ], [ -74.3523, -50.191 ], [ -74.3465, -50.1914 ] ], [ [ -74.6609, -50.1702 ], [ -74.6681, -50.1691 ], [ -74.6625, -50.1722 ], [ -74.6609, -50.1702 ] ], [ [ -74.6534, -50.1503 ], [ -74.6557, -50.1525 ], [ -74.6496, -50.1541 ], [ -74.6534, -50.1503 ] ], [ [ -74.2668, -50.1353 ], [ -74.268, -50.1355 ], [ -74.2677, -50.1363 ], [ -74.2668, -50.1353 ] ], [ [ -74.2651, -50.1311 ], [ -74.2668, -50.1316 ], [ -74.265, -50.1318 ], [ -74.2651, -50.1311 ] ], [ [ -74.3656, -50.0969 ], [ -74.3662, -50.0961 ], [ -74.3667, -50.0968 ], [ -74.3656, -50.0969 ] ], [ [ -74.384, -50.0843 ], [ -74.3828, -50.0841 ], [ -74.3842, -50.0832 ], [ -74.384, -50.0843 ] ], [ [ -74.4277, -50.077 ], [ -74.4295, -50.0768 ], [ -74.4273, -50.0776 ], [ -74.4277, -50.077 ] ], [ [ -74.5945, -50.089 ], [ -74.5954, -50.0883 ], [ -74.597, -50.0896 ], [ -74.5945, -50.089 ] ], [ [ -74.599, -50.0899 ], [ -74.6007, -50.0912 ], [ -74.5979, -50.0899 ], [ -74.599, -50.0899 ] ], [ [ -74.4496, -50.081 ], [ -74.4504, -50.0822 ], [ -74.4481, -50.0815 ], [ -74.4496, -50.081 ] ], [ [ -74.4479, -50.0845 ], [ -74.4473, -50.0852 ], [ -74.4473, -50.0846 ], [ -74.4479, -50.0845 ] ], [ [ -74.4454, -50.1025 ], [ -74.4477, -50.1028 ], [ -74.4469, -50.1033 ], [ -74.4454, -50.1025 ] ], [ [ -74.5, -50.0982 ], [ -74.4914, -50.0986 ], [ -74.4855, -50.0972 ], [ -74.5, -50.0982 ] ], [ [ -74.5158, -50.0953 ], [ -74.5145, -50.0952 ], [ -74.5157, -50.0948 ], [ -74.5158, -50.0953 ] ], [ [ -74.4769, -50.0861 ], [ -74.4762, -50.0844 ], [ -74.4783, -50.0856 ], [ -74.4769, -50.0861 ] ], [ [ -74.4665, -50.0851 ], [ -74.4656, -50.0853 ], [ -74.468, -50.0841 ], [ -74.4665, -50.0851 ] ], [ [ -74.5029, -50.0788 ], [ -74.5047, -50.078 ], [ -74.5048, -50.0787 ], [ -74.5029, -50.0788 ] ], [ [ -74.5985, -50.1181 ], [ -74.5994, -50.1173 ], [ -74.5996, -50.118 ], [ -74.5985, -50.1181 ] ], [ [ -74.5903, -50.2298 ], [ -74.5879, -50.2306 ], [ -74.5885, -50.2294 ], [ -74.5903, -50.2298 ] ], [ [ -74.2955, -50.3003 ], [ -74.2941, -50.3002 ], [ -74.2955, -50.2995 ], [ -74.2955, -50.3003 ] ], [ [ -74.3144, -50.4101 ], [ -74.3121, -50.4097 ], [ -74.3144, -50.4096 ], [ -74.3144, -50.4101 ] ], [ [ -74.2948, -50.4138 ], [ -74.2952, -50.4148 ], [ -74.2944, -50.414 ], [ -74.2948, -50.4138 ] ], [ [ -74.2908, -50.417 ], [ -74.2898, -50.4166 ], [ -74.2928, -50.4165 ], [ -74.2908, -50.417 ] ], [ [ -74.3045, -50.4189 ], [ -74.3063, -50.4186 ], [ -74.3064, -50.4188 ], [ -74.3045, -50.4189 ] ], [ [ -74.2605, -50.423 ], [ -74.2651, -50.4272 ], [ -74.2575, -50.4265 ], [ -74.2605, -50.423 ] ], [ [ -74.2813, -50.4268 ], [ -74.2804, -50.4263 ], [ -74.2815, -50.4265 ], [ -74.2813, -50.4268 ] ], [ [ -74.2917, -50.4285 ], [ -74.2882, -50.427 ], [ -74.2924, -50.4277 ], [ -74.2917, -50.4285 ] ], [ [ -73.6126, -50.3932 ], [ -73.6092, -50.3972 ], [ -73.6079, -50.3966 ], [ -73.6126, -50.3932 ] ], [ [ -74.0221, -50.4255 ], [ -74.0261, -50.4276 ], [ -74.0229, -50.4284 ], [ -74.0221, -50.4255 ] ], [ [ -74.115, -50.4238 ], [ -74.1197, -50.425 ], [ -74.1149, -50.4249 ], [ -74.115, -50.4238 ] ], [ [ -74.0383, -50.4537 ], [ -74.0446, -50.4555 ], [ -74.0383, -50.4584 ], [ -74.0383, -50.4537 ] ], [ [ -73.7324, -50.4916 ], [ -73.7306, -50.4861 ], [ -73.736, -50.4913 ], [ -73.7324, -50.4916 ] ], [ [ -73.7358, -50.493 ], [ -73.7347, -50.4924 ], [ -73.7362, -50.492 ], [ -73.7358, -50.493 ] ], [ [ -73.7467, -50.5008 ], [ -73.7457, -50.5022 ], [ -73.7451, -50.5004 ], [ -73.7467, -50.5008 ] ], [ [ -74.0295, -50.5408 ], [ -74.0275, -50.5433 ], [ -74.0256, -50.5381 ], [ -74.0295, -50.5408 ] ], [ [ -74.0321, -50.5404 ], [ -74.038, -50.5398 ], [ -74.0321, -50.5407 ], [ -74.0321, -50.5404 ] ], [ [ -74.0457, -50.539 ], [ -74.0432, -50.5374 ], [ -74.046, -50.5375 ], [ -74.0457, -50.539 ] ], [ [ -73.848, -50.6508 ], [ -73.8385, -50.658 ], [ -73.8264, -50.6574 ], [ -73.848, -50.6508 ] ], [ [ -73.8248, -50.6604 ], [ -73.8225, -50.6614 ], [ -73.8222, -50.6614 ], [ -73.8248, -50.6604 ] ], [ [ -74.1359, -50.7491 ], [ -74.1344, -50.7483 ], [ -74.1366, -50.7476 ], [ -74.1359, -50.7491 ] ], [ [ -74.0159, -50.8205 ], [ -74.0219, -50.8255 ], [ -74.016, -50.8275 ], [ -74.0159, -50.8205 ] ], [ [ -73.9408, -50.8284 ], [ -73.9417, -50.8321 ], [ -73.9364, -50.829 ], [ -73.9408, -50.8284 ] ], [ [ -73.9356, -50.8346 ], [ -73.9353, -50.836 ], [ -73.9349, -50.835 ], [ -73.9356, -50.8346 ] ], [ [ -73.5254, -50.6797 ], [ -73.5207, -50.6769 ], [ -73.5256, -50.6766 ], [ -73.5254, -50.6797 ] ], [ [ -73.5246, -50.6723 ], [ -73.5257, -50.6703 ], [ -73.5251, -50.6723 ], [ -73.5246, -50.6723 ] ], [ [ -74.0316, -50.9472 ], [ -74.0339, -50.9475 ], [ -74.0334, -50.9484 ], [ -74.0316, -50.9472 ] ], [ [ -74.0364, -50.9424 ], [ -74.0329, -50.9438 ], [ -74.0332, -50.9426 ], [ -74.0364, -50.9424 ] ], [ [ -74.0523, -50.9477 ], [ -74.0566, -50.9488 ], [ -74.0549, -50.9504 ], [ -74.0523, -50.9477 ] ], [ [ -74.0328, -50.9462 ], [ -74.034, -50.9459 ], [ -74.0355, -50.9459 ], [ -74.0328, -50.9462 ] ], [ [ -74.1803, -50.8922 ], [ -74.1733, -50.891 ], [ -74.1719, -50.8884 ], [ -74.1803, -50.8922 ] ], [ [ -73.8108, -51.1966 ], [ -73.8048, -51.2006 ], [ -73.8092, -51.1945 ], [ -73.8108, -51.1966 ] ], [ [ -73.083, -51.3986 ], [ -73.0895, -51.3999 ], [ -73.088, -51.4034 ], [ -73.083, -51.3986 ] ], [ [ -73.2203, -51.5067 ], [ -73.2158, -51.5074 ], [ -73.2181, -51.5051 ], [ -73.2203, -51.5067 ] ], [ [ -73.5176, -51.5285 ], [ -73.5713, -51.5075 ], [ -73.5219, -51.5431 ], [ -73.5176, -51.5285 ] ], [ [ -73.5735, -51.5093 ], [ -73.5784, -51.5027 ], [ -73.5825, -51.5119 ], [ -73.5735, -51.5093 ] ], [ [ -73.5976, -51.5318 ], [ -73.5995, -51.533 ], [ -73.5952, -51.5329 ], [ -73.5976, -51.5318 ] ], [ [ -73.6032, -51.5291 ], [ -73.6058, -51.5287 ], [ -73.6032, -51.5296 ], [ -73.6032, -51.5291 ] ], [ [ -73.3062, -51.5726 ], [ -73.3106, -51.5853 ], [ -73.2987, -51.5948 ], [ -73.3047, -51.5854 ], [ -73.3062, -51.5726 ] ], [ [ -73.8391, -51.5508 ], [ -73.8458, -51.5608 ], [ -73.8238, -51.5574 ], [ -73.8391, -51.5508 ] ], [ [ -73.8076, -51.558 ], [ -73.819, -51.5602 ], [ -73.8057, -51.56 ], [ -73.8076, -51.558 ] ], [ [ -73.715, -51.4802 ], [ -73.7189, -51.4784 ], [ -73.715, -51.4835 ], [ -73.715, -51.4802 ] ], [ [ -73.8478, -51.5874 ], [ -73.8499, -51.5882 ], [ -73.845, -51.5889 ], [ -73.8478, -51.5874 ] ], [ [ -73.2963, -51.6969 ], [ -73.2863, -51.6924 ], [ -73.2979, -51.6863 ], [ -73.2963, -51.6969 ] ], [ [ -73.2241, -51.8816 ], [ -73.2387, -51.8763 ], [ -73.243, -51.8835 ], [ -73.2241, -51.8816 ] ], [ [ -72.9669, -51.8509 ], [ -72.9669, -51.8493 ], [ -72.968, -51.8495 ], [ -72.9669, -51.8509 ] ], [ [ -72.9895, -51.8432 ], [ -72.975, -51.8364 ], [ -72.9888, -51.8365 ], [ -72.9895, -51.8432 ] ], [ [ -72.9788, -51.8259 ], [ -72.9776, -51.8265 ], [ -72.9748, -51.8257 ], [ -72.9788, -51.8259 ] ], [ [ -72.633, -52.4043 ], [ -72.6344, -52.4041 ], [ -72.6324, -52.4053 ], [ -72.633, -52.4043 ] ], [ [ -72.638, -52.4042 ], [ -72.6393, -52.4043 ], [ -72.6376, -52.4051 ], [ -72.638, -52.4042 ] ], [ [ -72.7789, -52.4516 ], [ -72.7767, -52.4514 ], [ -72.7766, -52.4508 ], [ -72.7789, -52.4516 ] ], [ [ -72.7275, -52.4371 ], [ -72.7257, -52.4388 ], [ -72.7241, -52.4389 ], [ -72.7275, -52.4371 ] ], [ [ -72.9169, -52.4248 ], [ -72.8803, -52.4154 ], [ -72.85, -52.4203 ], [ -72.8679, -52.4044 ], [ -72.9169, -52.4248 ] ], [ [ -72.9308, -52.4191 ], [ -72.9272, -52.4152 ], [ -72.9326, -52.4164 ], [ -72.9308, -52.4191 ] ], [ [ -73.5443, -52.3685 ], [ -73.5455, -52.3665 ], [ -73.5469, -52.3679 ], [ -73.5443, -52.3685 ] ], [ [ -72.6406, -52.3539 ], [ -72.645, -52.3519 ], [ -72.6426, -52.3555 ], [ -72.6406, -52.3539 ] ], [ [ -72.6313, -52.3557 ], [ -72.6327, -52.3563 ], [ -72.6307, -52.3568 ], [ -72.6313, -52.3557 ] ], [ [ -72.6409, -52.3623 ], [ -72.6499, -52.3553 ], [ -72.6566, -52.3573 ], [ -72.6409, -52.3623 ] ], [ [ -72.6333, -52.3574 ], [ -72.6349, -52.359 ], [ -72.632, -52.3581 ], [ -72.6333, -52.3574 ] ], [ [ -72.6549, -52.3618 ], [ -72.6534, -52.3603 ], [ -72.6557, -52.3601 ], [ -72.6549, -52.3618 ] ], [ [ -72.6089, -52.3413 ], [ -72.6109, -52.3389 ], [ -72.6101, -52.3414 ], [ -72.6089, -52.3413 ] ], [ [ -72.898, -52.2837 ], [ -72.8978, -52.2802 ], [ -72.8996, -52.2803 ], [ -72.898, -52.2837 ] ], [ [ -72.7436, -52.0769 ], [ -72.7419, -52.0767 ], [ -72.7453, -52.0773 ], [ -72.7436, -52.0769 ] ], [ [ -72.7396, -52.0732 ], [ -72.7437, -52.0714 ], [ -72.7408, -52.0739 ], [ -72.7396, -52.0732 ] ], [ [ -73.5782, -52.2774 ], [ -73.5685, -52.2772 ], [ -73.5793, -52.2725 ], [ -73.5782, -52.2774 ] ], [ [ -73.562, -52.2719 ], [ -73.5634, -52.2772 ], [ -73.5537, -52.2786 ], [ -73.562, -52.2719 ] ], [ [ -73.5147, -52.274 ], [ -73.511, -52.2727 ], [ -73.5153, -52.2708 ], [ -73.5147, -52.274 ] ], [ [ -73.5687, -52.2668 ], [ -73.5702, -52.2669 ], [ -73.5688, -52.2682 ], [ -73.5687, -52.2668 ] ], [ [ -73.5733, -52.2658 ], [ -73.5757, -52.265 ], [ -73.5758, -52.2655 ], [ -73.5733, -52.2658 ] ], [ [ -73.5767, -52.2645 ], [ -73.5767, -52.2632 ], [ -73.5794, -52.2641 ], [ -73.5767, -52.2645 ] ], [ [ -73.5324, -52.2336 ], [ -73.5336, -52.2352 ], [ -73.5307, -52.2349 ], [ -73.5324, -52.2336 ] ], [ [ -73.5377, -52.2335 ], [ -73.5346, -52.2325 ], [ -73.537, -52.232 ], [ -73.5377, -52.2335 ] ], [ [ -73.5329, -52.2303 ], [ -73.5313, -52.2326 ], [ -73.5296, -52.2308 ], [ -73.5329, -52.2303 ] ], [ [ -73.5353, -52.2311 ], [ -73.5365, -52.2295 ], [ -73.5383, -52.2302 ], [ -73.5353, -52.2311 ] ], [ [ -73.5331, -52.2288 ], [ -73.5271, -52.2228 ], [ -73.5347, -52.2277 ], [ -73.5331, -52.2288 ] ], [ [ -73.5095, -52.2196 ], [ -73.506, -52.2205 ], [ -73.5043, -52.2188 ], [ -73.5095, -52.2196 ] ], [ [ -73.5086, -52.2019 ], [ -73.5119, -52.2022 ], [ -73.5057, -52.2031 ], [ -73.5086, -52.2019 ] ], [ [ -73.5116, -52.2008 ], [ -73.5096, -52.1995 ], [ -73.5122, -52.2004 ], [ -73.5116, -52.2008 ] ], [ [ -73.5086, -52.1995 ], [ -73.5076, -52.2002 ], [ -73.505, -52.1988 ], [ -73.5086, -52.1995 ] ], [ [ -73.562, -52.1754 ], [ -73.567, -52.1719 ], [ -73.5642, -52.1769 ], [ -73.562, -52.1754 ] ], [ [ -73.5716, -52.1717 ], [ -73.5701, -52.1719 ], [ -73.5712, -52.1701 ], [ -73.5716, -52.1717 ] ], [ [ -73.5716, -52.1683 ], [ -73.5731, -52.1676 ], [ -73.5714, -52.1697 ], [ -73.5716, -52.1683 ] ], [ [ -72.6271, -52.5495 ], [ -72.6275, -52.5508 ], [ -72.627, -52.5508 ], [ -72.6271, -52.5495 ] ], [ [ -72.6298, -52.552 ], [ -72.6272, -52.5523 ], [ -72.6274, -52.5511 ], [ -72.6298, -52.552 ] ], [ [ -72.6274, -52.5593 ], [ -72.6316, -52.5583 ], [ -72.6321, -52.5602 ], [ -72.6274, -52.5593 ] ], [ [ -72.6345, -52.5607 ], [ -72.6358, -52.5608 ], [ -72.6345, -52.5608 ], [ -72.6345, -52.5607 ] ], [ [ -72.1459, -52.5195 ], [ -72.1419, -52.5222 ], [ -72.145, -52.517 ], [ -72.1459, -52.5195 ] ], [ [ -72.4122, -52.6396 ], [ -72.4108, -52.6394 ], [ -72.4114, -52.6388 ], [ -72.4122, -52.6396 ] ], [ [ -72.4131, -52.6416 ], [ -72.4131, -52.6426 ], [ -72.4123, -52.6431 ], [ -72.4131, -52.6416 ] ], [ [ -72.4179, -52.6444 ], [ -72.4205, -52.6427 ], [ -72.4208, -52.6443 ], [ -72.4179, -52.6444 ] ], [ [ -72.4238, -52.6442 ], [ -72.4268, -52.6436 ], [ -72.4258, -52.6456 ], [ -72.4238, -52.6442 ] ], [ [ -72.4238, -52.6451 ], [ -72.4259, -52.646 ], [ -72.4265, -52.6467 ], [ -72.4238, -52.6451 ] ], [ [ -72.4289, -52.6479 ], [ -72.4353, -52.644 ], [ -72.4311, -52.65 ], [ -72.4289, -52.6479 ] ], [ [ -72.4287, -52.6537 ], [ -72.4332, -52.6578 ], [ -72.4263, -52.6535 ], [ -72.4287, -52.6537 ] ], [ [ -72.4135, -52.6563 ], [ -72.4135, -52.6571 ], [ -72.4125, -52.6567 ], [ -72.4135, -52.6563 ] ], [ [ -72.428, -52.6594 ], [ -72.4264, -52.6599 ], [ -72.4264, -52.6595 ], [ -72.428, -52.6594 ] ], [ [ -72.4099, -52.6374 ], [ -72.4119, -52.6371 ], [ -72.4095, -52.6382 ], [ -72.4099, -52.6374 ] ], [ [ -71.9862, -53.5225 ], [ -71.9844, -53.5227 ], [ -71.9852, -53.5212 ], [ -71.9862, -53.5225 ] ], [ [ -72.4006, -53.4907 ], [ -72.4026, -53.4896 ], [ -72.4027, -53.4907 ], [ -72.4006, -53.4907 ] ], [ [ -71.9184, -53.5013 ], [ -71.9147, -53.5005 ], [ -71.9186, -53.5008 ], [ -71.9184, -53.5013 ] ], [ [ -72.3979, -53.4881 ], [ -72.3965, -53.4867 ], [ -72.3988, -53.4864 ], [ -72.3979, -53.4881 ] ], [ [ -72.4043, -53.4873 ], [ -72.4023, -53.4842 ], [ -72.4052, -53.4839 ], [ -72.4043, -53.4873 ] ], [ [ -72.4035, -53.4725 ], [ -72.405, -53.4727 ], [ -72.4032, -53.4739 ], [ -72.4035, -53.4725 ] ], [ [ -71.8637, -53.4803 ], [ -71.871, -53.4814 ], [ -71.8717, -53.4836 ], [ -71.8637, -53.4803 ] ], [ [ -72.2105, -53.455 ], [ -72.2123, -53.4543 ], [ -72.2123, -53.4551 ], [ -72.2105, -53.455 ] ], [ [ -72.2095, -53.4525 ], [ -72.2093, -53.4505 ], [ -72.2116, -53.4533 ], [ -72.2095, -53.4525 ] ], [ [ -71.8195, -53.3942 ], [ -71.8196, -53.3926 ], [ -71.8217, -53.3934 ], [ -71.8195, -53.3942 ] ], [ [ -71.8337, -53.3873 ], [ -71.8251, -53.3911 ], [ -71.833, -53.3845 ], [ -71.8337, -53.3873 ] ], [ [ -72.1864, -53.4036 ], [ -72.1815, -53.4023 ], [ -72.1872, -53.3989 ], [ -72.1864, -53.4036 ] ], [ [ -72.1328, -53.3844 ], [ -72.1304, -53.385 ], [ -72.1314, -53.3837 ], [ -72.1328, -53.3844 ] ], [ [ -72.1195, -53.3783 ], [ -72.1187, -53.3776 ], [ -72.1203, -53.3782 ], [ -72.1195, -53.3783 ] ], [ [ -72.3003, -53.2609 ], [ -72.2988, -53.2639 ], [ -72.2895, -53.2598 ], [ -72.3003, -53.2609 ] ], [ [ -72.3388, -53.542 ], [ -72.3343, -53.5444 ], [ -72.333, -53.5426 ], [ -72.3388, -53.542 ] ] ], [ [ [ -75.2319, -49.6173 ], [ -75.2788, -49.6307 ], [ -75.2924, -49.5981 ], [ -75.2539, -49.5677 ], [ -75.1565, -49.5466 ], [ -75.2267, -49.5523 ], [ -75.1428, -49.5032 ], [ -75.2514, -49.5566 ], [ -75.2376, -49.5337 ], [ -75.3026, -49.5326 ], [ -75.2579, -49.4913 ], [ -75.1845, -49.475 ], [ -75.234, -49.48 ], [ -75.1975, -49.4363 ], [ -75.313, -49.5157 ], [ -75.3254, -49.4921 ], [ -75.3026, -49.4863 ], [ -75.3386, -49.4637 ], [ -75.2858, -49.4228 ], [ -75.3713, -49.4532 ], [ -75.3107, -49.4392 ], [ -75.3551, -49.4744 ], [ -75.3881, -49.4847 ], [ -75.3999, -49.4535 ], [ -75.3234, -49.4123 ], [ -75.3416, -49.4107 ], [ -75.3054, -49.3825 ], [ -75.4024, -49.4419 ], [ -75.4349, -49.3838 ], [ -75.417, -49.3327 ], [ -75.4511, -49.3461 ], [ -75.4343, -49.3193 ], [ -75.4382, -49.2771 ], [ -75.4533, -49.2749 ], [ -75.3561, -49.2461 ], [ -75.3285, -49.2523 ], [ -75.3395, -49.2655 ], [ -75.3235, -49.2528 ], [ -75.3327, -49.2799 ], [ -75.4027, -49.3047 ], [ -75.415, -49.3263 ], [ -75.3447, -49.2908 ], [ -75.3489, -49.3129 ], [ -75.3192, -49.2765 ], [ -75.3031, -49.303 ], [ -75.3323, -49.3149 ], [ -75.2922, -49.3155 ], [ -75.308, -49.3399 ], [ -75.2832, -49.3325 ], [ -75.2901, -49.3531 ], [ -75.2345, -49.3957 ], [ -75.251, -49.405 ], [ -75.207, -49.4252 ], [ -75.2236, -49.4332 ], [ -75.2047, -49.4258 ], [ -75.2014, -49.421 ], [ -75.1464, -49.4665 ], [ -75.0962, -49.481 ], [ -75.1966, -49.4145 ], [ -75.1845, -49.4201 ], [ -75.007, -49.4121 ], [ -74.9518, -49.3942 ], [ -75.0699, -49.4135 ], [ -75.2064, -49.4089 ], [ -75.2073, -49.3912 ], [ -75.1423, -49.3912 ], [ -75.2391, -49.3758 ], [ -75.218, -49.3563 ], [ -75.2415, -49.3673 ], [ -75.2742, -49.3154 ], [ -75.1991, -49.3259 ], [ -75.2752, -49.3086 ], [ -75.3043, -49.2571 ], [ -75.2408, -49.2644 ], [ -75.3052, -49.2484 ], [ -75.2726, -49.226 ], [ -75.2124, -49.2311 ], [ -75.2166, -49.2828 ], [ -75.188, -49.2786 ], [ -75.2101, -49.2457 ], [ -75.1066, -49.3661 ], [ -75.1064, -49.3491 ], [ -75.0239, -49.3471 ], [ -75.1153, -49.3378 ], [ -75.1384, -49.2977 ], [ -75.0833, -49.2872 ], [ -75.1413, -49.2913 ], [ -75.172, -49.2534 ], [ -75.0998, -49.262 ], [ -75.0029, -49.3322 ], [ -75.0878, -49.2529 ], [ -75.0562, -49.2515 ], [ -75.0481, -49.2685 ], [ -75.0324, -49.2394 ], [ -74.9675, -49.2925 ], [ -75.0247, -49.2366 ], [ -74.9731, -49.2444 ], [ -75.0406, -49.2193 ], [ -74.9976, -49.2202 ], [ -75.0519, -49.1947 ], [ -75.0627, -49.1695 ], [ -74.8669, -49.3028 ], [ -74.8783, -49.3529 ], [ -74.8573, -49.372 ], [ -74.8558, -49.3138 ], [ -74.8304, -49.3199 ], [ -74.8565, -49.2989 ], [ -74.848, -49.214 ], [ -74.7658, -49.2371 ], [ -74.8472, -49.2041 ], [ -74.8406, -49.177 ], [ -74.8104, -49.1561 ], [ -74.747, -49.1903 ], [ -74.8109, -49.1514 ], [ -74.7775, -49.1128 ], [ -74.8097, -49.1202 ], [ -74.8077, -49.1011 ], [ -74.7865, -49.0831 ], [ -74.7242, -49.0872 ], [ -74.7692, -49.0817 ], [ -74.9047, -48.9896 ], [ -74.8312, -48.9618 ], [ -74.8134, -48.9818 ], [ -74.8209, -48.9563 ], [ -74.7905, -48.9431 ], [ -74.7471, -49.0124 ], [ -74.7042, -49.0242 ], [ -74.7731, -48.9691 ], [ -74.7642, -48.9149 ], [ -74.773, -48.932 ], [ -74.9373, -48.9759 ], [ -74.9328, -48.9556 ], [ -74.8749, -48.9342 ], [ -74.9376, -48.9499 ], [ -74.9522, -48.9261 ], [ -74.8236, -48.8766 ], [ -74.9586, -48.9125 ], [ -74.9821, -48.8802 ], [ -74.841, -48.829 ], [ -74.7957, -48.8318 ], [ -74.8304, -48.8239 ], [ -74.793, -48.7993 ], [ -74.8858, -48.8437 ], [ -74.9785, -48.8681 ], [ -75.0151, -48.8232 ], [ -74.9973, -48.7675 ], [ -74.8515, -48.824 ], [ -74.9331, -48.7802 ], [ -74.9073, -48.7815 ], [ -74.9252, -48.7631 ], [ -74.8899, -48.7482 ], [ -74.9501, -48.7594 ], [ -74.9371, -48.7751 ], [ -74.9697, -48.7551 ], [ -74.8628, -48.7255 ], [ -74.8074, -48.6968 ], [ -74.8194, -48.6863 ], [ -74.7797, -48.7037 ], [ -74.7985, -48.6843 ], [ -74.7669, -48.6685 ], [ -74.7395, -48.7052 ], [ -74.7659, -48.7372 ], [ -74.8025, -48.7136 ], [ -74.7984, -48.7528 ], [ -74.7465, -48.7912 ], [ -74.7735, -48.7468 ], [ -74.7456, -48.7311 ], [ -74.7249, -48.7406 ], [ -74.7326, -48.6974 ], [ -74.7519, -48.6773 ], [ -74.683, -48.6528 ], [ -74.5845, -48.7046 ], [ -74.63, -48.7305 ], [ -74.5797, -48.7097 ], [ -74.5657, -48.7325 ], [ -74.5736, -48.8212 ], [ -74.6423, -48.8623 ], [ -74.6247, -48.8651 ], [ -74.5632, -48.8293 ], [ -74.5435, -48.7238 ], [ -74.4698, -48.696 ], [ -74.4639, -48.8717 ], [ -74.5759, -48.954 ], [ -74.4619, -48.8841 ], [ -74.4068, -48.9468 ], [ -74.4209, -48.9805 ], [ -74.4415, -48.9723 ], [ -74.4328, -48.9957 ], [ -74.514, -49.0157 ], [ -74.4498, -49.0182 ], [ -74.4376, -49.0711 ], [ -74.4032, -49.0928 ], [ -74.3991, -49.1217 ], [ -74.4153, -49.1289 ], [ -74.4113, -49.1115 ], [ -74.4304, -49.1274 ], [ -74.4007, -49.1677 ], [ -74.3926, -49.2521 ], [ -74.4132, -49.2666 ], [ -74.3872, -49.3008 ], [ -74.4038, -49.3442 ], [ -74.4255, -49.337 ], [ -74.4146, -49.3903 ], [ -74.4465, -49.4809 ], [ -74.4715, -49.508 ], [ -74.5293, -49.4909 ], [ -74.5494, -49.5126 ], [ -74.5165, -49.5052 ], [ -74.5205, -49.532 ], [ -74.4794, -49.514 ], [ -74.4445, -49.6087 ], [ -74.4985, -49.6193 ], [ -74.5042, -49.6029 ], [ -74.527, -49.644 ], [ -74.5566, -49.6372 ], [ -74.5108, -49.6739 ], [ -74.5354, -49.6902 ], [ -74.5029, -49.6727 ], [ -74.5075, -49.6222 ], [ -74.476, -49.636 ], [ -74.4715, -49.6211 ], [ -74.4399, -49.624 ], [ -74.3892, -49.6786 ], [ -74.3976, -49.772 ], [ -74.4648, -49.7389 ], [ -74.5454, -49.7359 ], [ -74.4764, -49.7437 ], [ -74.4042, -49.7825 ], [ -74.4064, -49.902 ], [ -74.4272, -49.9077 ], [ -74.4376, -49.8673 ], [ -74.4787, -49.8403 ], [ -74.4344, -49.9187 ], [ -74.4984, -49.9797 ], [ -74.6163, -49.8989 ], [ -74.6057, -49.8735 ], [ -74.631, -49.8765 ], [ -74.618, -49.9045 ], [ -74.5123, -49.9847 ], [ -74.6341, -50.0589 ], [ -74.6623, -50.0522 ], [ -74.6359, -50.0295 ], [ -74.6756, -50.0493 ], [ -74.6888, -50.0404 ], [ -74.6373, -49.9879 ], [ -74.6986, -50.036 ], [ -74.7031, -50.0161 ], [ -74.7058, -50.0426 ], [ -74.7538, -50.0474 ], [ -74.8034, -50.0335 ], [ -74.7926, -49.9975 ], [ -74.7531, -49.9884 ], [ -74.7895, -49.9901 ], [ -74.8148, -50.0212 ], [ -74.7961, -50.0547 ], [ -74.8272, -50.0432 ], [ -74.818, -50.013 ], [ -74.8344, -50.0414 ], [ -74.8676, -50.0284 ], [ -74.8585, -50.0024 ], [ -74.8744, -50.0002 ], [ -74.8807, -49.9915 ], [ -74.8295, -49.9509 ], [ -74.7141, -49.9092 ], [ -74.6162, -49.9519 ], [ -74.6522, -49.9041 ], [ -74.6635, -49.9252 ], [ -74.7083, -49.8955 ], [ -74.8164, -49.9393 ], [ -74.8703, -49.9733 ], [ -74.9133, -49.9359 ], [ -74.8992, -49.8801 ], [ -74.8627, -49.8794 ], [ -74.8889, -49.8693 ], [ -74.868, -49.8476 ], [ -74.7717, -49.874 ], [ -74.6112, -49.7934 ], [ -74.777, -49.8597 ], [ -74.8137, -49.85 ], [ -74.8303, -49.8328 ], [ -74.7999, -49.7771 ], [ -74.7231, -49.7646 ], [ -74.7565, -49.7631 ], [ -74.7313, -49.7492 ], [ -74.7076, -49.7208 ], [ -74.7327, -49.7181 ], [ -74.7369, -49.7466 ], [ -74.8062, -49.7701 ], [ -74.8345, -49.8152 ], [ -74.8858, -49.783 ], [ -74.8858, -49.7393 ], [ -74.8263, -49.7202 ], [ -74.8759, -49.7086 ], [ -74.8888, -49.6587 ], [ -74.9011, -49.6926 ], [ -74.9119, -49.6735 ], [ -74.8822, -49.6449 ], [ -74.8077, -49.6777 ], [ -74.8787, -49.6383 ], [ -74.8729, -49.5963 ], [ -74.7519, -49.6357 ], [ -74.7058, -49.6207 ], [ -74.6759, -49.6337 ], [ -74.7018, -49.6139 ], [ -74.7379, -49.629 ], [ -74.7705, -49.6161 ], [ -74.7226, -49.5791 ], [ -74.724, -49.5494 ], [ -74.7316, -49.5799 ], [ -74.7854, -49.6123 ], [ -74.8207, -49.585 ], [ -74.8675, -49.5817 ], [ -74.8733, -49.5303 ], [ -74.7499, -49.4612 ], [ -74.7252, -49.5139 ], [ -74.7009, -49.5164 ], [ -74.7463, -49.4587 ], [ -74.6837, -49.424 ], [ -74.6045, -49.4291 ], [ -74.7058, -49.414 ], [ -74.5814, -49.3201 ], [ -74.5871, -49.306 ], [ -74.7096, -49.4033 ], [ -74.8055, -49.3322 ], [ -74.7169, -49.4129 ], [ -74.8605, -49.5039 ], [ -74.8561, -49.3875 ], [ -74.8678, -49.5001 ], [ -74.9347, -49.5398 ], [ -74.9165, -49.4692 ], [ -74.9365, -49.4813 ], [ -74.94, -49.429 ], [ -74.9516, -49.4931 ], [ -74.9974, -49.4781 ], [ -74.9519, -49.4959 ], [ -74.9611, -49.5407 ], [ -75.0228, -49.5095 ], [ -74.962, -49.5497 ], [ -74.9698, -49.5736 ], [ -75.006, -49.5535 ], [ -74.9745, -49.5931 ], [ -75.0882, -49.5339 ], [ -74.9726, -49.6074 ], [ -74.9843, -49.6252 ], [ -75.0269, -49.6247 ], [ -74.9795, -49.6291 ], [ -75.0114, -49.699 ], [ -74.9664, -49.6131 ], [ -74.9244, -49.624 ], [ -74.9727, -49.7066 ], [ -74.9916, -49.717 ], [ -74.991, -49.6842 ], [ -75.015, -49.719 ], [ -75.0043, -49.7922 ], [ -74.9634, -49.7092 ], [ -74.9506, -49.7487 ], [ -74.9325, -49.7356 ], [ -74.9162, -49.7489 ], [ -74.9284, -49.8042 ], [ -74.9527, -49.7963 ], [ -74.9348, -49.8139 ], [ -74.9562, -49.8012 ], [ -74.9516, -49.8052 ], [ -74.9498, -49.8223 ], [ -74.9751, -49.8269 ], [ -74.964, -49.8409 ], [ -75.016, -49.8598 ], [ -74.9732, -49.8659 ], [ -74.9962, -49.8733 ], [ -74.9968, -49.899 ], [ -75.0627, -49.9026 ], [ -75.03, -49.8347 ], [ -75.0617, -49.8684 ], [ -75.1274, -49.8531 ], [ -75.1762, -49.7703 ], [ -75.1224, -49.7476 ], [ -75.1826, -49.7604 ], [ -75.2074, -49.7168 ], [ -75.1895, -49.7132 ], [ -75.2276, -49.6859 ], [ -75.1501, -49.6689 ], [ -75.234, -49.6773 ], [ -75.2076, -49.6579 ], [ -75.2383, -49.6716 ], [ -75.2528, -49.6559 ], [ -75.1476, -49.6545 ], [ -75.1291, -49.6369 ], [ -75.2333, -49.6394 ], [ -75.1406, -49.5739 ], [ -75.2278, -49.6304 ], [ -75.2431, -49.6356 ], [ -75.2533, -49.6323 ], [ -75.2319, -49.6173 ] ], [ [ -75.2251, -49.614 ], [ -75.2238, -49.6192 ], [ -75.2056, -49.6132 ], [ -75.2251, -49.614 ] ], [ [ -75.2269, -49.622 ], [ -75.2286, -49.6244 ], [ -75.2211, -49.6238 ], [ -75.2269, -49.622 ] ], [ [ -75.2327, -49.6314 ], [ -75.2379, -49.6304 ], [ -75.2387, -49.6311 ], [ -75.2327, -49.6314 ] ], [ [ -75.0102, -49.7043 ], [ -75.0138, -49.7026 ], [ -75.0163, -49.7092 ], [ -75.0102, -49.7043 ] ], [ [ -74.9644, -49.7969 ], [ -74.963, -49.7965 ], [ -74.9653, -49.7959 ], [ -74.9644, -49.7969 ] ], [ [ -74.9568, -49.7977 ], [ -74.956, -49.7979 ], [ -74.956, -49.7974 ], [ -74.9568, -49.7977 ] ], [ [ -75.0581, -49.7973 ], [ -75.0577, -49.7979 ], [ -75.0577, -49.7973 ], [ -75.0581, -49.7973 ] ], [ [ -74.9593, -49.8044 ], [ -74.9605, -49.8064 ], [ -74.9545, -49.8046 ], [ -74.9593, -49.8044 ] ], [ [ -75.0559, -49.7988 ], [ -75.0561, -49.7983 ], [ -75.0563, -49.7987 ], [ -75.0559, -49.7988 ] ], [ [ -74.9567, -49.8142 ], [ -74.9605, -49.8132 ], [ -74.9609, -49.8141 ], [ -74.9567, -49.8142 ] ], [ [ -74.9621, -49.8157 ], [ -74.9606, -49.8161 ], [ -74.9602, -49.8154 ], [ -74.9621, -49.8157 ] ], [ [ -74.9566, -49.8171 ], [ -74.9583, -49.8176 ], [ -74.9575, -49.8178 ], [ -74.9566, -49.8171 ] ], [ [ -74.9607, -49.8182 ], [ -74.9613, -49.8171 ], [ -74.9615, -49.8182 ], [ -74.9607, -49.8182 ] ], [ [ -74.9639, -49.8177 ], [ -74.9626, -49.8165 ], [ -74.9646, -49.8173 ], [ -74.9639, -49.8177 ] ], [ [ -74.9961, -49.8498 ], [ -75.003, -49.8504 ], [ -74.999, -49.8536 ], [ -74.9961, -49.8498 ] ], [ [ -74.9336, -49.7405 ], [ -74.9346, -49.7398 ], [ -74.9346, -49.7409 ], [ -74.9336, -49.7405 ] ], [ [ -74.9476, -49.7429 ], [ -74.9508, -49.739 ], [ -74.9526, -49.742 ], [ -74.9476, -49.7429 ] ], [ [ -74.9527, -49.7262 ], [ -74.9541, -49.726 ], [ -74.9528, -49.7267 ], [ -74.9527, -49.7262 ] ], [ [ -74.9729, -49.5613 ], [ -74.9743, -49.5626 ], [ -74.9712, -49.5623 ], [ -74.9729, -49.5613 ] ], [ [ -75.1723, -49.4886 ], [ -75.1763, -49.4882 ], [ -75.1759, -49.489 ], [ -75.1723, -49.4886 ] ], [ [ -74.8693, -49.4461 ], [ -74.8685, -49.448 ], [ -74.8681, -49.4454 ], [ -74.8693, -49.4461 ] ], [ [ -74.8671, -49.4505 ], [ -74.8701, -49.4512 ], [ -74.8695, -49.4529 ], [ -74.8671, -49.4505 ] ], [ [ -74.8767, -49.4146 ], [ -74.8766, -49.4123 ], [ -74.8785, -49.413 ], [ -74.8767, -49.4146 ] ], [ [ -74.4502, -49.4109 ], [ -74.4455, -49.4136 ], [ -74.4479, -49.4076 ], [ -74.4502, -49.4109 ] ], [ [ -74.5351, -49.5149 ], [ -74.5256, -49.5157 ], [ -74.5328, -49.5105 ], [ -74.5351, -49.5149 ] ], [ [ -74.8314, -49.535 ], [ -74.8311, -49.5387 ], [ -74.829, -49.5348 ], [ -74.8314, -49.535 ] ], [ [ -74.7914, -49.5657 ], [ -74.8085, -49.5649 ], [ -74.8285, -49.5841 ], [ -74.7914, -49.5657 ] ], [ [ -74.541, -49.7337 ], [ -74.5468, -49.7324 ], [ -74.5473, -49.7335 ], [ -74.541, -49.7337 ] ], [ [ -74.4864, -49.8356 ], [ -74.4861, -49.8385 ], [ -74.4816, -49.8399 ], [ -74.4864, -49.8356 ] ], [ [ -74.8992, -49.9279 ], [ -74.8952, -49.9296 ], [ -74.894, -49.9288 ], [ -74.8992, -49.9279 ] ], [ [ -74.6058, -49.9389 ], [ -74.6054, -49.9398 ], [ -74.6046, -49.9391 ], [ -74.6058, -49.9389 ] ], [ [ -74.6501, -49.9823 ], [ -74.6516, -49.9905 ], [ -74.644, -49.9897 ], [ -74.6501, -49.9823 ] ], [ [ -74.871, -49.9952 ], [ -74.8747, -49.995 ], [ -74.8737, -49.996 ], [ -74.871, -49.9952 ] ], [ [ -74.8343, -50.0326 ], [ -74.8382, -50.0332 ], [ -74.8381, -50.0337 ], [ -74.8343, -50.0326 ] ], [ [ -74.8123, -50.0397 ], [ -74.8085, -50.0425 ], [ -74.8087, -50.0403 ], [ -74.8123, -50.0397 ] ], [ [ -74.6556, -50.0113 ], [ -74.6461, -50.0153 ], [ -74.6478, -50.0039 ], [ -74.6556, -50.0113 ] ], [ [ -74.6513, -50.0195 ], [ -74.6605, -50.0204 ], [ -74.6553, -50.0347 ], [ -74.6513, -50.0195 ] ], [ [ -74.6712, -50.0318 ], [ -74.6633, -50.0301 ], [ -74.6656, -50.0281 ], [ -74.6712, -50.0318 ] ], [ [ -74.6003, -49.8904 ], [ -74.5974, -49.8947 ], [ -74.5942, -49.8914 ], [ -74.6003, -49.8904 ] ], [ [ -74.5875, -49.9072 ], [ -74.5835, -49.9098 ], [ -74.5872, -49.9043 ], [ -74.5875, -49.9072 ] ], [ [ -74.4218, -49.1775 ], [ -74.4224, -49.1729 ], [ -74.4239, -49.1781 ], [ -74.4218, -49.1775 ] ], [ [ -74.4268, -49.1639 ], [ -74.43, -49.1619 ], [ -74.4335, -49.1672 ], [ -74.4268, -49.1639 ] ], [ [ -74.7226, -49.0861 ], [ -74.7085, -49.0833 ], [ -74.7066, -49.0786 ], [ -74.7226, -49.0861 ] ], [ [ -74.8174, -48.8227 ], [ -74.821, -48.8207 ], [ -74.8213, -48.8228 ], [ -74.8174, -48.8227 ] ], [ [ -74.6069, -48.704 ], [ -74.6053, -48.7002 ], [ -74.609, -48.7031 ], [ -74.6069, -48.704 ] ], [ [ -74.6266, -48.6928 ], [ -74.6245, -48.692 ], [ -74.6259, -48.6908 ], [ -74.6266, -48.6928 ] ], [ [ -74.8717, -48.7301 ], [ -74.8707, -48.7278 ], [ -74.8723, -48.7301 ], [ -74.8717, -48.7301 ] ], [ [ -74.7957, -48.7083 ], [ -74.7956, -48.7048 ], [ -74.7973, -48.7063 ], [ -74.7957, -48.7083 ] ], [ [ -74.7861, -48.7048 ], [ -74.7834, -48.7062 ], [ -74.7837, -48.7036 ], [ -74.7861, -48.7048 ] ], [ [ -74.9405, -48.8081 ], [ -74.9362, -48.8073 ], [ -74.9357, -48.8035 ], [ -74.9405, -48.8081 ] ], [ [ -74.9656, -48.8454 ], [ -74.9769, -48.8452 ], [ -74.989, -48.8462 ], [ -74.9656, -48.8454 ] ], [ [ -74.966, -48.8545 ], [ -74.9682, -48.8598 ], [ -74.9618, -48.8572 ], [ -74.966, -48.8545 ] ], [ [ -74.9499, -48.8798 ], [ -74.9511, -48.886 ], [ -74.9418, -48.8833 ], [ -74.9499, -48.8798 ] ], [ [ -74.9301, -48.8873 ], [ -74.9456, -48.8868 ], [ -74.9398, -48.8936 ], [ -74.9301, -48.8873 ] ], [ [ -75.1087, -49.2645 ], [ -75.1138, -49.2629 ], [ -75.1131, -49.2664 ], [ -75.1087, -49.2645 ] ], [ [ -75.4293, -49.3 ], [ -75.4255, -49.2967 ], [ -75.4282, -49.2952 ], [ -75.4293, -49.3 ] ], [ [ -75.3442, -49.4589 ], [ -75.3447, -49.4588 ], [ -75.3444, -49.4593 ], [ -75.3442, -49.4589 ] ], [ [ -75.3287, -49.4586 ], [ -75.3277, -49.4593 ], [ -75.3281, -49.4582 ], [ -75.3287, -49.4586 ] ] ], [ [ [ -74.9558, -48.6014 ], [ -74.9295, -48.6457 ], [ -74.9288, -48.6299 ], [ -74.8275, -48.6427 ], [ -74.8063, -48.6286 ], [ -74.7651, -48.6564 ], [ -74.819, -48.6784 ], [ -74.8758, -48.7202 ], [ -74.966, -48.746 ], [ -74.9874, -48.7367 ], [ -74.9663, -48.665 ], [ -74.8668, -48.699 ], [ -74.8505, -48.69 ], [ -74.9591, -48.6559 ], [ -74.9558, -48.6014 ] ], [ [ -74.8527, -48.6968 ], [ -74.8516, -48.6977 ], [ -74.8488, -48.6954 ], [ -74.8527, -48.6968 ] ], [ [ -74.8776, -48.7006 ], [ -74.8773, -48.7026 ], [ -74.8756, -48.7012 ], [ -74.8776, -48.7006 ] ], [ [ -74.8811, -48.7024 ], [ -74.8834, -48.7022 ], [ -74.8822, -48.704 ], [ -74.8811, -48.7024 ] ] ], [ [ [ -75.0049, -48.5958 ], [ -74.9915, -48.6733 ], [ -75.0506, -48.8271 ], [ -75.2227, -48.753 ], [ -75.1857, -48.7658 ], [ -75.2149, -48.7433 ], [ -75.1594, -48.7119 ], [ -75.1063, -48.7209 ], [ -75.1526, -48.7034 ], [ -75.073, -48.6752 ], [ -75.0872, -48.6624 ], [ -75.0049, -48.5958 ] ] ] ] } },
{ "type": "Feature", "properties": { "codregion": 11 }, "geometry": { "type": "MultiPolygon", "coordinates": [ [ [ [ -75.2346, -48.6169 ], [ -75.2111, -48.694 ], [ -75.2309, -48.6845 ], [ -75.2937, -48.7237 ], [ -75.3268, -48.7161 ], [ -75.2954, -48.698 ], [ -75.3406, -48.7141 ], [ -75.2346, -48.6169 ] ] ], [ [ [ -75.2503, -48.5852 ], [ -75.2497, -48.619 ], [ -75.3444, -48.6846 ], [ -75.3588, -48.7141 ], [ -75.4261, -48.7387 ], [ -75.3976, -48.7224 ], [ -75.3964, -48.6992 ], [ -75.5007, -48.7678 ], [ -75.5807, -48.7538 ], [ -75.5951, -48.6501 ], [ -75.5525, -48.6714 ], [ -75.5082, -48.6743 ], [ -75.4541, -48.7012 ], [ -75.4467, -48.6786 ], [ -75.3578, -48.6512 ], [ -75.2503, -48.5852 ] ], [ [ -75.2636, -48.6115 ], [ -75.259, -48.6122 ], [ -75.2657, -48.608 ], [ -75.2636, -48.6115 ] ], [ [ -75.5601, -48.6602 ], [ -75.5622, -48.6619 ], [ -75.5599, -48.6624 ], [ -75.5601, -48.6602 ] ], [ [ -75.5884, -48.6526 ], [ -75.5891, -48.6516 ], [ -75.5901, -48.6526 ], [ -75.5884, -48.6526 ] ], [ [ -75.5854, -48.7329 ], [ -75.5848, -48.7334 ], [ -75.5845, -48.7326 ], [ -75.5854, -48.7329 ] ] ], [ [ [ -75.342, -48.4749 ], [ -75.2967, -48.498 ], [ -75.2864, -48.4224 ], [ -75.2567, -48.4194 ], [ -75.2575, -48.4992 ], [ -75.3202, -48.522 ], [ -75.2484, -48.5157 ], [ -75.2216, -48.5559 ], [ -75.233, -48.5885 ], [ -75.2651, -48.5616 ], [ -75.2659, -48.5895 ], [ -75.4616, -48.6812 ], [ -75.5626, -48.643 ], [ -75.5356, -48.6177 ], [ -75.4084, -48.6298 ], [ -75.4354, -48.6238 ], [ -75.3281, -48.5604 ], [ -75.4402, -48.618 ], [ -75.4901, -48.6109 ], [ -75.3216, -48.5233 ], [ -75.4917, -48.6074 ], [ -75.5363, -48.6057 ], [ -75.5366, -48.5909 ], [ -75.5123, -48.5902 ], [ -75.5354, -48.5899 ], [ -75.5383, -48.5911 ], [ -75.5383, -48.5943 ], [ -75.5461, -48.5994 ], [ -75.575, -48.596 ], [ -75.6041, -48.54 ], [ -75.5762, -48.4987 ], [ -75.5979, -48.4495 ], [ -75.5573, -48.4566 ], [ -75.5256, -48.4182 ], [ -75.4651, -48.4491 ], [ -75.4709, -48.4682 ], [ -75.3527, -48.4059 ], [ -75.3687, -48.4462 ], [ -75.3438, -48.4537 ], [ -75.3413, -48.4194 ], [ -75.2911, -48.4052 ], [ -75.3072, -48.47 ], [ -75.342, -48.4749 ] ], [ [ -75.2925, -48.5003 ], [ -75.2953, -48.5 ], [ -75.2956, -48.5005 ], [ -75.2925, -48.5003 ] ], [ [ -75.5757, -48.4906 ], [ -75.5758, -48.491 ], [ -75.5754, -48.4907 ], [ -75.5757, -48.4906 ] ], [ [ -75.5746, -48.4919 ], [ -75.5769, -48.4927 ], [ -75.5767, -48.4934 ], [ -75.5746, -48.4919 ] ], [ [ -75.3094, -48.5233 ], [ -75.307, -48.5228 ], [ -75.3068, -48.5221 ], [ -75.3094, -48.5233 ] ], [ [ -75.5725, -48.519 ], [ -75.5714, -48.5192 ], [ -75.5722, -48.5185 ], [ -75.5725, -48.519 ] ], [ [ -75.5757, -48.5218 ], [ -75.5748, -48.5222 ], [ -75.5751, -48.5215 ], [ -75.5757, -48.5218 ] ], [ [ -75.5889, -48.5358 ], [ -75.5899, -48.5368 ], [ -75.5885, -48.5368 ], [ -75.5889, -48.5358 ] ], [ [ -75.5862, -48.5412 ], [ -75.5868, -48.5422 ], [ -75.5856, -48.541 ], [ -75.5862, -48.5412 ] ], [ [ -75.5911, -48.543 ], [ -75.5929, -48.5422 ], [ -75.5914, -48.5437 ], [ -75.5911, -48.543 ] ], [ [ -75.564, -48.5894 ], [ -75.562, -48.5913 ], [ -75.5627, -48.5892 ], [ -75.564, -48.5894 ] ], [ [ -75.5613, -48.5915 ], [ -75.5599, -48.5918 ], [ -75.5615, -48.5905 ], [ -75.5613, -48.5915 ] ], [ [ -75.2883, -48.5272 ], [ -75.2857, -48.5362 ], [ -75.2824, -48.5366 ], [ -75.2883, -48.5272 ] ], [ [ -75.3394, -48.5716 ], [ -75.3379, -48.5728 ], [ -75.3372, -48.5721 ], [ -75.3394, -48.5716 ] ], [ [ -75.349, -48.576 ], [ -75.3438, -48.5767 ], [ -75.3437, -48.5756 ], [ -75.349, -48.576 ] ], [ [ -75.454, -48.6614 ], [ -75.4528, -48.6654 ], [ -75.4509, -48.6648 ], [ -75.454, -48.6614 ] ], [ [ -75.4765, -48.6698 ], [ -75.48, -48.668 ], [ -75.4808, -48.6728 ], [ -75.4765, -48.6698 ] ], [ [ -75.2775, -48.4338 ], [ -75.2709, -48.4376 ], [ -75.2746, -48.4249 ], [ -75.2775, -48.4338 ] ] ], [ [ [ -74.4629, -48.3724 ], [ -74.2351, -48.4712 ], [ -74.3552, -48.5389 ], [ -74.4123, -48.513 ], [ -74.3974, -48.4585 ], [ -74.4539, -48.4316 ], [ -74.4614, -48.4012 ], [ -74.4397, -48.3921 ], [ -74.4629, -48.3724 ] ], [ [ -74.415, -48.4318 ], [ -74.4186, -48.4323 ], [ -74.4158, -48.4351 ], [ -74.415, -48.4318 ] ], [ [ -74.3938, -48.4506 ], [ -74.391, -48.4502 ], [ -74.3937, -48.4492 ], [ -74.3938, -48.4506 ] ], [ [ -74.349, -48.4741 ], [ -74.3593, -48.4756 ], [ -74.3587, -48.4795 ], [ -74.349, -48.4741 ] ], [ [ -74.3384, -48.5128 ], [ -74.3377, -48.5147 ], [ -74.3361, -48.5128 ], [ -74.3384, -48.5128 ] ] ], [ [ [ -74.1168, -48.352 ], [ -74.0632, -48.3974 ], [ -74.0059, -48.3928 ], [ -73.9854, -48.4117 ], [ -73.9959, -48.4977 ], [ -74.1479, -48.4402 ], [ -74.1343, -48.4251 ], [ -74.2002, -48.3918 ], [ -74.1964, -48.364 ], [ -74.1168, -48.352 ] ], [ [ -74.0043, -48.4791 ], [ -74.0122, -48.4795 ], [ -74.0157, -48.4801 ], [ -74.0043, -48.4791 ] ] ], [ [ [ -75.4089, -48.2352 ], [ -75.4349, -48.3121 ], [ -75.4542, -48.2928 ], [ -75.4782, -48.3003 ], [ -75.4424, -48.3214 ], [ -75.4816, -48.3285 ], [ -75.4915, -48.2777 ], [ -75.4089, -48.2352 ] ], [ [ -75.4652, -48.2795 ], [ -75.4645, -48.2815 ], [ -75.4633, -48.2813 ], [ -75.4652, -48.2795 ] ], [ [ -75.4721, -48.2801 ], [ -75.4724, -48.2797 ], [ -75.4726, -48.2799 ], [ -75.4721, -48.2801 ] ], [ [ -75.4841, -48.2977 ], [ -75.4807, -48.2968 ], [ -75.4827, -48.2952 ], [ -75.4841, -48.2977 ] ], [ [ -75.4769, -48.3192 ], [ -75.4824, -48.3234 ], [ -75.4696, -48.3165 ], [ -75.4769, -48.3192 ] ] ], [ [ [ -74.2783, -48.2718 ], [ -74.2347, -48.2967 ], [ -74.2481, -48.3321 ], [ -74.2154, -48.3906 ], [ -74.1405, -48.4277 ], [ -74.2238, -48.4692 ], [ -74.2946, -48.4261 ], [ -74.2367, -48.4462 ], [ -74.2632, -48.4233 ], [ -74.4459, -48.3542 ], [ -74.3789, -48.3319 ], [ -74.217, -48.4159 ], [ -74.3685, -48.3316 ], [ -74.2783, -48.2718 ] ] ], [ [ [ -74.7644, -48.1282 ], [ -74.7441, -48.1434 ], [ -74.8235, -48.207 ], [ -74.8236, -48.1616 ], [ -74.7644, -48.1282 ] ], [ [ -74.7692, -48.1454 ], [ -74.7758, -48.1459 ], [ -74.7691, -48.1478 ], [ -74.7692, -48.1454 ] ], [ [ -74.7985, -48.1466 ], [ -74.7943, -48.1429 ], [ -74.7996, -48.1459 ], [ -74.7985, -48.1466 ] ], [ [ -74.8111, -48.1598 ], [ -74.8097, -48.1627 ], [ -74.8078, -48.1582 ], [ -74.8111, -48.1598 ] ] ], [ [ [ -74.6901, -48.1154 ], [ -74.6351, -48.1695 ], [ -74.6428, -48.1923 ], [ -74.6806, -48.1901 ], [ -74.6458, -48.2155 ], [ -74.6678, -48.2635 ], [ -74.6302, -48.2164 ], [ -74.6089, -48.2407 ], [ -74.6276, -48.2784 ], [ -74.5455, -48.3411 ], [ -74.5497, -48.408 ], [ -74.5822, -48.3909 ], [ -74.5981, -48.4061 ], [ -74.6449, -48.4117 ], [ -74.5957, -48.417 ], [ -74.5535, -48.4598 ], [ -74.5659, -48.5374 ], [ -74.531, -48.5685 ], [ -74.5584, -48.5847 ], [ -74.5284, -48.5773 ], [ -74.4719, -48.6269 ], [ -74.4563, -48.6124 ], [ -74.4878, -48.5656 ], [ -74.468, -48.5844 ], [ -74.4625, -48.5591 ], [ -74.4363, -48.5855 ], [ -74.4518, -48.6701 ], [ -74.5465, -48.6918 ], [ -74.5861, -48.6563 ], [ -74.6456, -48.6575 ], [ -74.6741, -48.6123 ], [ -74.6767, -48.6306 ], [ -74.7211, -48.6323 ], [ -74.8413, -48.6069 ], [ -74.8848, -48.6171 ], [ -74.8899, -48.5532 ], [ -74.9044, -48.6079 ], [ -74.9601, -48.5676 ], [ -74.9387, -48.5637 ], [ -74.9612, -48.5558 ], [ -74.949, -48.4889 ], [ -74.9708, -48.4772 ], [ -74.8437, -48.3912 ], [ -74.8229, -48.4129 ], [ -74.7961, -48.378 ], [ -74.7644, -48.3776 ], [ -74.7654, -48.5081 ], [ -74.7568, -48.5262 ], [ -74.7425, -48.4588 ], [ -74.7144, -48.4782 ], [ -74.7101, -48.5457 ], [ -74.703, -48.4937 ], [ -74.6584, -48.4646 ], [ -74.6665, -48.4174 ], [ -74.6961, -48.4243 ], [ -74.7313, -48.397 ], [ -74.7036, -48.4058 ], [ -74.7559, -48.354 ], [ -74.7665, -48.2988 ], [ -74.7573, -48.2548 ], [ -74.722, -48.249 ], [ -74.7366, -48.2285 ], [ -74.6969, -48.2115 ], [ -74.7166, -48.1577 ], [ -74.6901, -48.1154 ] ], [ [ -74.6656, -48.1711 ], [ -74.6513, -48.1836 ], [ -74.657, -48.1557 ], [ -74.6656, -48.1711 ] ], [ [ -74.7149, -48.2532 ], [ -74.7199, -48.2534 ], [ -74.7151, -48.2557 ], [ -74.7149, -48.2532 ] ], [ [ -74.7262, -48.2539 ], [ -74.7283, -48.2532 ], [ -74.728, -48.2549 ], [ -74.7262, -48.2539 ] ], [ [ -74.6237, -48.3948 ], [ -74.6213, -48.3947 ], [ -74.6242, -48.393 ], [ -74.6237, -48.3948 ] ], [ [ -74.615, -48.3947 ], [ -74.6299, -48.3982 ], [ -74.6064, -48.3998 ], [ -74.615, -48.3947 ] ], [ [ -74.6103, -48.402 ], [ -74.61, -48.4034 ], [ -74.6084, -48.4024 ], [ -74.6103, -48.402 ] ], [ [ -74.6475, -48.4138 ], [ -74.6471, -48.4174 ], [ -74.6461, -48.4139 ], [ -74.6475, -48.4138 ] ], [ [ -74.6591, -48.4527 ], [ -74.658, -48.4535 ], [ -74.6582, -48.4525 ], [ -74.6591, -48.4527 ] ], [ [ -74.7055, -48.528 ], [ -74.7004, -48.5277 ], [ -74.7058, -48.5269 ], [ -74.7055, -48.528 ] ], [ [ -74.7237, -48.5436 ], [ -74.7251, -48.5423 ], [ -74.7242, -48.5441 ], [ -74.7237, -48.5436 ] ], [ [ -74.9419, -48.4916 ], [ -74.9357, -48.4894 ], [ -74.9491, -48.4903 ], [ -74.9419, -48.4916 ] ], [ [ -74.9346, -48.4898 ], [ -74.93, -48.4898 ], [ -74.93, -48.4884 ], [ -74.9346, -48.4898 ] ], [ [ -74.7158, -48.5481 ], [ -74.7182, -48.5553 ], [ -74.7135, -48.5473 ], [ -74.7158, -48.5481 ] ], [ [ -74.9387, -48.5568 ], [ -74.9358, -48.5612 ], [ -74.934, -48.5685 ], [ -74.9324, -48.5705 ], [ -74.9296, -48.5711 ], [ -74.9321, -48.5698 ], [ -74.9306, -48.568 ], [ -74.9387, -48.5568 ] ], [ [ -74.9204, -48.5649 ], [ -74.9085, -48.5748 ], [ -74.9056, -48.5725 ], [ -74.9204, -48.5649 ] ], [ [ -74.6151, -48.6493 ], [ -74.6121, -48.652 ], [ -74.6133, -48.6479 ], [ -74.6151, -48.6493 ] ] ], [ [ [ -74.5523, -48.1049 ], [ -74.4782, -48.1204 ], [ -74.3068, -48.2628 ], [ -74.4578, -48.3442 ], [ -74.5159, -48.2775 ], [ -74.4171, -48.1844 ], [ -74.4734, -48.2027 ], [ -74.5323, -48.2734 ], [ -74.553, -48.1728 ], [ -74.5311, -48.1588 ], [ -74.4867, -48.1694 ], [ -74.5257, -48.1577 ], [ -74.5103, -48.1432 ], [ -74.5246, -48.1399 ], [ -74.5485, -48.1596 ], [ -74.5513, -48.1371 ], [ -74.4699, -48.1436 ], [ -74.5523, -48.1049 ] ] ], [ [ [ -75.1686, -48.0672 ], [ -75.127, -48.0858 ], [ -75.073, -48.077 ], [ -75.0969, -48.1068 ], [ -75.0376, -48.0936 ], [ -74.9495, -48.1175 ], [ -75.0473, -48.0794 ], [ -74.978, -48.0832 ], [ -74.8791, -48.1384 ], [ -74.8879, -48.1531 ], [ -74.9397, -48.1594 ], [ -74.8389, -48.1596 ], [ -74.8557, -48.1793 ], [ -74.8407, -48.1694 ], [ -74.8363, -48.191 ], [ -74.8769, -48.2224 ], [ -74.9223, -48.1972 ], [ -74.8797, -48.2309 ], [ -74.8278, -48.1961 ], [ -74.9019, -48.2595 ], [ -74.736, -48.1692 ], [ -74.7387, -48.2131 ], [ -74.7827, -48.2064 ], [ -74.7473, -48.2204 ], [ -74.7594, -48.2409 ], [ -74.7926, -48.2304 ], [ -74.8457, -48.293 ], [ -74.7922, -48.2365 ], [ -74.7685, -48.2391 ], [ -74.767, -48.2492 ], [ -74.8071, -48.2609 ], [ -74.8044, -48.2767 ], [ -74.7758, -48.2691 ], [ -74.7767, -48.2999 ], [ -74.7999, -48.3104 ], [ -74.7699, -48.3061 ], [ -74.7768, -48.3664 ], [ -74.8295, -48.3794 ], [ -74.8216, -48.3434 ], [ -74.9602, -48.4485 ], [ -74.9805, -48.4433 ], [ -75.0475, -48.3322 ], [ -75.0477, -48.3225 ], [ -75.0069, -48.3195 ], [ -75.0452, -48.3157 ], [ -75.0703, -48.3299 ], [ -75.0901, -48.2621 ], [ -75.1118, -48.2615 ], [ -75.0461, -48.2375 ], [ -75.0902, -48.2421 ], [ -75.0414, -48.2029 ], [ -75.1042, -48.2448 ], [ -75.129, -48.2284 ], [ -75.096, -48.2094 ], [ -75.144, -48.2216 ], [ -75.1092, -48.1819 ], [ -75.1507, -48.2 ], [ -75.1538, -48.188 ], [ -75.0693, -48.1499 ], [ -75.1499, -48.1812 ], [ -75.1601, -48.157 ], [ -75.1093, -48.1395 ], [ -75.1617, -48.1538 ], [ -75.1533, -48.1112 ], [ -75.1717, -48.1269 ], [ -75.2132, -48.0748 ], [ -75.1686, -48.0672 ] ], [ [ -74.8987, -48.1456 ], [ -74.9029, -48.1465 ], [ -74.8875, -48.1393 ], [ -74.8987, -48.1456 ] ], [ [ -75.0422, -48.238 ], [ -75.0397, -48.24 ], [ -75.0255, -48.2451 ], [ -75.0422, -48.238 ] ], [ [ -74.7904, -48.2921 ], [ -74.7978, -48.2978 ], [ -74.8015, -48.3048 ], [ -74.7904, -48.2921 ] ], [ [ -74.8566, -48.3053 ], [ -74.8445, -48.2995 ], [ -74.8428, -48.2972 ], [ -74.8539, -48.2982 ], [ -74.8566, -48.3053 ] ], [ [ -74.8077, -48.31 ], [ -74.8059, -48.3156 ], [ -74.8054, -48.3085 ], [ -74.8077, -48.31 ] ], [ [ -74.9944, -48.3205 ], [ -75.0041, -48.321 ], [ -74.9925, -48.3239 ], [ -74.9944, -48.3205 ] ], [ [ -75.0075, -48.3272 ], [ -75.0088, -48.3316 ], [ -75.0063, -48.3315 ], [ -75.0075, -48.3272 ] ], [ [ -75.0352, -48.3314 ], [ -75.0388, -48.3293 ], [ -75.0385, -48.3312 ], [ -75.0352, -48.3314 ] ], [ [ -75.0131, -48.3349 ], [ -75.0096, -48.3372 ], [ -75.0089, -48.3364 ], [ -75.0131, -48.3349 ] ], [ [ -74.9845, -48.4169 ], [ -74.9812, -48.4174 ], [ -74.98, -48.417 ], [ -74.9845, -48.4169 ] ], [ [ -74.796, -48.2908 ], [ -74.7914, -48.2886 ], [ -74.7929, -48.2875 ], [ -74.796, -48.2908 ] ], [ [ -74.7891, -48.2903 ], [ -74.7885, -48.2909 ], [ -74.7881, -48.29 ], [ -74.7891, -48.2903 ] ], [ [ -74.8015, -48.2516 ], [ -74.792, -48.2555 ], [ -74.7902, -48.2531 ], [ -74.8015, -48.2516 ] ], [ [ -74.9409, -48.12 ], [ -74.9359, -48.1195 ], [ -74.9454, -48.1179 ], [ -74.9409, -48.12 ] ], [ [ -75.0192, -48.0853 ], [ -75.0169, -48.083 ], [ -75.0231, -48.0846 ], [ -75.0192, -48.0853 ] ], [ [ -75.0159, -48.0834 ], [ -75.0138, -48.0854 ], [ -75.0112, -48.0838 ], [ -75.0159, -48.0834 ] ] ], [ [ [ -75.314, -47.9967 ], [ -75.2721, -48.0375 ], [ -75.2821, -48.0631 ], [ -75.3358, -48.0685 ], [ -75.2916, -48.0666 ], [ -75.3228, -48.1497 ], [ -75.2867, -48.0744 ], [ -75.2551, -48.0684 ], [ -75.2634, -48.0932 ], [ -75.2375, -48.093 ], [ -75.274, -48.1078 ], [ -75.3051, -48.1667 ], [ -75.2835, -48.1326 ], [ -75.2801, -48.1514 ], [ -75.209, -48.1272 ], [ -75.2283, -48.1674 ], [ -75.2012, -48.1568 ], [ -75.2011, -48.1824 ], [ -75.2415, -48.2389 ], [ -75.2031, -48.204 ], [ -75.1902, -48.2299 ], [ -75.2135, -48.2462 ], [ -75.1859, -48.2341 ], [ -75.1581, -48.2754 ], [ -75.2007, -48.3029 ], [ -75.1489, -48.2878 ], [ -75.1461, -48.3346 ], [ -75.1283, -48.3246 ], [ -75.0895, -48.374 ], [ -75.155, -48.4323 ], [ -75.0745, -48.3832 ], [ -75.0198, -48.4713 ], [ -75.0605, -48.4479 ], [ -75.099, -48.5165 ], [ -75.0481, -48.4713 ], [ -75.0221, -48.4812 ], [ -75.0341, -48.5117 ], [ -75.0065, -48.5299 ], [ -75.007, -48.5926 ], [ -75.175, -48.6886 ], [ -75.212, -48.6341 ], [ -75.1048, -48.5939 ], [ -75.2173, -48.6225 ], [ -75.2243, -48.597 ], [ -75.1618, -48.5646 ], [ -75.2283, -48.5824 ], [ -75.2155, -48.5567 ], [ -75.2383, -48.524 ], [ -75.1862, -48.4944 ], [ -75.2287, -48.5132 ], [ -75.2568, -48.467 ], [ -75.2045, -48.4024 ], [ -75.1674, -48.3958 ], [ -75.2016, -48.385 ], [ -75.2246, -48.4126 ], [ -75.2613, -48.3972 ], [ -75.2396, -48.3773 ], [ -75.2769, -48.3876 ], [ -75.212, -48.3105 ], [ -75.2405, -48.3372 ], [ -75.2623, -48.3284 ], [ -75.2879, -48.3824 ], [ -75.3399, -48.3914 ], [ -75.3595, -48.3776 ], [ -75.3647, -48.391 ], [ -75.4208, -48.4149 ], [ -75.4479, -48.4137 ], [ -75.4278, -48.391 ], [ -75.4714, -48.4095 ], [ -75.5002, -48.3763 ], [ -75.4484, -48.3382 ], [ -75.4048, -48.3441 ], [ -75.3149, -48.3262 ], [ -75.349, -48.3257 ], [ -75.3149, -48.3043 ], [ -75.2988, -48.2607 ], [ -75.36, -48.32 ], [ -75.3166, -48.2106 ], [ -75.3679, -48.3168 ], [ -75.4082, -48.336 ], [ -75.3852, -48.3094 ], [ -75.4347, -48.3264 ], [ -75.3925, -48.3041 ], [ -75.4294, -48.3123 ], [ -75.4089, -48.2856 ], [ -75.4064, -48.2368 ], [ -75.3593, -48.2123 ], [ -75.3928, -48.2151 ], [ -75.3507, -48.2038 ], [ -75.3432, -48.1776 ], [ -75.4523, -48.2414 ], [ -75.4886, -48.2148 ], [ -75.4508, -48.1813 ], [ -75.4939, -48.1842 ], [ -75.532, -48.0888 ], [ -75.4601, -48.0428 ], [ -75.4662, -48.0757 ], [ -75.4389, -48.0404 ], [ -75.4239, -48.065 ], [ -75.4145, -48.0333 ], [ -75.403, -48.0424 ], [ -75.4109, -48.0522 ], [ -75.4075, -48.053 ], [ -75.4097, -48.0572 ], [ -75.3907, -48.051 ], [ -75.4022, -48.0782 ], [ -75.3765, -48.0443 ], [ -75.4149, -48.1191 ], [ -75.3449, -48.0018 ], [ -75.314, -47.9967 ] ], [ [ -75.2984, -48.0223 ], [ -75.3161, -48.0177 ], [ -75.3177, -48.0187 ], [ -75.2984, -48.0223 ] ], [ [ -75.2943, -48.0335 ], [ -75.289, -48.0373 ], [ -75.3109, -48.0495 ], [ -75.2943, -48.0335 ] ], [ [ -75.2803, -48.0398 ], [ -75.2796, -48.0404 ], [ -75.2795, -48.04 ], [ -75.2803, -48.0398 ] ], [ [ -75.2895, -48.049 ], [ -75.2885, -48.0502 ], [ -75.286, -48.052 ], [ -75.2895, -48.049 ] ], [ [ -75.3072, -48.041 ], [ -75.3078, -48.0399 ], [ -75.3084, -48.0405 ], [ -75.3072, -48.041 ] ], [ [ -75.3833, -48.09 ], [ -75.3887, -48.0959 ], [ -75.3713, -48.0919 ], [ -75.3833, -48.09 ] ], [ [ -75.3305, -48.1217 ], [ -75.3272, -48.1232 ], [ -75.3277, -48.1209 ], [ -75.3305, -48.1217 ] ], [ [ -75.418, -48.0522 ], [ -75.4119, -48.0521 ], [ -75.4122, -48.0507 ], [ -75.418, -48.0522 ] ], [ [ -75.4082, -48.0534 ], [ -75.4115, -48.0546 ], [ -75.4125, -48.0563 ], [ -75.4083, -48.0543 ], [ -75.4082, -48.0534 ] ], [ [ -75.5119, -48.1165 ], [ -75.5106, -48.1203 ], [ -75.5086, -48.1186 ], [ -75.5119, -48.1165 ] ], [ [ -75.5044, -48.1208 ], [ -75.5071, -48.1244 ], [ -75.5001, -48.125 ], [ -75.5044, -48.1208 ] ], [ [ -75.5064, -48.1268 ], [ -75.5101, -48.1281 ], [ -75.5037, -48.1284 ], [ -75.5064, -48.1268 ] ], [ [ -75.221, -48.1653 ], [ -75.2541, -48.1883 ], [ -75.252, -48.1916 ], [ -75.221, -48.1653 ] ], [ [ -75.2316, -48.1704 ], [ -75.2329, -48.1642 ], [ -75.2339, -48.1638 ], [ -75.2316, -48.1704 ] ], [ [ -75.2266, -48.2109 ], [ -75.23, -48.2126 ], [ -75.2283, -48.2142 ], [ -75.2266, -48.2109 ] ], [ [ -75.2695, -48.2615 ], [ -75.2711, -48.2776 ], [ -75.3167, -48.316 ], [ -75.2664, -48.2805 ], [ -75.2695, -48.2615 ] ], [ [ -75.171, -48.2679 ], [ -75.1681, -48.2673 ], [ -75.1723, -48.2644 ], [ -75.171, -48.2679 ] ], [ [ -75.4295, -48.371 ], [ -75.4242, -48.3722 ], [ -75.4276, -48.3668 ], [ -75.4295, -48.371 ] ], [ [ -75.4075, -48.3742 ], [ -75.4133, -48.3744 ], [ -75.4189, -48.3804 ], [ -75.4075, -48.3742 ] ], [ [ -75.3912, -48.3929 ], [ -75.3857, -48.3951 ], [ -75.3936, -48.3878 ], [ -75.3912, -48.3929 ] ], [ [ -75.1125, -48.3788 ], [ -75.1088, -48.3787 ], [ -75.1082, -48.3776 ], [ -75.1125, -48.3788 ] ], [ [ -75.0317, -48.5175 ], [ -75.0468, -48.5338 ], [ -75.0458, -48.5351 ], [ -75.0317, -48.5175 ] ], [ [ -75.2002, -48.5459 ], [ -75.2141, -48.5561 ], [ -75.1958, -48.545 ], [ -75.2002, -48.5459 ] ], [ [ -75.1518, -48.5864 ], [ -75.1543, -48.5806 ], [ -75.1594, -48.5931 ], [ -75.1518, -48.5864 ] ], [ [ -75.0606, -48.5947 ], [ -75.0566, -48.5964 ], [ -75.0579, -48.5935 ], [ -75.0606, -48.5947 ] ], [ [ -75.1655, -48.5933 ], [ -75.168, -48.5958 ], [ -75.1647, -48.5935 ], [ -75.1655, -48.5933 ] ], [ [ -75.0496, -48.6017 ], [ -75.0671, -48.6045 ], [ -75.047, -48.6122 ], [ -75.0496, -48.6017 ] ], [ [ -75.0946, -48.6163 ], [ -75.0926, -48.6195 ], [ -75.0894, -48.6159 ], [ -75.0946, -48.6163 ] ], [ [ -75.0834, -48.621 ], [ -75.0919, -48.6225 ], [ -75.0915, -48.6242 ], [ -75.0834, -48.621 ] ], [ [ -75.0807, -48.6231 ], [ -75.0773, -48.6241 ], [ -75.0801, -48.6209 ], [ -75.0807, -48.6231 ] ], [ [ -75.1734, -48.6468 ], [ -75.1795, -48.6509 ], [ -75.1863, -48.6546 ], [ -75.1807, -48.6532 ], [ -75.1734, -48.6468 ] ], [ [ -75.1895, -48.6554 ], [ -75.1912, -48.6537 ], [ -75.1934, -48.6536 ], [ -75.1895, -48.6554 ] ], [ [ -75.1476, -48.662 ], [ -75.1421, -48.6649 ], [ -75.1416, -48.6647 ], [ -75.1476, -48.662 ] ], [ [ -75.0526, -48.5116 ], [ -75.0482, -48.5161 ], [ -75.0394, -48.5134 ], [ -75.0526, -48.5116 ] ] ], [ [ [ -73.6176, -48.0358 ], [ -73.5405, -48.0759 ], [ -73.5244, -48.1112 ], [ -73.6126, -48.0742 ], [ -73.6176, -48.0358 ] ] ], [ [ [ -74.7444, -47.9018 ], [ -74.7482, -47.9267 ], [ -74.7326, -47.9079 ], [ -74.6769, -47.9725 ], [ -74.6997, -48.0069 ], [ -74.6883, -48.0116 ], [ -74.6834, -48.0293 ], [ -74.6996, -48.053 ], [ -74.7413, -48.0068 ], [ -74.701, -48.0256 ], [ -74.6932, -48.0146 ], [ -74.7413, -48.0009 ], [ -74.7635, -47.934 ], [ -74.7444, -47.9018 ] ], [ [ -74.7046, -48.0286 ], [ -74.7038, -48.029 ], [ -74.7035, -48.0285 ], [ -74.7046, -48.0286 ] ], [ [ -74.703, -48.0368 ], [ -74.7033, -48.0372 ], [ -74.7045, -48.0373 ], [ -74.7034, -48.0374 ], [ -74.703, -48.0368 ] ] ], [ [ [ -75.059, -47.8776 ], [ -75.0493, -47.8883 ], [ -75.0851, -47.9166 ], [ -75.2142, -47.9478 ], [ -75.059, -47.8776 ] ] ], [ [ [ -74.5298, -47.8962 ], [ -74.5075, -47.9162 ], [ -74.6012, -47.9631 ], [ -74.6081, -47.907 ], [ -74.5298, -47.8962 ] ], [ [ -74.5379, -47.9046 ], [ -74.5442, -47.9034 ], [ -74.542, -47.9058 ], [ -74.5379, -47.9046 ] ] ], [ [ [ -74.9834, -47.8682 ], [ -74.9409, -47.9061 ], [ -74.9505, -47.9473 ], [ -74.9842, -47.9229 ], [ -74.9719, -47.9412 ], [ -74.9092, -47.9728 ], [ -74.9304, -47.9842 ], [ -74.8878, -47.9803 ], [ -74.7608, -48.0211 ], [ -74.756, -48.0435 ], [ -74.8295, -48.0837 ], [ -74.9543, -48.0413 ], [ -75.032, -48.0314 ], [ -74.955, -48.0485 ], [ -74.8994, -48.0935 ], [ -74.8339, -48.1016 ], [ -74.8567, -48.1259 ], [ -74.7942, -48.1 ], [ -74.7844, -48.1285 ], [ -74.828, -48.1588 ], [ -74.9951, -48.062 ], [ -75.0951, -48.0655 ], [ -75.0597, -48.0229 ], [ -75.0421, -48.0235 ], [ -75.0558, -47.9983 ], [ -74.9761, -48.0126 ], [ -75.041, -47.992 ], [ -75.0176, -47.9758 ], [ -74.977, -47.9845 ], [ -74.9959, -47.9927 ], [ -74.9825, -48.0056 ], [ -74.9569, -47.9963 ], [ -74.9264, -48.0128 ], [ -74.9689, -47.9819 ], [ -75.0141, -47.972 ], [ -75.0513, -47.9875 ], [ -75.0765, -47.9792 ], [ -75.0562, -47.9968 ], [ -75.2187, -48.0288 ], [ -75.181, -47.9929 ], [ -75.0794, -47.9786 ], [ -75.1047, -47.9736 ], [ -75.0899, -47.9472 ], [ -75.1352, -47.9669 ], [ -75.1071, -47.9611 ], [ -75.1127, -47.9735 ], [ -75.1605, -47.971 ], [ -75.2006, -47.9832 ], [ -75.1921, -47.9607 ], [ -75.1832, -47.9719 ], [ -75.1759, -47.9652 ], [ -75.1479, -47.9608 ], [ -75.1816, -47.9629 ], [ -75.1645, -47.9466 ], [ -75.1097, -47.9252 ], [ -75.1301, -47.9413 ], [ -75.1011, -47.9283 ], [ -75.0563, -47.934 ], [ -75.0697, -47.9228 ], [ -75.0135, -47.909 ], [ -75.0165, -47.8969 ], [ -74.9844, -47.9228 ], [ -74.9834, -47.8682 ] ], [ [ -74.9672, -47.9077 ], [ -74.9661, -47.9071 ], [ -74.9679, -47.907 ], [ -74.9672, -47.9077 ] ], [ [ -74.9796, -47.9168 ], [ -74.9836, -47.9173 ], [ -74.9812, -47.9203 ], [ -74.9796, -47.9168 ] ], [ [ -74.9719, -47.9206 ], [ -74.9722, -47.9238 ], [ -74.9677, -47.92 ], [ -74.9719, -47.9206 ] ], [ [ -75.1029, -47.9384 ], [ -75.1058, -47.9393 ], [ -75.1044, -47.9412 ], [ -75.1029, -47.9384 ] ], [ [ -74.9725, -47.944 ], [ -74.9731, -47.9441 ], [ -74.9721, -47.9443 ], [ -74.9725, -47.944 ] ], [ [ -75.138, -47.9448 ], [ -75.1369, -47.9454 ], [ -75.137, -47.9444 ], [ -75.138, -47.9448 ] ], [ [ -75.1439, -47.9485 ], [ -75.1422, -47.9487 ], [ -75.1422, -47.948 ], [ -75.1439, -47.9485 ] ], [ [ -75.1578, -47.9544 ], [ -75.1574, -47.9554 ], [ -75.1567, -47.9547 ], [ -75.1578, -47.9544 ] ], [ [ -75.1255, -47.9577 ], [ -75.1349, -47.9559 ], [ -75.1354, -47.9566 ], [ -75.1255, -47.9577 ] ], [ [ -75.1379, -47.9575 ], [ -75.1387, -47.9565 ], [ -75.1394, -47.9572 ], [ -75.1379, -47.9575 ] ], [ [ -75.1693, -47.9674 ], [ -75.1687, -47.9678 ], [ -75.1687, -47.9673 ], [ -75.1693, -47.9674 ] ], [ [ -75.1748, -47.9758 ], [ -75.1739, -47.9766 ], [ -75.1737, -47.9756 ], [ -75.1748, -47.9758 ] ], [ [ -75.1834, -47.9782 ], [ -75.1842, -47.9795 ], [ -75.1823, -47.9786 ], [ -75.1834, -47.9782 ] ], [ [ -75.1773, -47.9822 ], [ -75.179, -47.9835 ], [ -75.1754, -47.9829 ], [ -75.1773, -47.9822 ] ], [ [ -75.0311, -47.9737 ], [ -75.0304, -47.9747 ], [ -75.0304, -47.9738 ], [ -75.0311, -47.9737 ] ], [ [ -75.2141, -48.0179 ], [ -75.2154, -48.0177 ], [ -75.2149, -48.0184 ], [ -75.2141, -48.0179 ] ], [ [ -74.9274, -47.9766 ], [ -74.9278, -47.978 ], [ -74.926, -47.9773 ], [ -74.9274, -47.9766 ] ], [ [ -74.9298, -47.9778 ], [ -74.9319, -47.9778 ], [ -74.9302, -47.9787 ], [ -74.9298, -47.9778 ] ], [ [ -74.9573, -47.9823 ], [ -74.9645, -47.9837 ], [ -74.9459, -47.9831 ], [ -74.9573, -47.9823 ] ], [ [ -75.0139, -47.9952 ], [ -75.0151, -47.9949 ], [ -75.015, -47.9952 ], [ -75.0139, -47.9952 ] ], [ [ -75.0291, -48.0227 ], [ -75.0336, -48.0279 ], [ -75.0256, -48.0293 ], [ -75.0291, -48.0227 ] ], [ [ -75.0445, -48.0262 ], [ -75.0471, -48.0257 ], [ -75.0449, -48.0268 ], [ -75.0445, -48.0262 ] ], [ [ -75.0453, -48.0326 ], [ -75.047, -48.0304 ], [ -75.0481, -48.033 ], [ -75.0453, -48.0326 ] ], [ [ -75.0496, -48.0309 ], [ -75.0507, -48.0303 ], [ -75.051, -48.0307 ], [ -75.0496, -48.0309 ] ], [ [ -75.0448, -48.0363 ], [ -75.0476, -48.0349 ], [ -75.0538, -48.0348 ], [ -75.0448, -48.0363 ] ], [ [ -75.0635, -48.0358 ], [ -75.0571, -48.0352 ], [ -75.0567, -48.0348 ], [ -75.0615, -48.0346 ], [ -75.0635, -48.0358 ] ], [ [ -75.0364, -48.0419 ], [ -75.0328, -48.0426 ], [ -75.0381, -48.039 ], [ -75.0364, -48.0419 ] ], [ [ -75.0512, -48.0456 ], [ -75.0538, -48.0448 ], [ -75.0539, -48.0469 ], [ -75.0512, -48.0456 ] ], [ [ -75.0629, -48.0457 ], [ -75.0639, -48.045 ], [ -75.0646, -48.0461 ], [ -75.0629, -48.0457 ] ], [ [ -75.0578, -48.0534 ], [ -75.0596, -48.0534 ], [ -75.0616, -48.0543 ], [ -75.0578, -48.0534 ] ], [ [ -75.0739, -48.0524 ], [ -75.077, -48.0516 ], [ -75.0773, -48.0531 ], [ -75.0739, -48.0524 ] ], [ [ -75.0695, -48.057 ], [ -75.0757, -48.0561 ], [ -75.0779, -48.0582 ], [ -75.0695, -48.057 ] ], [ [ -74.9072, -48.094 ], [ -74.905, -48.0931 ], [ -74.9087, -48.0915 ], [ -74.9072, -48.094 ] ], [ [ -74.8715, -48.116 ], [ -74.8744, -48.1133 ], [ -74.8772, -48.1142 ], [ -74.8715, -48.116 ] ], [ [ -74.8625, -48.1307 ], [ -74.8573, -48.1309 ], [ -74.8584, -48.1275 ], [ -74.8625, -48.1307 ] ], [ [ -75.0079, -48.0305 ], [ -75.0071, -48.0311 ], [ -75.0067, -48.0308 ], [ -75.0079, -48.0305 ] ], [ [ -74.864, -48.0683 ], [ -74.8602, -48.0669 ], [ -74.8632, -48.0662 ], [ -74.864, -48.0683 ] ], [ [ -74.8327, -48.0685 ], [ -74.8334, -48.0744 ], [ -74.8292, -48.0762 ], [ -74.8327, -48.0685 ] ], [ [ -74.9174, -47.9811 ], [ -74.9145, -47.9808 ], [ -74.9127, -47.981 ], [ -74.9174, -47.9811 ] ] ], [ [ [ -75.0657, -47.854 ], [ -75.0539, -47.8637 ], [ -75.091, -47.8887 ], [ -75.1596, -47.9057 ], [ -75.1351, -47.888 ], [ -75.1524, -47.8775 ], [ -75.1232, -47.8833 ], [ -75.13, -47.86 ], [ -75.1275, -47.8569 ], [ -75.1024, -47.8543 ], [ -75.1117, -47.8738 ], [ -75.0998, -47.8761 ], [ -75.0657, -47.854 ] ], [ [ -75.0653, -47.857 ], [ -75.0657, -47.8582 ], [ -75.0644, -47.858 ], [ -75.0653, -47.857 ] ], [ [ -75.1249, -47.8645 ], [ -75.1268, -47.8641 ], [ -75.1264, -47.8648 ], [ -75.1249, -47.8645 ] ], [ [ -75.1035, -47.8617 ], [ -75.1045, -47.8617 ], [ -75.1048, -47.8628 ], [ -75.1035, -47.8617 ] ], [ [ -75.1129, -47.8569 ], [ -75.1132, -47.8558 ], [ -75.1135, -47.856 ], [ -75.1129, -47.8569 ] ] ], [ [ [ -73.7281, -47.8693 ], [ -73.6425, -47.88 ], [ -73.6183, -47.9217 ], [ -73.668, -47.9249 ], [ -73.6381, -47.9322 ], [ -73.6223, -47.969 ], [ -73.67, -47.996 ], [ -73.6584, -47.9832 ], [ -73.7367, -47.9431 ], [ -73.6818, -47.9477 ], [ -73.668, -47.9269 ], [ -73.6858, -47.9403 ], [ -73.7478, -47.9273 ], [ -73.7281, -47.8693 ] ], [ [ -73.7093, -47.9504 ], [ -73.7075, -47.9508 ], [ -73.7081, -47.9495 ], [ -73.7093, -47.9504 ] ] ], [ [ [ -74.844, -47.7888 ], [ -74.8203, -47.8093 ], [ -74.8182, -47.7926 ], [ -74.7624, -47.8104 ], [ -74.7618, -47.8958 ], [ -74.774, -47.9071 ], [ -74.8256, -47.8832 ], [ -74.78, -47.9131 ], [ -74.7976, -47.9286 ], [ -74.8447, -47.9429 ], [ -74.785, -47.9301 ], [ -74.7702, -47.995 ], [ -74.8409, -47.9893 ], [ -74.9487, -47.9459 ], [ -74.9263, -47.9172 ], [ -74.8543, -47.9319 ], [ -74.9245, -47.909 ], [ -74.9299, -47.8876 ], [ -74.8849, -47.8947 ], [ -74.9321, -47.8765 ], [ -74.8934, -47.867 ], [ -74.9165, -47.8547 ], [ -74.9014, -47.8404 ], [ -74.8671, -47.8462 ], [ -74.8789, -47.8663 ], [ -74.8625, -47.8448 ], [ -74.8341, -47.8543 ], [ -74.8655, -47.8302 ], [ -74.8187, -47.8495 ], [ -74.8672, -47.8236 ], [ -74.8611, -47.799 ], [ -74.8377, -47.8105 ], [ -74.844, -47.7888 ] ], [ [ -74.839, -47.797 ], [ -74.838, -47.797 ], [ -74.8386, -47.7962 ], [ -74.839, -47.797 ] ], [ [ -74.8342, -47.8008 ], [ -74.836, -47.8019 ], [ -74.8331, -47.8027 ], [ -74.8342, -47.8008 ] ], [ [ -74.8575, -47.8064 ], [ -74.8576, -47.8049 ], [ -74.8581, -47.8054 ], [ -74.8575, -47.8064 ] ], [ [ -74.8502, -47.8125 ], [ -74.8508, -47.8139 ], [ -74.8482, -47.8136 ], [ -74.8502, -47.8125 ] ], [ [ -74.8523, -47.8213 ], [ -74.8548, -47.8152 ], [ -74.8543, -47.8221 ], [ -74.8523, -47.8213 ] ], [ [ -74.8579, -47.8173 ], [ -74.8594, -47.8174 ], [ -74.8589, -47.818 ], [ -74.8579, -47.8173 ] ], [ [ -74.8568, -47.8133 ], [ -74.8561, -47.8127 ], [ -74.8568, -47.8123 ], [ -74.8568, -47.8133 ] ], [ [ -74.766, -47.8662 ], [ -74.7646, -47.8666 ], [ -74.7659, -47.8658 ], [ -74.766, -47.8662 ] ], [ [ -74.891, -47.8649 ], [ -74.8909, -47.8643 ], [ -74.8922, -47.8648 ], [ -74.891, -47.8649 ] ], [ [ -74.8023, -47.8948 ], [ -74.8049, -47.8953 ], [ -74.8052, -47.8962 ], [ -74.8023, -47.8948 ] ], [ [ -74.8112, -47.8957 ], [ -74.8136, -47.8974 ], [ -74.8084, -47.8967 ], [ -74.8112, -47.8957 ] ], [ [ -74.8064, -47.8974 ], [ -74.8074, -47.897 ], [ -74.8074, -47.8972 ], [ -74.8064, -47.8974 ] ], [ [ -74.8012, -47.9195 ], [ -74.8, -47.9203 ], [ -74.799, -47.9195 ], [ -74.8012, -47.9195 ] ], [ [ -74.7979, -47.9196 ], [ -74.7958, -47.9226 ], [ -74.7945, -47.9212 ], [ -74.7979, -47.9196 ] ], [ [ -74.8904, -47.9282 ], [ -74.8909, -47.9277 ], [ -74.8914, -47.9276 ], [ -74.8904, -47.9282 ] ], [ [ -74.8878, -47.9316 ], [ -74.8879, -47.9322 ], [ -74.8873, -47.9319 ], [ -74.8878, -47.9316 ] ] ], [ [ [ -74.5374, -47.7996 ], [ -74.5129, -47.8231 ], [ -74.5267, -47.8777 ], [ -74.5857, -47.8664 ], [ -74.62, -47.8134 ], [ -74.6189, -47.8003 ], [ -74.5374, -47.7996 ] ] ], [ [ [ -74.6817, -47.8559 ], [ -74.6784, -47.8858 ], [ -74.6958, -47.8663 ], [ -74.7001, -47.8192 ], [ -74.6454, -47.7914 ], [ -74.6249, -47.813 ], [ -74.6431, -47.8139 ], [ -74.6178, -47.8619 ], [ -74.6018, -47.8715 ], [ -74.6241, -47.8825 ], [ -74.6623, -47.8712 ], [ -74.6817, -47.8559 ] ], [ [ -74.6395, -47.8654 ], [ -74.6398, -47.8669 ], [ -74.6375, -47.8668 ], [ -74.6395, -47.8654 ] ], [ [ -74.6452, -47.8685 ], [ -74.6483, -47.865 ], [ -74.6537, -47.8655 ], [ -74.6452, -47.8685 ] ], [ [ -74.6575, -47.8683 ], [ -74.6597, -47.8657 ], [ -74.6581, -47.8696 ], [ -74.6575, -47.8683 ] ], [ [ -74.6384, -47.8099 ], [ -74.6402, -47.8091 ], [ -74.639, -47.8106 ], [ -74.6384, -47.8099 ] ], [ [ -74.6381, -47.8037 ], [ -74.6397, -47.8055 ], [ -74.6364, -47.8061 ], [ -74.6381, -47.8037 ] ], [ [ -74.683, -47.8687 ], [ -74.6863, -47.8704 ], [ -74.6847, -47.871 ], [ -74.683, -47.8687 ] ] ], [ [ [ -74.0355, -47.8732 ], [ -74.0195, -47.8639 ], [ -74.0496, -47.8639 ], [ -74.0176, -47.8465 ], [ -73.9896, -47.8375 ], [ -73.9824, -47.8399 ], [ -73.9686, -47.8301 ], [ -74.0207, -47.8208 ], [ -74.0126, -47.808 ], [ -73.8558, -47.8699 ], [ -73.8046, -47.8403 ], [ -73.7465, -47.8592 ], [ -73.7749, -47.9287 ], [ -73.8209, -47.9423 ], [ -73.8933, -47.9372 ], [ -73.8631, -47.8914 ], [ -73.9601, -47.9433 ], [ -74.091, -47.9258 ], [ -74.1261, -47.9483 ], [ -74.2592, -47.9636 ], [ -74.3388, -47.9014 ], [ -74.32, -47.9234 ], [ -74.4694, -47.8878 ], [ -74.4254, -47.8609 ], [ -74.3479, -47.8897 ], [ -74.4194, -47.8542 ], [ -74.3311, -47.8087 ], [ -74.1608, -47.8889 ], [ -74.3123, -47.8031 ], [ -74.2379, -47.7784 ], [ -73.9889, -47.8326 ], [ -73.9865, -47.8374 ], [ -73.9917, -47.8368 ], [ -74.0187, -47.8428 ], [ -74.0402, -47.8585 ], [ -74.0789, -47.8586 ], [ -74.1415, -47.8819 ], [ -74.0667, -47.8632 ], [ -74.0495, -47.9282 ], [ -74.0188, -47.8958 ], [ -74.0355, -47.8732 ] ], [ [ -74.065, -47.8414 ], [ -74.043, -47.8406 ], [ -74.0501, -47.8322 ], [ -74.065, -47.8414 ] ], [ [ -74.2105, -47.7918 ], [ -74.209, -47.7919 ], [ -74.2098, -47.7908 ], [ -74.2105, -47.7918 ] ], [ [ -74.0084, -47.8464 ], [ -74.0087, -47.8474 ], [ -74.0075, -47.8467 ], [ -74.0084, -47.8464 ] ], [ [ -73.9886, -47.8471 ], [ -73.9887, -47.846 ], [ -73.99, -47.8465 ], [ -73.9886, -47.8471 ] ], [ [ -73.9941, -47.8465 ], [ -73.9963, -47.8448 ], [ -73.9989, -47.8459 ], [ -73.9941, -47.8465 ] ], [ [ -73.9953, -47.8422 ], [ -73.9933, -47.8436 ], [ -73.9921, -47.8418 ], [ -73.9953, -47.8422 ] ] ], [ [ [ -73.6132, -47.7964 ], [ -73.5867, -47.8115 ], [ -73.637, -47.8373 ], [ -73.6789, -47.8455 ], [ -73.7161, -47.8205 ], [ -73.6271, -47.8158 ], [ -73.6132, -47.7964 ] ], [ [ -73.6104, -47.8088 ], [ -73.6136, -47.8144 ], [ -73.6046, -47.8144 ], [ -73.6104, -47.8088 ] ] ], [ [ [ -74.385, -47.7619 ], [ -74.3382, -47.789 ], [ -74.4768, -47.8844 ], [ -74.4678, -47.8082 ], [ -74.385, -47.7619 ] ], [ [ -74.4363, -47.8531 ], [ -74.435, -47.8534 ], [ -74.4349, -47.8526 ], [ -74.4363, -47.8531 ] ] ], [ [ [ -74.1403, -47.7825 ], [ -74.0281, -47.7823 ], [ -74.0317, -47.816 ], [ -74.1403, -47.7825 ] ] ], [ [ [ -75.032, -47.6681 ], [ -74.9725, -47.6792 ], [ -74.9754, -47.695 ], [ -74.9306, -47.7432 ], [ -74.9149, -47.7363 ], [ -74.9671, -47.6927 ], [ -74.916, -47.692 ], [ -74.8936, -47.7483 ], [ -74.8816, -47.7288 ], [ -74.8497, -47.7559 ], [ -74.8894, -47.769 ], [ -74.894, -47.7497 ], [ -74.9294, -47.7784 ], [ -75.0023, -47.7517 ], [ -75.0571, -47.6908 ], [ -75.032, -47.6681 ] ] ], [ [ [ -75.1276, -47.6828 ], [ -75.07, -47.6731 ], [ -75.0892, -47.6931 ], [ -75.039, -47.7497 ], [ -75.1356, -47.7796 ], [ -75.037, -47.7592 ], [ -75.019, -47.7827 ], [ -74.9915, -47.7756 ], [ -75.0182, -47.7878 ], [ -75.0447, -47.8138 ], [ -75.1664, -47.8394 ], [ -75.1415, -47.8196 ], [ -75.1541, -47.7854 ], [ -75.2061, -47.7811 ], [ -75.175, -47.8341 ], [ -75.2098, -47.8188 ], [ -75.2169, -47.7791 ], [ -75.2863, -47.7575 ], [ -75.3502, -47.7827 ], [ -75.3251, -47.7634 ], [ -75.3488, -47.7312 ], [ -75.2603, -47.713 ], [ -75.2693, -47.7567 ], [ -75.225, -47.7228 ], [ -75.176, -47.7435 ], [ -75.0949, -47.6973 ], [ -75.1276, -47.6828 ] ], [ [ -75.0834, -47.6781 ], [ -75.0837, -47.6785 ], [ -75.0832, -47.6782 ], [ -75.0834, -47.6781 ] ], [ [ -75.0839, -47.6786 ], [ -75.085, -47.6792 ], [ -75.0857, -47.6795 ], [ -75.0851, -47.6795 ], [ -75.0839, -47.6786 ] ], [ [ -75.0892, -47.6805 ], [ -75.0889, -47.6811 ], [ -75.0883, -47.6809 ], [ -75.0892, -47.6805 ] ], [ [ -75.0885, -47.6819 ], [ -75.0964, -47.6856 ], [ -75.0866, -47.6844 ], [ -75.0885, -47.6819 ] ], [ [ -75.1197, -47.6827 ], [ -75.1204, -47.6828 ], [ -75.1195, -47.6832 ], [ -75.1197, -47.6827 ] ], [ [ -75.1164, -47.6857 ], [ -75.1151, -47.686 ], [ -75.116, -47.6852 ], [ -75.1164, -47.6857 ] ], [ [ -75.2663, -47.7584 ], [ -75.2675, -47.7589 ], [ -75.2651, -47.7592 ], [ -75.2663, -47.7584 ] ], [ [ -75.2631, -47.7662 ], [ -75.2618, -47.767 ], [ -75.2618, -47.7665 ], [ -75.2631, -47.7662 ] ], [ [ -74.9987, -47.7806 ], [ -74.9952, -47.7781 ], [ -74.9994, -47.7801 ], [ -74.9987, -47.7806 ] ], [ [ -74.9976, -47.7775 ], [ -74.9971, -47.7774 ], [ -74.9975, -47.7772 ], [ -74.9976, -47.7775 ] ] ], [ [ [ -74.346, -47.6042 ], [ -74.3536, -47.5633 ], [ -74.3315, -47.5625 ], [ -74.2783, -47.6084 ], [ -74.3613, -47.6498 ], [ -74.3649, -47.6335 ], [ -74.3314, -47.6314 ], [ -74.3558, -47.6279 ], [ -74.3512, -47.6255 ], [ -74.3548, -47.6201 ], [ -74.346, -47.6042 ] ], [ [ -74.2931, -47.6101 ], [ -74.2896, -47.611 ], [ -74.2894, -47.6107 ], [ -74.2931, -47.6101 ] ], [ [ -74.2898, -47.6121 ], [ -74.2904, -47.6126 ], [ -74.2898, -47.6129 ], [ -74.2898, -47.6121 ] ], [ [ -74.2955, -47.6132 ], [ -74.2963, -47.6121 ], [ -74.297, -47.6131 ], [ -74.2955, -47.6132 ] ], [ [ -74.3104, -47.6155 ], [ -74.3086, -47.6166 ], [ -74.3075, -47.6146 ], [ -74.3104, -47.6155 ] ] ], [ [ [ -74.2924, -47.0291 ], [ -74.2469, -47.0438 ], [ -74.2658, -47.0796 ], [ -74.4259, -47.1691 ], [ -74.4485, -47.0742 ], [ -74.3692, -47.0378 ], [ -74.2924, -47.0291 ] ], [ [ -74.3937, -47.1312 ], [ -74.3966, -47.1336 ], [ -74.3896, -47.1333 ], [ -74.3937, -47.1312 ] ], [ [ -74.4178, -47.1389 ], [ -74.4222, -47.1425 ], [ -74.4162, -47.1405 ], [ -74.4178, -47.1389 ] ] ], [ [ [ -74.673, -46.8143 ], [ -74.6329, -46.8444 ], [ -74.5209, -46.8239 ], [ -74.4633, -46.8501 ], [ -74.3852, -46.848 ], [ -74.3918, -46.8949 ], [ -74.5211, -46.8888 ], [ -74.5899, -46.855 ], [ -74.6344, -46.8756 ], [ -74.6422, -46.8406 ], [ -74.7026, -46.818 ], [ -74.673, -46.8143 ] ], [ [ -74.4453, -46.8674 ], [ -74.4489, -46.8706 ], [ -74.4414, -46.8693 ], [ -74.4453, -46.8674 ] ], [ [ -74.4034, -46.8837 ], [ -74.4069, -46.8832 ], [ -74.4076, -46.8837 ], [ -74.4034, -46.8837 ] ] ], [ [ [ -75.228, -46.728 ], [ -75.1458, -46.7351 ], [ -75.1237, -46.775 ], [ -75.228, -46.728 ] ], [ [ -75.1846, -46.7343 ], [ -75.1856, -46.7383 ], [ -75.183, -46.7381 ], [ -75.1846, -46.7343 ] ] ], [ [ [ -73.8665, -45.9961 ], [ -73.7607, -46.0357 ], [ -73.7608, -46.0841 ], [ -73.7436, -46.0317 ], [ -73.6457, -46.0749 ], [ -73.6797, -46.1557 ], [ -73.7196, -46.1449 ], [ -73.6962, -46.1756 ], [ -73.7285, -46.2096 ], [ -73.8184, -46.1571 ], [ -73.7481, -46.1397 ], [ -73.8286, -46.1414 ], [ -73.864, -46.0959 ], [ -73.9217, -46.0911 ], [ -73.9036, -46.0031 ], [ -73.8665, -45.9961 ] ] ], [ [ [ -73.5286, -45.8619 ], [ -73.4707, -45.8843 ], [ -73.3219, -45.8976 ], [ -73.3571, -45.9212 ], [ -73.4261, -46.0597 ], [ -73.5231, -46.1429 ], [ -73.538, -46.1844 ], [ -73.605, -46.2219 ], [ -73.5684, -46.2304 ], [ -73.5767, -46.2573 ], [ -73.6726, -46.329 ], [ -73.6493, -46.2188 ], [ -73.6122, -46.2204 ], [ -73.6392, -46.1874 ], [ -73.6028, -46.058 ], [ -73.6361, -45.975 ], [ -73.5609, -45.9461 ], [ -73.5936, -45.924 ], [ -73.5286, -45.8619 ] ], [ [ -73.5857, -46.2045 ], [ -73.5839, -46.2055 ], [ -73.5838, -46.2049 ], [ -73.5857, -46.2045 ] ], [ [ -73.6018, -46.2475 ], [ -73.5984, -46.2496 ], [ -73.5973, -46.2492 ], [ -73.6018, -46.2475 ] ], [ [ -73.6104, -46.2553 ], [ -73.6072, -46.259 ], [ -73.605, -46.2559 ], [ -73.6104, -46.2553 ] ] ], [ [ [ -73.6978, -45.8069 ], [ -73.6492, -45.8877 ], [ -73.6851, -45.9072 ], [ -73.6588, -45.9159 ], [ -73.6605, -46.0295 ], [ -73.7998, -46.0025 ], [ -73.737, -45.8925 ], [ -73.7088, -45.9102 ], [ -73.7628, -45.956 ], [ -73.679, -45.892 ], [ -73.707, -45.8791 ], [ -73.8095, -45.8778 ], [ -73.7815, -45.9027 ], [ -73.7513, -45.894 ], [ -73.8067, -45.9383 ], [ -73.8348, -45.9237 ], [ -73.7958, -45.9447 ], [ -73.8227, -45.9855 ], [ -73.9027, -45.989 ], [ -73.9208, -45.94 ], [ -73.8654, -45.8559 ], [ -73.7753, -45.86 ], [ -73.7647, -45.8289 ], [ -73.7764, -45.8525 ], [ -73.8115, -45.85 ], [ -73.8058, -45.8325 ], [ -73.6978, -45.8069 ] ], [ [ -73.7006, -45.8077 ], [ -73.7043, -45.8096 ], [ -73.7029, -45.8109 ], [ -73.7006, -45.8077 ] ] ], [ [ [ -74.4872, -45.7412 ], [ -74.468, -45.8127 ], [ -74.5003, -45.821 ], [ -74.5754, -45.7956 ], [ -74.5417, -45.771 ], [ -74.5575, -45.7636 ], [ -74.4872, -45.7412 ] ] ], [ [ [ -73.8323, -45.7647 ], [ -73.844, -45.7813 ], [ -73.8166, -45.7669 ], [ -73.7625, -45.8071 ], [ -73.8115, -45.8189 ], [ -73.8254, -45.8488 ], [ -73.8836, -45.8515 ], [ -73.8676, -45.8259 ], [ -73.8243, -45.821 ], [ -73.8313, -45.8049 ], [ -73.8841, -45.8212 ], [ -73.8323, -45.7647 ] ] ], [ [ [ -74.025, -45.7377 ], [ -73.8722, -45.7484 ], [ -73.9568, -45.7896 ], [ -73.9263, -45.7965 ], [ -73.9321, -45.8697 ], [ -73.9597, -45.9216 ], [ -73.996, -45.9344 ], [ -74.017, -45.8559 ], [ -73.9774, -45.8401 ], [ -74.0326, -45.8571 ], [ -74.0299, -45.8119 ], [ -74.0383, -45.8362 ], [ -74.0948, -45.7946 ], [ -74.0336, -45.7693 ], [ -74.025, -45.7377 ] ], [ [ -74.0328, -45.77 ], [ -74.0359, -45.7873 ], [ -74.0336, -45.7952 ], [ -74.0328, -45.77 ] ], [ [ -74.0282, -45.8444 ], [ -74.0303, -45.8416 ], [ -74.0314, -45.8438 ], [ -74.0282, -45.8444 ] ], [ [ -73.9793, -45.9149 ], [ -73.9797, -45.9164 ], [ -73.9784, -45.9152 ], [ -73.9793, -45.9149 ] ], [ [ -73.9759, -45.9157 ], [ -73.9748, -45.9162 ], [ -73.9746, -45.9153 ], [ -73.9759, -45.9157 ] ] ], [ [ [ -74.1931, -45.7397 ], [ -74.2877, -45.7548 ], [ -74.222, -45.7492 ], [ -74.2136, -45.7757 ], [ -74.2096, -45.7505 ], [ -74.1461, -45.7469 ], [ -74.1137, -45.8019 ], [ -74.1875, -45.7879 ], [ -74.1791, -45.8059 ], [ -74.2642, -45.8224 ], [ -74.3103, -45.7932 ], [ -74.323, -45.7515 ], [ -74.2802, -45.7368 ], [ -74.2751, -45.7086 ], [ -74.2098, -45.7147 ], [ -74.1931, -45.7397 ] ], [ [ -74.1447, -45.7881 ], [ -74.1421, -45.7888 ], [ -74.1444, -45.7872 ], [ -74.1447, -45.7881 ] ], [ [ -74.1392, -45.7883 ], [ -74.1398, -45.7879 ], [ -74.1404, -45.7884 ], [ -74.1392, -45.7883 ] ] ], [ [ [ -73.7951, -45.6684 ], [ -73.6939, -45.7455 ], [ -73.7309, -45.7715 ], [ -73.7951, -45.7044 ], [ -73.7951, -45.6684 ] ] ], [ [ [ -74.8257, -45.5987 ], [ -74.7653, -45.6258 ], [ -74.8328, -45.6184 ], [ -74.7598, -45.6458 ], [ -74.7241, -45.718 ], [ -74.8594, -45.6564 ], [ -74.8257, -45.5987 ] ] ], [ [ [ -74.5209, -45.5768 ], [ -74.5082, -45.609 ], [ -74.5498, -45.6604 ], [ -74.5435, -45.7129 ], [ -74.58, -45.7591 ], [ -74.626, -45.765 ], [ -74.599, -45.7296 ], [ -74.6386, -45.7639 ], [ -74.6836, -45.7175 ], [ -74.6648, -45.6664 ], [ -74.6055, -45.6036 ], [ -74.5209, -45.5768 ] ] ], [ [ [ -73.9836, -45.5344 ], [ -73.9597, -45.549 ], [ -73.9742, -45.5574 ], [ -73.9444, -45.5494 ], [ -73.8875, -45.573 ], [ -73.8583, -45.6122 ], [ -73.8833, -45.6421 ], [ -73.8634, -45.6468 ], [ -73.8789, -45.7093 ], [ -73.956, -45.7363 ], [ -74.0356, -45.7239 ], [ -74.0825, -45.6031 ], [ -74.0982, -45.5992 ], [ -73.9836, -45.5344 ] ], [ [ -73.9767, -45.5427 ], [ -73.9839, -45.5432 ], [ -73.9748, -45.5446 ], [ -73.9767, -45.5427 ] ], [ [ -73.9874, -45.5464 ], [ -73.9944, -45.5463 ], [ -73.9872, -45.5477 ], [ -73.9874, -45.5464 ] ] ], [ [ [ -74.3898, -45.4465 ], [ -74.3621, -45.4524 ], [ -74.3795, -45.4649 ], [ -74.3194, -45.4594 ], [ -74.261, -45.4914 ], [ -74.3519, -45.5223 ], [ -74.2563, -45.4965 ], [ -74.2088, -45.5585 ], [ -74.2647, -45.5674 ], [ -74.2907, -45.5482 ], [ -74.3574, -45.5675 ], [ -74.2872, -45.5547 ], [ -74.2711, -45.5765 ], [ -74.3174, -45.5835 ], [ -74.2056, -45.5731 ], [ -74.1784, -45.6289 ], [ -74.2071, -45.6928 ], [ -74.2995, -45.6954 ], [ -74.3287, -45.6772 ], [ -74.3138, -45.698 ], [ -74.3451, -45.674 ], [ -74.3206, -45.7034 ], [ -74.4209, -45.6912 ], [ -74.2913, -45.7217 ], [ -74.3066, -45.7376 ], [ -74.3833, -45.7391 ], [ -74.3387, -45.7508 ], [ -74.3658, -45.7748 ], [ -74.4484, -45.7837 ], [ -74.4876, -45.7291 ], [ -74.4408, -45.7333 ], [ -74.4629, -45.708 ], [ -74.425, -45.6905 ], [ -74.4848, -45.6098 ], [ -74.429, -45.6139 ], [ -74.4154, -45.5891 ], [ -74.4514, -45.5954 ], [ -74.4573, -45.5465 ], [ -74.3898, -45.4465 ] ], [ [ -74.2927, -45.5326 ], [ -74.2895, -45.5342 ], [ -74.2913, -45.5318 ], [ -74.2927, -45.5326 ] ], [ [ -74.2141, -45.5949 ], [ -74.2205, -45.5957 ], [ -74.2216, -45.5984 ], [ -74.2141, -45.5949 ] ], [ [ -74.2165, -45.6771 ], [ -74.215, -45.6799 ], [ -74.2127, -45.6772 ], [ -74.2165, -45.6771 ] ] ], [ [ [ -74.5003, -45.4476 ], [ -74.4075, -45.4444 ], [ -74.4724, -45.5265 ], [ -74.4591, -45.5936 ], [ -74.4841, -45.6019 ], [ -74.5455, -45.5435 ], [ -74.5239, -45.5184 ], [ -74.5452, -45.5141 ], [ -74.52, -45.5091 ], [ -74.5003, -45.4476 ] ], [ [ -74.5223, -45.5262 ], [ -74.5234, -45.5276 ], [ -74.5219, -45.5276 ], [ -74.5223, -45.5262 ] ] ], [ [ [ -74.0307, -45.4251 ], [ -73.9231, -45.4545 ], [ -73.9615, -45.4676 ], [ -73.8623, -45.4649 ], [ -73.8624, -45.4869 ], [ -73.8286, -45.451 ], [ -73.775, -45.4628 ], [ -73.8371, -45.5742 ], [ -73.9059, -45.5521 ], [ -73.8742, -45.5291 ], [ -73.8813, -45.5082 ], [ -73.9073, -45.5431 ], [ -73.9823, -45.5268 ], [ -73.9219, -45.51 ], [ -73.9377, -45.5078 ], [ -74.0473, -45.5185 ], [ -74.0304, -45.5359 ], [ -74.089, -45.5587 ], [ -74.1045, -45.5569 ], [ -74.0724, -45.5692 ], [ -74.1024, -45.5939 ], [ -74.1203, -45.5446 ], [ -74.1008, -45.5187 ], [ -74.0633, -45.5228 ], [ -74.0978, -45.5176 ], [ -74.0775, -45.5109 ], [ -74.1002, -45.4971 ], [ -74.0646, -45.4568 ], [ -73.9589, -45.4587 ], [ -74.0618, -45.4483 ], [ -74.0307, -45.4251 ] ], [ [ -74.0911, -45.5537 ], [ -74.0906, -45.5542 ], [ -74.0903, -45.554 ], [ -74.0911, -45.5537 ] ], [ [ -73.786, -45.465 ], [ -73.7839, -45.461 ], [ -73.7895, -45.461 ], [ -73.786, -45.465 ] ] ], [ [ [ -73.6713, -45.435 ], [ -73.5707, -45.4512 ], [ -73.5425, -45.4836 ], [ -73.5527, -45.5177 ], [ -73.5809, -45.5143 ], [ -73.5671, -45.589 ], [ -73.5929, -45.6006 ], [ -73.5682, -45.6056 ], [ -73.5579, -45.6454 ], [ -73.6727, -45.6067 ], [ -73.5791, -45.6849 ], [ -73.6242, -45.7688 ], [ -73.689, -45.7008 ], [ -73.7929, -45.6691 ], [ -73.7844, -45.6213 ], [ -73.8053, -45.6585 ], [ -73.8145, -45.6452 ], [ -73.7939, -45.6031 ], [ -73.7697, -45.6046 ], [ -73.7527, -45.5181 ], [ -73.6713, -45.435 ] ], [ [ -73.7555, -45.6116 ], [ -73.767, -45.6264 ], [ -73.7825, -45.6218 ], [ -73.7678, -45.6267 ], [ -73.7573, -45.6248 ], [ -73.7555, -45.6116 ] ], [ [ -73.7767, -45.6259 ], [ -73.7794, -45.624 ], [ -73.7799, -45.6259 ], [ -73.7767, -45.6259 ] ], [ [ -73.7678, -45.6119 ], [ -73.7658, -45.6114 ], [ -73.7677, -45.6114 ], [ -73.7678, -45.6119 ] ], [ [ -73.7831, -45.6323 ], [ -73.7791, -45.6335 ], [ -73.7784, -45.6295 ], [ -73.7831, -45.6323 ] ], [ [ -73.7908, -45.6493 ], [ -73.7901, -45.6498 ], [ -73.79, -45.6489 ], [ -73.7908, -45.6493 ] ] ], [ [ [ -73.7934, -45.3692 ], [ -73.7883, -45.4145 ], [ -73.8775, -45.4517 ], [ -74.0384, -45.4153 ], [ -73.9916, -45.4025 ], [ -73.9776, -45.384 ], [ -73.8293, -45.3849 ], [ -73.7934, -45.3692 ] ], [ [ -73.9822, -45.3926 ], [ -73.982, -45.3933 ], [ -73.9815, -45.3928 ], [ -73.9822, -45.3926 ] ], [ [ -73.9997, -45.3966 ], [ -73.9997, -45.397 ], [ -73.9991, -45.3966 ], [ -73.9997, -45.3966 ] ], [ [ -74.0014, -45.401 ], [ -74.0009, -45.4012 ], [ -74.0006, -45.4009 ], [ -74.0014, -45.401 ] ], [ [ -74.0261, -45.4141 ], [ -74.0223, -45.4138 ], [ -74.0241, -45.412 ], [ -74.0261, -45.4141 ] ] ], [ [ [ -74.0771, -45.343 ], [ -74.0137, -45.3697 ], [ -73.9723, -45.3788 ], [ -74.0235, -45.41 ], [ -74.077, -45.3877 ], [ -74.0771, -45.343 ] ], [ [ -74.0688, -45.3485 ], [ -74.0683, -45.3513 ], [ -74.0663, -45.3509 ], [ -74.0688, -45.3485 ] ], [ [ -74.0289, -45.3695 ], [ -74.0625, -45.3731 ], [ -74.0676, -45.3723 ], [ -74.0628, -45.3748 ], [ -74.0289, -45.3695 ] ], [ [ -74.0226, -45.3691 ], [ -74.0252, -45.3697 ], [ -74.021, -45.3698 ], [ -74.0226, -45.3691 ] ] ], [ [ [ -74.3056, -45.3235 ], [ -74.2893, -45.3324 ], [ -74.2588, -45.336 ], [ -74.2338, -45.4002 ], [ -74.2804, -45.374 ], [ -74.3056, -45.3235 ] ] ], [ [ [ -74.1726, -45.3216 ], [ -74.1246, -45.363 ], [ -74.1973, -45.3856 ], [ -74.2149, -45.3695 ], [ -74.1726, -45.3216 ] ], [ [ -74.1766, -45.3322 ], [ -74.178, -45.3327 ], [ -74.1681, -45.3344 ], [ -74.1766, -45.3322 ] ], [ [ -74.1637, -45.3336 ], [ -74.1672, -45.3345 ], [ -74.1595, -45.3351 ], [ -74.1637, -45.3336 ] ], [ [ -74.1526, -45.3416 ], [ -74.1501, -45.3439 ], [ -74.1487, -45.3438 ], [ -74.1526, -45.3416 ] ] ], [ [ [ -74.3963, -45.2825 ], [ -74.3271, -45.3111 ], [ -74.2688, -45.4144 ], [ -74.3416, -45.4264 ], [ -74.5149, -45.3376 ], [ -74.505, -45.3029 ], [ -74.3963, -45.2825 ] ] ], [ [ [ -73.4995, -45.3183 ], [ -73.4559, -45.3353 ], [ -73.4804, -45.3603 ], [ -73.5853, -45.3563 ], [ -73.5802, -45.3262 ], [ -73.4995, -45.3183 ] ] ], [ [ [ -73.3247, -45.3001 ], [ -73.3796, -45.3347 ], [ -73.425, -45.3379 ], [ -73.4035, -45.3146 ], [ -73.4233, -45.3006 ], [ -73.3247, -45.3001 ] ] ], [ [ [ -73.5417, -45.2406 ], [ -73.4847, -45.2668 ], [ -73.4915, -45.2907 ], [ -73.5421, -45.2976 ], [ -73.5356, -45.3158 ], [ -73.5898, -45.3019 ], [ -73.5684, -45.3047 ], [ -73.5417, -45.2406 ] ] ], [ [ [ -73.7651, -45.3576 ], [ -73.8394, -45.3719 ], [ -73.8574, -45.3606 ], [ -73.8207, -45.3539 ], [ -73.8714, -45.3519 ], [ -73.8719, -45.3685 ], [ -73.9252, -45.3672 ], [ -73.8876, -45.349 ], [ -73.9818, -45.3738 ], [ -74.0002, -45.3548 ], [ -74.0549, -45.3384 ], [ -74.0787, -45.3406 ], [ -74.0958, -45.3091 ], [ -74.0783, -45.3515 ], [ -74.0872, -45.3675 ], [ -74.1133, -45.3343 ], [ -74.1088, -45.3247 ], [ -74.1328, -45.3278 ], [ -74.1061, -45.3124 ], [ -74.1584, -45.257 ], [ -74.119, -45.2255 ], [ -74.1477, -45.2249 ], [ -74.0213, -45.2041 ], [ -73.9824, -45.264 ], [ -73.804, -45.2499 ], [ -73.7512, -45.3318 ], [ -73.7651, -45.3576 ] ], [ [ -74.0758, -45.334 ], [ -74.0575, -45.331 ], [ -74.0776, -45.3326 ], [ -74.0758, -45.334 ] ], [ [ -74.0984, -45.3267 ], [ -74.0972, -45.3264 ], [ -74.1001, -45.3257 ], [ -74.0984, -45.3267 ] ], [ [ -74.0907, -45.3509 ], [ -74.0974, -45.3479 ], [ -74.0911, -45.3513 ], [ -74.0907, -45.3509 ] ], [ [ -74.0885, -45.3545 ], [ -74.0883, -45.3554 ], [ -74.0868, -45.3548 ], [ -74.0885, -45.3545 ] ], [ [ -74.0919, -45.3573 ], [ -74.0936, -45.3551 ], [ -74.0927, -45.3577 ], [ -74.0919, -45.3573 ] ], [ [ -73.8102, -45.3577 ], [ -73.8035, -45.354 ], [ -73.8178, -45.3542 ], [ -73.8102, -45.3577 ] ], [ [ -73.8122, -45.359 ], [ -73.8126, -45.3601 ], [ -73.8117, -45.3594 ], [ -73.8122, -45.359 ] ], [ [ -73.8371, -45.3625 ], [ -73.8388, -45.3618 ], [ -73.8397, -45.3631 ], [ -73.8371, -45.3625 ] ] ], [ [ [ -74.4959, -45.1549 ], [ -74.4854, -45.2126 ], [ -74.5422, -45.2316 ], [ -74.5723, -45.204 ], [ -74.4959, -45.1549 ] ] ], [ [ [ -74.358, -45.1611 ], [ -74.2518, -45.2 ], [ -74.2437, -45.2216 ], [ -74.188, -45.2291 ], [ -74.1911, -45.2752 ], [ -74.2351, -45.2757 ], [ -74.1889, -45.2819 ], [ -74.1869, -45.3237 ], [ -74.2217, -45.3607 ], [ -74.2613, -45.3114 ], [ -74.2377, -45.2687 ], [ -74.2546, -45.2148 ], [ -74.2749, -45.2435 ], [ -74.2938, -45.2345 ], [ -74.2724, -45.288 ], [ -74.3182, -45.2525 ], [ -74.288, -45.3285 ], [ -74.3966, -45.2511 ], [ -74.3994, -45.1658 ], [ -74.358, -45.1611 ] ], [ [ -74.1979, -45.2885 ], [ -74.1973, -45.2891 ], [ -74.1961, -45.2888 ], [ -74.1979, -45.2885 ] ], [ [ -74.1987, -45.2982 ], [ -74.1977, -45.2982 ], [ -74.1996, -45.2964 ], [ -74.1987, -45.2982 ] ] ], [ [ [ -74.3718, -45.0407 ], [ -74.2773, -45.0726 ], [ -74.3007, -45.0999 ], [ -74.297, -45.0803 ], [ -74.3329, -45.0844 ], [ -74.3166, -45.1275 ], [ -74.3414, -45.1015 ], [ -74.3439, -45.0798 ], [ -74.3548, -45.0937 ], [ -74.3793, -45.0742 ], [ -74.3222, -45.1424 ], [ -74.3062, -45.1442 ], [ -74.2984, -45.1013 ], [ -74.2619, -45.093 ], [ -74.2461, -45.1658 ], [ -74.2973, -45.1677 ], [ -74.3042, -45.1434 ], [ -74.3115, -45.1553 ], [ -74.3309, -45.1362 ], [ -74.328, -45.1495 ], [ -74.3602, -45.1468 ], [ -74.413, -45.1211 ], [ -74.402, -45.0747 ], [ -74.4173, -45.0562 ], [ -74.3807, -45.0707 ], [ -74.3718, -45.0407 ] ], [ [ -74.3809, -45.0844 ], [ -74.3857, -45.092 ], [ -74.3781, -45.0923 ], [ -74.3809, -45.0844 ] ], [ [ -74.3002, -45.1407 ], [ -74.3037, -45.1397 ], [ -74.3024, -45.1414 ], [ -74.3002, -45.1407 ] ], [ [ -74.3516, -45.0774 ], [ -74.3642, -45.0765 ], [ -74.3667, -45.0776 ], [ -74.3516, -45.0774 ] ], [ [ -74.3592, -45.0795 ], [ -74.3608, -45.0795 ], [ -74.3625, -45.0812 ], [ -74.3592, -45.0795 ] ], [ [ -74.3284, -45.0988 ], [ -74.3328, -45.0984 ], [ -74.3335, -45.101 ], [ -74.3284, -45.0988 ] ] ], [ [ [ -73.3848, -45.068 ], [ -73.393, -45.0883 ], [ -73.3675, -45.0865 ], [ -73.3392, -45.16 ], [ -73.4184, -45.1415 ], [ -73.4249, -45.0942 ], [ -73.4422, -45.1153 ], [ -73.4176, -45.0731 ], [ -73.3848, -45.068 ] ] ], [ [ [ -73.8069, -44.985 ], [ -73.798, -45.0242 ], [ -73.7482, -45.0415 ], [ -73.7813, -45.0403 ], [ -73.7411, -45.0449 ], [ -73.7165, -45.0756 ], [ -73.7318, -45.0523 ], [ -73.7099, -45.0553 ], [ -73.6845, -45.1128 ], [ -73.6941, -45.1724 ], [ -73.6722, -45.1627 ], [ -73.6701, -45.1765 ], [ -73.7233, -45.1925 ], [ -73.6776, -45.1941 ], [ -73.7212, -45.2345 ], [ -73.6881, -45.2861 ], [ -73.7237, -45.2886 ], [ -73.7322, -45.2768 ], [ -73.7576, -45.3019 ], [ -73.7589, -45.2787 ], [ -73.8092, -45.2366 ], [ -73.9758, -45.2559 ], [ -74.0065, -45.2097 ], [ -73.98, -45.1949 ], [ -73.8233, -45.2065 ], [ -73.9586, -45.1889 ], [ -74.0124, -45.2017 ], [ -74.0712, -45.1772 ], [ -74.04, -45.1343 ], [ -74.0881, -45.1692 ], [ -74.1269, -45.1649 ], [ -74.144, -45.1519 ], [ -74.1292, -45.1155 ], [ -74.15, -45.051 ], [ -74.1483, -45.1614 ], [ -74.168, -45.1787 ], [ -74.2152, -45.1686 ], [ -74.2297, -45.098 ], [ -74.205, -45.0922 ], [ -74.2346, -45.0774 ], [ -74.177, -45.0321 ], [ -74.0348, -45.0448 ], [ -74.0226, -45.0266 ], [ -73.953, -45.0286 ], [ -73.9048, -44.9946 ], [ -73.8387, -45.005 ], [ -73.8502, -44.9899 ], [ -73.8123, -45.0019 ], [ -73.8069, -44.985 ] ], [ [ -73.7857, -45.034 ], [ -73.7827, -45.034 ], [ -73.784, -45.0321 ], [ -73.7857, -45.034 ] ], [ [ -74.1578, -45.0545 ], [ -74.1717, -45.0509 ], [ -74.1619, -45.0588 ], [ -74.1578, -45.0545 ] ], [ [ -74.1733, -45.0528 ], [ -74.1756, -45.0509 ], [ -74.1753, -45.0534 ], [ -74.1733, -45.0528 ] ], [ [ -73.8268, -45.1922 ], [ -73.8261, -45.1922 ], [ -73.8263, -45.1919 ], [ -73.8268, -45.1922 ] ], [ [ -73.8301, -45.1933 ], [ -73.8297, -45.1938 ], [ -73.8293, -45.193 ], [ -73.8301, -45.1933 ] ], [ [ -73.825, -45.1965 ], [ -73.8277, -45.1965 ], [ -73.8252, -45.198 ], [ -73.825, -45.1965 ] ], [ [ -73.8265, -45.2001 ], [ -73.8273, -45.2004 ], [ -73.8271, -45.2006 ], [ -73.8265, -45.2001 ] ], [ [ -73.7097, -45.2811 ], [ -73.7085, -45.2816 ], [ -73.7063, -45.2826 ], [ -73.7097, -45.2811 ] ] ], [ [ [ -74.2712, -44.8711 ], [ -74.2574, -44.8974 ], [ -74.3648, -44.9589 ], [ -74.4014, -44.9635 ], [ -74.4555, -44.9249 ], [ -74.451, -44.8923 ], [ -74.3291, -44.9176 ], [ -74.3069, -44.8931 ], [ -74.2966, -44.9126 ], [ -74.2712, -44.8711 ] ], [ [ -74.4406, -44.9095 ], [ -74.4408, -44.912 ], [ -74.4365, -44.9106 ], [ -74.4406, -44.9095 ] ], [ [ -74.4262, -44.9041 ], [ -74.4232, -44.9025 ], [ -74.4246, -44.9011 ], [ -74.4262, -44.9041 ] ], [ [ -74.329, -44.9255 ], [ -74.3303, -44.9335 ], [ -74.3191, -44.9271 ], [ -74.329, -44.9255 ] ] ], [ [ [ -74.139, -44.8629 ], [ -74.0856, -44.8817 ], [ -74.0868, -44.8666 ], [ -74.0598, -44.8934 ], [ -73.9534, -44.8944 ], [ -73.8927, -44.965 ], [ -74.0145, -44.9923 ], [ -74.0448, -44.9514 ], [ -74.0372, -44.9724 ], [ -74.0829, -44.955 ], [ -74.0212, -44.9975 ], [ -74.1475, -45.0108 ], [ -74.1865, -44.998 ], [ -74.2657, -45.0372 ], [ -74.3711, -45.0189 ], [ -74.3844, -44.9878 ], [ -74.3602, -44.9923 ], [ -74.2525, -44.9309 ], [ -74.2023, -44.8766 ], [ -74.139, -44.8629 ] ] ], [ [ [ -75.1391, -44.7646 ], [ -75.0981, -44.7758 ], [ -75.0232, -44.8485 ], [ -75.0304, -44.9006 ], [ -75.1019, -44.9266 ], [ -75.1626, -44.9198 ], [ -75.1481, -44.8726 ], [ -75.2021, -44.8139 ], [ -75.1391, -44.7646 ] ] ], [ [ [ -73.9928, -44.7708 ], [ -73.9233, -44.8015 ], [ -73.9299, -44.8332 ], [ -73.9915, -44.86 ], [ -74.1887, -44.8204 ], [ -73.9928, -44.7708 ] ] ], [ [ [ -73.8617, -44.7739 ], [ -73.7936, -44.8034 ], [ -73.7652, -44.8859 ], [ -73.7247, -44.9091 ], [ -73.734, -44.9231 ], [ -73.7679, -44.9041 ], [ -73.7419, -44.9399 ], [ -73.7707, -44.9585 ], [ -73.8249, -44.9599 ], [ -73.9175, -44.8646 ], [ -73.8747, -44.8652 ], [ -73.8428, -44.8986 ], [ -73.7952, -44.8949 ], [ -73.8302, -44.8912 ], [ -73.8656, -44.8494 ], [ -73.8315, -44.8404 ], [ -73.9107, -44.8201 ], [ -73.9072, -44.7873 ], [ -73.8617, -44.7739 ] ], [ [ -73.7997, -44.8374 ], [ -73.7988, -44.839 ], [ -73.7963, -44.8386 ], [ -73.7997, -44.8374 ] ], [ [ -73.8131, -44.8465 ], [ -73.822, -44.84 ], [ -73.826, -44.8419 ], [ -73.8131, -44.8465 ] ] ], [ [ [ -74.4549, -44.7115 ], [ -74.4282, -44.712 ], [ -74.3989, -44.7734 ], [ -74.3273, -44.803 ], [ -74.3018, -44.8422 ], [ -74.3829, -44.8605 ], [ -74.4225, -44.8312 ], [ -74.4499, -44.8416 ], [ -74.535, -44.7404 ], [ -74.4549, -44.7115 ] ], [ [ -74.465, -44.7199 ], [ -74.4669, -44.7184 ], [ -74.4667, -44.7203 ], [ -74.465, -44.7199 ] ] ], [ [ [ -73.6121, -44.7347 ], [ -73.58, -44.7476 ], [ -73.5808, -44.7838 ], [ -73.6099, -44.7904 ], [ -73.5945, -44.829 ], [ -73.633, -44.8498 ], [ -73.6789, -44.8439 ], [ -73.7307, -44.8054 ], [ -73.7361, -44.7535 ], [ -73.6719, -44.7567 ], [ -73.6121, -44.7347 ] ] ], [ [ [ -74.4335, -44.6907 ], [ -74.6003, -44.6792 ], [ -74.6112, -44.6932 ], [ -74.6782, -44.6682 ], [ -74.6661, -44.6504 ], [ -74.6337, -44.6597 ], [ -74.6427, -44.6266 ], [ -74.6101, -44.6068 ], [ -74.4579, -44.6311 ], [ -74.4335, -44.6907 ] ], [ [ -74.5121, -44.6447 ], [ -74.5127, -44.6441 ], [ -74.5128, -44.6445 ], [ -74.5121, -44.6447 ] ], [ [ -74.4708, -44.6438 ], [ -74.4639, -44.644 ], [ -74.4713, -44.6406 ], [ -74.4708, -44.6438 ] ], [ [ -74.4794, -44.6445 ], [ -74.4777, -44.6429 ], [ -74.4797, -44.6429 ], [ -74.4794, -44.6445 ] ], [ [ -74.457, -44.64 ], [ -74.4604, -44.6429 ], [ -74.454, -44.6459 ], [ -74.457, -44.64 ] ], [ [ -74.4555, -44.6383 ], [ -74.4568, -44.6375 ], [ -74.4563, -44.6386 ], [ -74.4555, -44.6383 ] ] ], [ [ [ -74.2938, -44.5991 ], [ -74.0113, -44.6009 ], [ -74.0072, -44.6255 ], [ -73.9924, -44.6004 ], [ -73.9278, -44.611 ], [ -73.8716, -44.646 ], [ -73.8661, -44.6594 ], [ -73.8928, -44.6567 ], [ -73.8409, -44.7004 ], [ -73.9723, -44.7087 ], [ -73.9538, -44.6574 ], [ -73.9917, -44.6838 ], [ -73.9814, -44.7198 ], [ -74.0703, -44.7628 ], [ -74.1911, -44.7782 ], [ -74.2359, -44.8073 ], [ -74.3378, -44.776 ], [ -74.3644, -44.7459 ], [ -74.3514, -44.712 ], [ -74.1474, -44.7422 ], [ -74.1083, -44.7278 ], [ -74.1793, -44.7332 ], [ -74.2756, -44.695 ], [ -74.3832, -44.7048 ], [ -74.4116, -44.6566 ], [ -74.3898, -44.6432 ], [ -74.4048, -44.6426 ], [ -74.403, -44.6179 ], [ -74.316, -44.6171 ], [ -74.2837, -44.6302 ], [ -74.2938, -44.5991 ] ], [ [ -74.3359, -44.6357 ], [ -74.3851, -44.6372 ], [ -74.3908, -44.6487 ], [ -74.3359, -44.6357 ] ], [ [ -74.3894, -44.6255 ], [ -74.3887, -44.6223 ], [ -74.3938, -44.6238 ], [ -74.3894, -44.6255 ] ], [ [ -74.3388, -44.622 ], [ -74.3364, -44.6234 ], [ -74.3357, -44.6221 ], [ -74.3388, -44.622 ] ], [ [ -74.3732, -44.6231 ], [ -74.3685, -44.6236 ], [ -74.3681, -44.6219 ], [ -74.3732, -44.6231 ] ], [ [ -74.0889, -44.7326 ], [ -74.0916, -44.7347 ], [ -74.0824, -44.7397 ], [ -74.0889, -44.7326 ] ], [ [ -74.1176, -44.7401 ], [ -74.1187, -44.7385 ], [ -74.1203, -44.74 ], [ -74.1176, -44.7401 ] ], [ [ -74.2165, -44.7634 ], [ -74.3133, -44.7706 ], [ -74.3237, -44.7779 ], [ -74.2165, -44.7634 ] ] ], [ [ [ -74.7815, -44.54 ], [ -74.731, -44.5519 ], [ -74.7119, -44.5857 ], [ -74.7352, -44.6315 ], [ -74.7145, -44.6554 ], [ -74.78, -44.6753 ], [ -74.828, -44.5739 ], [ -74.7815, -44.54 ] ], [ [ -74.7454, -44.5649 ], [ -74.7587, -44.5581 ], [ -74.7656, -44.563 ], [ -74.7454, -44.5649 ] ], [ [ -74.7866, -44.5646 ], [ -74.7866, -44.567 ], [ -74.7841, -44.5653 ], [ -74.7866, -44.5646 ] ], [ [ -74.7403, -44.6492 ], [ -74.7473, -44.6527 ], [ -74.7468, -44.6536 ], [ -74.7403, -44.6492 ] ] ], [ [ [ -73.9075, -44.5628 ], [ -73.8843, -44.6254 ], [ -73.9537, -44.5966 ], [ -73.9893, -44.5961 ], [ -73.9075, -44.5628 ] ] ], [ [ [ -73.6818, -44.5311 ], [ -73.6103, -44.5588 ], [ -73.6311, -44.5818 ], [ -73.6848, -44.5537 ], [ -73.6036, -44.607 ], [ -73.5856, -44.5876 ], [ -73.5891, -44.6226 ], [ -73.7166, -44.7304 ], [ -73.6336, -44.6972 ], [ -73.6194, -44.6718 ], [ -73.5634, -44.7068 ], [ -73.5877, -44.7302 ], [ -73.605, -44.7115 ], [ -73.664, -44.7451 ], [ -73.7432, -44.7519 ], [ -73.7709, -44.692 ], [ -73.79, -44.6967 ], [ -73.8365, -44.6522 ], [ -73.8196, -44.6314 ], [ -73.88, -44.5931 ], [ -73.8255, -44.5915 ], [ -73.7891, -44.6604 ], [ -73.8024, -44.5615 ], [ -73.7293, -44.5512 ], [ -73.7377, -44.5287 ], [ -73.7269, -44.5464 ], [ -73.6818, -44.5311 ] ], [ [ -73.5958, -44.6087 ], [ -73.5955, -44.6091 ], [ -73.5945, -44.6044 ], [ -73.5958, -44.6087 ] ], [ [ -73.5982, -44.623 ], [ -73.5973, -44.6234 ], [ -73.5968, -44.6222 ], [ -73.5982, -44.623 ] ], [ [ -73.8039, -44.6554 ], [ -73.8045, -44.6548 ], [ -73.8047, -44.6555 ], [ -73.8039, -44.6554 ] ], [ [ -73.7768, -44.6818 ], [ -73.7904, -44.6745 ], [ -73.782, -44.688 ], [ -73.7768, -44.6818 ] ], [ [ -73.5761, -44.7115 ], [ -73.5773, -44.7139 ], [ -73.5728, -44.7106 ], [ -73.5761, -44.7115 ] ], [ [ -73.5857, -44.7104 ], [ -73.5786, -44.7071 ], [ -73.5891, -44.706 ], [ -73.5857, -44.7104 ] ], [ [ -73.5993, -44.7065 ], [ -73.5995, -44.7061 ], [ -73.6003, -44.707 ], [ -73.5993, -44.7065 ] ], [ [ -73.5959, -44.7045 ], [ -73.5963, -44.7042 ], [ -73.5963, -44.7045 ], [ -73.5959, -44.7045 ] ], [ [ -73.5966, -44.6996 ], [ -73.5907, -44.7008 ], [ -73.5924, -44.6975 ], [ -73.5966, -44.6996 ] ], [ [ -73.61, -44.6936 ], [ -73.6001, -44.6966 ], [ -73.5957, -44.6901 ], [ -73.61, -44.6936 ] ] ], [ [ [ -74.1838, -44.4707 ], [ -74.1027, -44.5557 ], [ -74.3118, -44.5761 ], [ -74.3595, -44.5411 ], [ -74.3657, -44.5065 ], [ -74.338, -44.5091 ], [ -74.3002, -44.5018 ], [ -74.2834, -44.4901 ], [ -74.2188, -44.5003 ], [ -74.1838, -44.4707 ] ] ], [ [ [ -73.6723, -44.4758 ], [ -73.6124, -44.5091 ], [ -73.5752, -44.5069 ], [ -73.5882, -44.5343 ], [ -73.6852, -44.5181 ], [ -73.6677, -44.501 ], [ -73.6371, -44.5116 ], [ -73.6881, -44.4937 ], [ -73.6723, -44.4758 ] ] ], [ [ [ -74.1827, -44.4203 ], [ -74.0766, -44.4499 ], [ -73.9748, -44.4648 ], [ -73.9924, -44.4433 ], [ -73.9714, -44.4471 ], [ -73.9169, -44.5068 ], [ -73.9221, -44.5398 ], [ -74.0332, -44.5603 ], [ -74.0907, -44.545 ], [ -74.1232, -44.5121 ], [ -74.1207, -44.4905 ], [ -73.9742, -44.5051 ], [ -74.1143, -44.5075 ], [ -74.0838, -44.5179 ], [ -73.9581, -44.5157 ], [ -73.9716, -44.503 ], [ -73.9469, -44.4989 ], [ -73.9743, -44.4795 ], [ -74.1293, -44.4707 ], [ -74.1427, -44.4522 ], [ -74.0766, -44.47 ], [ -74.1596, -44.4423 ], [ -74.1827, -44.4203 ] ] ], [ [ [ -73.6268, -44.4424 ], [ -73.5879, -44.4618 ], [ -73.6137, -44.4307 ], [ -73.5655, -44.4367 ], [ -73.5686, -44.4856 ], [ -73.6216, -44.4912 ], [ -73.5987, -44.4821 ], [ -73.6531, -44.4617 ], [ -73.6268, -44.4424 ] ], [ [ -73.6284, -44.4428 ], [ -73.629, -44.4433 ], [ -73.6281, -44.4431 ], [ -73.6284, -44.4428 ] ] ], [ [ [ -74.3007, -44.3885 ], [ -74.2459, -44.4046 ], [ -74.2015, -44.4678 ], [ -74.2205, -44.4898 ], [ -74.2819, -44.4835 ], [ -74.3317, -44.5064 ], [ -74.4478, -44.4828 ], [ -74.3797, -44.5045 ], [ -74.3842, -44.5496 ], [ -74.5171, -44.5155 ], [ -74.5569, -44.4827 ], [ -74.5169, -44.4253 ], [ -74.3989, -44.4309 ], [ -74.4124, -44.4709 ], [ -74.3573, -44.409 ], [ -74.3007, -44.3885 ] ], [ [ -74.5281, -44.4692 ], [ -74.5282, -44.4736 ], [ -74.5229, -44.4701 ], [ -74.5281, -44.4692 ] ], [ [ -74.5405, -44.4696 ], [ -74.5398, -44.4687 ], [ -74.5411, -44.4694 ], [ -74.5405, -44.4696 ] ], [ [ -74.548, -44.4767 ], [ -74.5475, -44.4774 ], [ -74.5471, -44.477 ], [ -74.548, -44.4767 ] ], [ [ -74.5396, -44.4782 ], [ -74.5392, -44.4788 ], [ -74.5389, -44.4781 ], [ -74.5396, -44.4782 ] ] ], [ [ [ -73.8233, -44.3728 ], [ -73.8053, -44.4002 ], [ -73.8675, -44.4158 ], [ -73.8775, -44.4386 ], [ -73.8197, -44.4107 ], [ -73.8233, -44.4408 ], [ -73.7939, -44.3998 ], [ -73.7601, -44.417 ], [ -73.7526, -44.4521 ], [ -73.8975, -44.4554 ], [ -73.8896, -44.4035 ], [ -73.8233, -44.3728 ] ], [ [ -73.8778, -44.4104 ], [ -73.8733, -44.4122 ], [ -73.8779, -44.4099 ], [ -73.8778, -44.4104 ] ], [ [ -73.7553, -44.4482 ], [ -73.7555, -44.4487 ], [ -73.7546, -44.4483 ], [ -73.7553, -44.4482 ] ], [ [ -73.8197, -44.4521 ], [ -73.8207, -44.4532 ], [ -73.8201, -44.4533 ], [ -73.8197, -44.4521 ] ], [ [ -73.788, -44.4303 ], [ -73.7909, -44.4283 ], [ -73.7883, -44.4305 ], [ -73.788, -44.4303 ] ] ], [ [ [ -74.3171, -44.3266 ], [ -74.2439, -44.3729 ], [ -74.4219, -44.3942 ], [ -74.4111, -44.3598 ], [ -74.3657, -44.3866 ], [ -74.3552, -44.3659 ], [ -74.3792, -44.3478 ], [ -74.3171, -44.3266 ] ], [ [ -74.3451, -44.3723 ], [ -74.3465, -44.3742 ], [ -74.3437, -44.3733 ], [ -74.3451, -44.3723 ] ] ], [ [ [ -73.6748, -44.3448 ], [ -73.6289, -44.3469 ], [ -73.6283, -44.3791 ], [ -73.7162, -44.3883 ], [ -73.6408, -44.4155 ], [ -73.657, -44.4394 ], [ -73.6646, -44.4423 ], [ -73.7934, -44.3743 ], [ -73.7703, -44.3655 ], [ -73.758, -44.3816 ], [ -73.6855, -44.3553 ], [ -73.6476, -44.3789 ], [ -73.6367, -44.3624 ], [ -73.6717, -44.3579 ], [ -73.6748, -44.3448 ] ], [ [ -73.6626, -44.3468 ], [ -73.662, -44.347 ], [ -73.6619, -44.3467 ], [ -73.6626, -44.3468 ] ], [ [ -73.6623, -44.3508 ], [ -73.6608, -44.3504 ], [ -73.6611, -44.3497 ], [ -73.6623, -44.3508 ] ], [ [ -73.658, -44.3549 ], [ -73.6574, -44.3548 ], [ -73.6575, -44.3546 ], [ -73.658, -44.3549 ] ], [ [ -73.6538, -44.3551 ], [ -73.6539, -44.3556 ], [ -73.6533, -44.355 ], [ -73.6538, -44.3551 ] ], [ [ -73.6535, -44.3559 ], [ -73.6533, -44.3562 ], [ -73.6533, -44.3559 ], [ -73.6535, -44.3559 ] ], [ [ -73.638, -44.3749 ], [ -73.6374, -44.3748 ], [ -73.638, -44.3744 ], [ -73.638, -44.3749 ] ], [ [ -73.7337, -44.3758 ], [ -73.7339, -44.3753 ], [ -73.7342, -44.3757 ], [ -73.7337, -44.3758 ] ], [ [ -73.7372, -44.3757 ], [ -73.7397, -44.3764 ], [ -73.7395, -44.3768 ], [ -73.7372, -44.3757 ] ], [ [ -73.7718, -44.3685 ], [ -73.7718, -44.368 ], [ -73.7726, -44.3677 ], [ -73.7718, -44.3685 ] ], [ [ -73.6476, -44.42 ], [ -73.6467, -44.4216 ], [ -73.6474, -44.4199 ], [ -73.6476, -44.42 ] ], [ [ -73.6581, -44.4388 ], [ -73.6594, -44.4393 ], [ -73.6592, -44.4396 ], [ -73.6581, -44.4388 ] ] ], [ [ [ -72.9729, -44.3638 ], [ -72.9409, -44.424 ], [ -72.9398, -44.3981 ], [ -72.8986, -44.4464 ], [ -72.9627, -44.5162 ], [ -72.9831, -44.5757 ], [ -72.8678, -44.4271 ], [ -72.7791, -44.4634 ], [ -72.7775, -44.4477 ], [ -72.6887, -44.5386 ], [ -72.8043, -44.6466 ], [ -72.902, -44.6297 ], [ -72.8977, -44.6142 ], [ -72.9395, -44.6129 ], [ -72.967, -44.5824 ], [ -72.9614, -44.6282 ], [ -72.8762, -44.6637 ], [ -72.7933, -44.669 ], [ -72.8199, -44.7333 ], [ -72.9541, -44.7888 ], [ -73.042, -44.8796 ], [ -73.2128, -44.9372 ], [ -73.2632, -44.9301 ], [ -73.3909, -44.8153 ], [ -73.3261, -44.8211 ], [ -73.2767, -44.7905 ], [ -73.2508, -44.8103 ], [ -73.1602, -44.8115 ], [ -73.2623, -44.7795 ], [ -73.2623, -44.7442 ], [ -73.2834, -44.7744 ], [ -73.3627, -44.7994 ], [ -73.3897, -44.7601 ], [ -73.3473, -44.7346 ], [ -73.3883, -44.7508 ], [ -73.4286, -44.7334 ], [ -73.4277, -44.6423 ], [ -73.4446, -44.6589 ], [ -73.4519, -44.639 ], [ -73.3877, -44.5668 ], [ -73.3952, -44.5983 ], [ -73.3795, -44.5801 ], [ -73.3501, -44.5855 ], [ -73.3762, -44.5982 ], [ -73.3477, -44.6043 ], [ -73.353, -44.6352 ], [ -73.308, -44.6016 ], [ -73.2098, -44.6349 ], [ -73.2618, -44.5935 ], [ -73.2783, -44.5418 ], [ -73.1818, -44.552 ], [ -73.1395, -44.5835 ], [ -73.1144, -44.5672 ], [ -73.1193, -44.5466 ], [ -73.2473, -44.5011 ], [ -73.2465, -44.4355 ], [ -73.1635, -44.3989 ], [ -73.1308, -44.4535 ], [ -73.1179, -44.4169 ], [ -73.1188, -44.4461 ], [ -73.098, -44.4589 ], [ -73.1174, -44.417 ], [ -73.0935, -44.4301 ], [ -73.0721, -44.4147 ], [ -73.0348, -44.4821 ], [ -73.0038, -44.4964 ], [ -73.0368, -44.4165 ], [ -73.0685, -44.4086 ], [ -73.0792, -44.4158 ], [ -73.0976, -44.3916 ], [ -73.0908, -44.374 ], [ -73.0375, -44.3863 ], [ -72.9729, -44.3638 ] ], [ [ -73.0809, -44.4065 ], [ -73.078, -44.4082 ], [ -73.0807, -44.4061 ], [ -73.0809, -44.4065 ] ], [ [ -73.0231, -44.459 ], [ -73.0216, -44.4584 ], [ -73.0224, -44.458 ], [ -73.0231, -44.459 ] ], [ [ -73.1133, -44.4609 ], [ -73.1153, -44.4584 ], [ -73.116, -44.4603 ], [ -73.1133, -44.4609 ] ], [ [ -73.081, -44.4381 ], [ -73.0813, -44.4343 ], [ -73.0884, -44.4356 ], [ -73.081, -44.4381 ] ], [ [ -73.0802, -44.4316 ], [ -73.0815, -44.4287 ], [ -73.0827, -44.4304 ], [ -73.0802, -44.4316 ] ], [ [ -73.078, -44.4229 ], [ -73.0738, -44.4247 ], [ -73.0762, -44.4193 ], [ -73.078, -44.4229 ] ], [ [ -72.9774, -44.5747 ], [ -72.978, -44.5785 ], [ -72.9779, -44.5787 ], [ -72.9774, -44.5747 ] ], [ [ -73.2551, -44.5478 ], [ -73.256, -44.5473 ], [ -73.2558, -44.5481 ], [ -73.2551, -44.5478 ] ], [ [ -73.2403, -44.5456 ], [ -73.2408, -44.5449 ], [ -73.2411, -44.5457 ], [ -73.2403, -44.5456 ] ], [ [ -73.3694, -44.5914 ], [ -73.3663, -44.5893 ], [ -73.3712, -44.5905 ], [ -73.3694, -44.5914 ] ], [ [ -73.403, -44.5914 ], [ -73.404, -44.5912 ], [ -73.4032, -44.592 ], [ -73.403, -44.5914 ] ], [ [ -73.4031, -44.5873 ], [ -73.401, -44.5881 ], [ -73.4012, -44.587 ], [ -73.4031, -44.5873 ] ], [ [ -73.3938, -44.5774 ], [ -73.393, -44.5767 ], [ -73.3947, -44.578 ], [ -73.3938, -44.5774 ] ], [ [ -72.8341, -44.7013 ], [ -72.8373, -44.703 ], [ -72.8345, -44.7036 ], [ -72.8341, -44.7013 ] ], [ [ -73.2938, -44.8025 ], [ -73.2948, -44.8028 ], [ -73.2938, -44.8032 ], [ -73.2938, -44.8025 ] ], [ [ -73.3062, -44.8121 ], [ -73.3093, -44.8115 ], [ -73.31, -44.8127 ], [ -73.3062, -44.8121 ] ], [ [ -73.2803, -44.8915 ], [ -73.2727, -44.9012 ], [ -73.2695, -44.9 ], [ -73.2803, -44.8915 ] ] ], [ [ [ -74.1394, -44.3028 ], [ -74.1158, -44.3177 ], [ -74.0737, -44.4175 ], [ -74.1875, -44.3808 ], [ -74.1394, -44.3028 ] ] ], [ [ [ -74.0785, -44.2975 ], [ -74.0078, -44.3564 ], [ -74.0124, -44.3414 ], [ -73.96, -44.3384 ], [ -73.9609, -44.3596 ], [ -73.9288, -44.3421 ], [ -73.8878, -44.3543 ], [ -73.9156, -44.3713 ], [ -73.9095, -44.4473 ], [ -74.0481, -44.3957 ], [ -74.0785, -44.2975 ] ] ], [ [ [ -73.2358, -44.3116 ], [ -73.2183, -44.3324 ], [ -73.1893, -44.3233 ], [ -73.1519, -44.3839 ], [ -73.2797, -44.3891 ], [ -73.2868, -44.3389 ], [ -73.2358, -44.3116 ] ] ], [ [ [ -73.0815, -44.3212 ], [ -72.9975, -44.3136 ], [ -72.98, -44.3542 ], [ -73.0464, -44.3659 ], [ -73.0864, -44.3468 ], [ -73.1106, -44.3832 ], [ -73.1315, -44.3397 ], [ -73.0761, -44.3429 ], [ -73.0815, -44.3212 ] ] ], [ [ [ -73.8054, -44.2617 ], [ -73.7807, -44.2678 ], [ -73.7627, -44.3243 ], [ -73.8019, -44.3575 ], [ -73.8742, -44.3425 ], [ -73.872, -44.3168 ], [ -73.8852, -44.3419 ], [ -73.9438, -44.3253 ], [ -73.9735, -44.2766 ], [ -73.9381, -44.2567 ], [ -73.8925, -44.305 ], [ -73.8457, -44.2948 ], [ -73.8394, -44.3183 ], [ -73.8054, -44.2617 ] ], [ [ -73.8056, -44.2839 ], [ -73.8042, -44.285 ], [ -73.804, -44.2846 ], [ -73.8056, -44.2839 ] ], [ [ -73.8076, -44.3033 ], [ -73.811, -44.3047 ], [ -73.8071, -44.3084 ], [ -73.8076, -44.3033 ] ], [ [ -73.9288, -44.3147 ], [ -73.9315, -44.3131 ], [ -73.9307, -44.3153 ], [ -73.9288, -44.3147 ] ] ], [ [ [ -73.9319, -44.2513 ], [ -73.8396, -44.2606 ], [ -73.8527, -44.2874 ], [ -73.9149, -44.2763 ], [ -73.9319, -44.2513 ] ] ], [ [ [ -74.3166, -44.2252 ], [ -74.2456, -44.2622 ], [ -74.2377, -44.3087 ], [ -74.3435, -44.3037 ], [ -74.4169, -44.2541 ], [ -74.3166, -44.2252 ] ] ], [ [ [ -74.1373, -44.228 ], [ -74.1, -44.2581 ], [ -74.1143, -44.3069 ], [ -74.1609, -44.2944 ], [ -74.1992, -44.251 ], [ -74.163, -44.2664 ], [ -74.1373, -44.228 ] ] ], [ [ [ -73.6697, -44.2371 ], [ -73.6316, -44.2623 ], [ -73.7154, -44.3077 ], [ -73.7441, -44.2524 ], [ -73.6697, -44.2371 ] ] ], [ [ [ -74.2788, -44.1294 ], [ -74.2364, -44.1677 ], [ -74.3554, -44.1857 ], [ -74.3404, -44.1657 ], [ -74.3037, -44.1689 ], [ -74.3579, -44.1329 ], [ -74.2788, -44.1294 ] ] ], [ [ [ -74.0172, -44.1366 ], [ -73.9728, -44.195 ], [ -73.9321, -44.1972 ], [ -73.9248, -44.2188 ], [ -73.9284, -44.1977 ], [ -73.8866, -44.197 ], [ -73.8542, -44.2228 ], [ -73.8571, -44.2378 ], [ -73.9355, -44.2395 ], [ -73.9861, -44.2611 ], [ -73.9456, -44.3236 ], [ -73.9925, -44.3386 ], [ -74.0627, -44.2926 ], [ -74.0571, -44.2485 ], [ -74.1048, -44.2032 ], [ -74.0627, -44.168 ], [ -74.0488, -44.1919 ], [ -73.9812, -44.2282 ], [ -74.044, -44.189 ], [ -74.0446, -44.1547 ], [ -74.0662, -44.166 ], [ -74.0172, -44.1366 ] ] ], [ [ [ -74.057, -44.1121 ], [ -74.121, -44.1787 ], [ -74.1553, -44.1702 ], [ -74.1236, -44.1313 ], [ -74.057, -44.1121 ] ] ], [ [ [ -74.3393, -44.0918 ], [ -74.1826, -44.1148 ], [ -74.1778, -44.1224 ], [ -74.1968, -44.1375 ], [ -74.3436, -44.1207 ], [ -74.3393, -44.0918 ] ] ], [ [ [ -73.9243, -44.0955 ], [ -73.8713, -44.1116 ], [ -73.8708, -44.1329 ], [ -73.8396, -44.1212 ], [ -73.8961, -44.1744 ], [ -73.8507, -44.1589 ], [ -73.8501, -44.1875 ], [ -73.8388, -44.1656 ], [ -73.8132, -44.1824 ], [ -73.8411, -44.1596 ], [ -73.8278, -44.1486 ], [ -73.8012, -44.1807 ], [ -73.8099, -44.1931 ], [ -73.9578, -44.1898 ], [ -73.9952, -44.144 ], [ -73.9243, -44.0955 ] ] ], [ [ [ -73.511, -44.1001 ], [ -73.4812, -44.1137 ], [ -73.5056, -44.13 ], [ -73.4603, -44.1106 ], [ -73.4442, -44.1269 ], [ -73.4814, -44.1375 ], [ -73.4946, -44.1801 ], [ -73.5401, -44.1297 ], [ -73.511, -44.1001 ] ], [ [ -73.4931, -44.1388 ], [ -73.4851, -44.1432 ], [ -73.4939, -44.1371 ], [ -73.4931, -44.1388 ] ], [ [ -73.4971, -44.1681 ], [ -73.4956, -44.1689 ], [ -73.4952, -44.1681 ], [ -73.4971, -44.1681 ] ] ], [ [ [ -73.5771, -44.0184 ], [ -73.5358, -44.0395 ], [ -73.5386, -44.0839 ], [ -73.5627, -44.0823 ], [ -73.5726, -44.0376 ], [ -73.6122, -44.0322 ], [ -73.5771, -44.0184 ] ] ], [ [ [ -73.8946, -43.932 ], [ -73.78, -43.9724 ], [ -73.7975, -43.9936 ], [ -73.9166, -43.9644 ], [ -73.8946, -43.932 ] ] ], [ [ [ -73.6927, -43.934 ], [ -73.5982, -44.0028 ], [ -73.651, -44.0322 ], [ -73.5761, -44.0658 ], [ -73.6047, -44.0847 ], [ -73.5829, -44.0824 ], [ -73.5807, -44.1031 ], [ -73.6407, -44.1384 ], [ -73.6601, -44.1259 ], [ -73.6345, -44.0905 ], [ -73.644, -44.0697 ], [ -73.6528, -44.0889 ], [ -73.6615, -44.0887 ], [ -73.6571, -44.052 ], [ -73.7113, -44.0354 ], [ -73.7365, -43.9918 ], [ -73.6927, -43.934 ] ], [ [ -73.6444, -44.0231 ], [ -73.6434, -44.0237 ], [ -73.6438, -44.0227 ], [ -73.6444, -44.0231 ] ], [ [ -73.7051, -44.0278 ], [ -73.7031, -44.0288 ], [ -73.7064, -44.0256 ], [ -73.7051, -44.0278 ] ], [ [ -73.6435, -44.0682 ], [ -73.6429, -44.0684 ], [ -73.6432, -44.068 ], [ -73.6435, -44.0682 ] ] ], [ [ [ -73.7632, -43.9053 ], [ -73.7864, -43.9481 ], [ -73.8525, -43.9229 ], [ -73.8411, -43.9068 ], [ -73.7632, -43.9053 ] ] ], [ [ [ -73.1417, -43.8796 ], [ -73.1146, -43.9023 ], [ -73.1435, -44.0292 ], [ -73.1738, -44.0156 ], [ -73.2001, -44.0368 ], [ -73.1833, -44.0178 ], [ -73.2172, -44.0223 ], [ -73.2659, -43.9695 ], [ -73.2411, -43.9151 ], [ -73.1417, -43.8796 ] ], [ [ -73.1558, -43.9309 ], [ -73.1554, -43.9327 ], [ -73.1546, -43.9306 ], [ -73.1558, -43.9309 ] ], [ [ -73.1796, -43.9392 ], [ -73.1783, -43.9401 ], [ -73.1781, -43.9392 ], [ -73.1796, -43.9392 ] ], [ [ -73.2208, -44.0062 ], [ -73.237, -43.9996 ], [ -73.2166, -44.0127 ], [ -73.2208, -44.0062 ] ], [ [ -73.212, -44.0117 ], [ -73.2114, -44.0157 ], [ -73.2086, -44.0162 ], [ -73.212, -44.0117 ] ] ], [ [ [ -73.7726, -43.8262 ], [ -73.7381, -43.8999 ], [ -73.8481, -43.9033 ], [ -73.8839, -43.8856 ], [ -73.8885, -43.8595 ], [ -73.8301, -43.8654 ], [ -73.7952, -43.8433 ], [ -73.7906, -43.8603 ], [ -73.768, -43.8474 ], [ -73.7726, -43.8262 ] ] ], [ [ [ -73.845, -43.772 ], [ -73.7847, -43.8362 ], [ -73.9415, -43.8521 ], [ -73.9381, -43.8849 ], [ -73.8628, -43.9148 ], [ -73.9076, -43.9227 ], [ -73.9164, -43.9069 ], [ -73.9386, -43.9535 ], [ -74.0022, -43.9181 ], [ -74.0048, -43.8877 ], [ -74.0214, -43.9086 ], [ -74.0751, -43.9052 ], [ -74.1578, -43.8631 ], [ -74.1293, -43.8232 ], [ -74.0706, -43.8047 ], [ -73.9703, -43.846 ], [ -73.8994, -43.8408 ], [ -73.8792, -43.8169 ], [ -73.9095, -43.8012 ], [ -73.838, -43.8043 ], [ -73.8604, -43.7863 ], [ -73.828, -43.8008 ], [ -73.8666, -43.7738 ], [ -73.845, -43.772 ] ] ], [ [ [ -74.5052, -47.7696 ], [ -74.4036, -47.6979 ], [ -74.44, -47.6881 ], [ -74.4986, -47.7424 ], [ -74.4341, -47.6944 ], [ -74.4083, -47.6985 ], [ -74.522, -47.7656 ], [ -74.6374, -47.7387 ], [ -74.6218, -47.7277 ], [ -74.58, -47.7471 ], [ -74.6197, -47.725 ], [ -74.5576, -47.6836 ], [ -74.643, -47.7308 ], [ -74.685, -47.7114 ], [ -74.6852, -47.6908 ], [ -74.6304, -47.6613 ], [ -74.6399, -47.6401 ], [ -74.6204, -47.6168 ], [ -74.5989, -47.6274 ], [ -74.5927, -47.6124 ], [ -74.5555, -47.6221 ], [ -74.6147, -47.6476 ], [ -74.5543, -47.626 ], [ -74.5257, -47.6267 ], [ -74.5251, -47.6084 ], [ -74.5536, -47.6174 ], [ -74.6056, -47.5863 ], [ -74.5672, -47.5494 ], [ -74.5539, -47.558 ], [ -74.5606, -47.54 ], [ -74.4995, -47.5135 ], [ -74.4637, -47.5204 ], [ -74.475, -47.5909 ], [ -74.4521, -47.6066 ], [ -74.4432, -47.5249 ], [ -74.3875, -47.528 ], [ -74.3477, -47.6044 ], [ -74.4041, -47.6589 ], [ -74.4701, -47.6769 ], [ -74.5208, -47.6612 ], [ -74.5025, -47.6241 ], [ -74.5242, -47.6348 ], [ -74.5667, -47.6371 ], [ -74.5179, -47.6427 ], [ -74.5435, -47.6773 ], [ -74.5161, -47.6642 ], [ -74.4777, -47.686 ], [ -74.416, -47.6764 ], [ -74.2977, -47.6548 ], [ -74.2852, -47.6323 ], [ -74.2649, -47.7081 ], [ -74.1529, -47.7539 ], [ -74.1582, -47.7412 ], [ -74.1421, -47.7306 ], [ -74.0638, -47.724 ], [ -74.1405, -47.7237 ], [ -74.1638, -47.7356 ], [ -74.2144, -47.7226 ], [ -74.2108, -47.7074 ], [ -74.2568, -47.6969 ], [ -74.2504, -47.6392 ], [ -74.0965, -47.6562 ], [ -74.0232, -47.6333 ], [ -74.1151, -47.6221 ], [ -74.1917, -47.6371 ], [ -74.2528, -47.6282 ], [ -74.202, -47.6223 ], [ -74.2479, -47.6149 ], [ -74.1106, -47.5929 ], [ -74.0245, -47.6102 ], [ -73.9674, -47.6052 ], [ -73.9421, -47.5828 ], [ -74.0322, -47.6034 ], [ -74.0971, -47.5879 ], [ -74.0936, -47.5685 ], [ -74.0302, -47.5466 ], [ -74.004, -47.5155 ], [ -73.897, -47.4941 ], [ -73.9332, -47.4649 ], [ -73.9024, -47.4917 ], [ -74.0249, -47.5134 ], [ -74.1128, -47.5792 ], [ -74.1768, -47.5639 ], [ -74.2561, -47.5891 ], [ -74.2877, -47.5813 ], [ -74.301, -47.5466 ], [ -74.2821, -47.5143 ], [ -74.199, -47.4892 ], [ -74.1264, -47.4916 ], [ -74.0584, -47.4275 ], [ -74.1392, -47.4857 ], [ -74.1725, -47.4752 ], [ -74.2962, -47.5086 ], [ -74.3462, -47.4878 ], [ -74.3741, -47.5021 ], [ -74.3126, -47.5141 ], [ -74.3282, -47.5311 ], [ -74.4246, -47.4767 ], [ -74.4181, -47.4529 ], [ -74.3069, -47.4518 ], [ -74.2063, -47.3892 ], [ -74.2396, -47.3982 ], [ -74.2296, -47.3788 ], [ -74.2895, -47.4335 ], [ -74.3175, -47.4432 ], [ -74.3932, -47.4389 ], [ -74.3989, -47.4178 ], [ -74.4114, -47.4317 ], [ -74.4192, -47.3908 ], [ -74.4561, -47.4625 ], [ -74.488, -47.4131 ], [ -74.4827, -47.3975 ], [ -74.4577, -47.4076 ], [ -74.4454, -47.3528 ], [ -74.3874, -47.3218 ], [ -74.3804, -47.2798 ], [ -74.331, -47.2714 ], [ -74.322, -47.2497 ], [ -74.2623, -47.1905 ], [ -74.2342, -47.2251 ], [ -74.2027, -47.2072 ], [ -74.2291, -47.2086 ], [ -74.2406, -47.1864 ], [ -74.1805, -47.2149 ], [ -74.1949, -47.3526 ], [ -74.1429, -47.3632 ], [ -74.1888, -47.3336 ], [ -74.1824, -47.2774 ], [ -74.1466, -47.2526 ], [ -74.1071, -47.2786 ], [ -74.1278, -47.2504 ], [ -74.1596, -47.2488 ], [ -74.1545, -47.2194 ], [ -74.1852, -47.209 ], [ -74.1942, -47.1887 ], [ -74.104, -47.1969 ], [ -74.0805, -47.2874 ], [ -74.1213, -47.3047 ], [ -74.0825, -47.305 ], [ -74.0664, -47.3385 ], [ -74.0323, -47.3519 ], [ -74.038, -47.3774 ], [ -74.0276, -47.3528 ], [ -74.0668, -47.3156 ], [ -74.0411, -47.2886 ], [ -74.0802, -47.2722 ], [ -74.052, -47.2753 ], [ -74.0933, -47.1922 ], [ -74.0226, -47.1589 ], [ -74.0227, -47.223 ], [ -74.0087, -47.2219 ], [ -74.0174, -47.1557 ], [ -74.0061, -47.1494 ], [ -73.9985, -47.1556 ], [ -73.9943, -47.1566 ], [ -73.9891, -47.1558 ], [ -73.9707, -47.1447 ], [ -73.9322, -47.224 ], [ -73.9077, -47.2342 ], [ -73.9189, -47.243 ], [ -73.8975, -47.2341 ], [ -73.9263, -47.2168 ], [ -73.8668, -47.1864 ], [ -73.926, -47.2164 ], [ -73.9645, -47.1478 ], [ -73.9703, -47.1441 ], [ -73.9734, -47.1446 ], [ -73.9937, -47.156 ], [ -74.0082, -47.1453 ], [ -73.9516, -47.0494 ], [ -73.9087, -47.0314 ], [ -73.9526, -47.0491 ], [ -74.0033, -47.097 ], [ -74.0145, -47.1371 ], [ -74.0173, -47.1169 ], [ -74.0909, -47.1685 ], [ -74.0768, -47.1537 ], [ -74.0999, -47.1457 ], [ -74.1449, -47.1629 ], [ -74.1318, -47.1403 ], [ -74.1949, -47.1178 ], [ -74.1962, -47.098 ], [ -74.1337, -46.9961 ], [ -74.0678, -47.0037 ], [ -74.0513, -47.0493 ], [ -74.0485, -47.0049 ], [ -74.0143, -46.9814 ], [ -73.9952, -46.9954 ], [ -73.9191, -47.0058 ], [ -73.888, -46.984 ], [ -73.8855, -46.9527 ], [ -73.8415, -46.9643 ], [ -73.854, -46.9439 ], [ -73.889, -46.9495 ], [ -73.92, -47.0051 ], [ -73.9944, -46.9948 ], [ -74.0043, -46.9808 ], [ -74.0146, -46.9797 ], [ -74.0189, -46.9831 ], [ -74.0057, -46.9617 ], [ -73.9668, -46.9635 ], [ -73.9979, -46.9462 ], [ -74.0619, -46.9846 ], [ -74.1802, -46.8648 ], [ -74.1243, -46.8248 ], [ -74.0628, -46.8221 ], [ -74.1232, -46.8235 ], [ -74.1822, -46.8624 ], [ -74.253, -46.8055 ], [ -74.3657, -46.7781 ], [ -74.214, -46.7923 ], [ -74.2351, -46.7893 ], [ -74.2204, -46.7573 ], [ -74.158, -46.7427 ], [ -74.1116, -46.7153 ], [ -74.0364, -46.7273 ], [ -74.0999, -46.7059 ], [ -74.0492, -46.693 ], [ -74.0391, -46.6785 ], [ -74.0509, -46.6922 ], [ -74.0877, -46.6922 ], [ -74.096, -46.6989 ], [ -74.0964, -46.7011 ], [ -74.1, -46.7045 ], [ -74.1027, -46.71 ], [ -74.1597, -46.7427 ], [ -74.2193, -46.7556 ], [ -74.2271, -46.7603 ], [ -74.2771, -46.718 ], [ -74.2358, -46.7564 ], [ -74.2844, -46.7679 ], [ -74.2977, -46.7358 ], [ -74.2888, -46.7664 ], [ -74.3026, -46.7704 ], [ -74.3203, -46.7468 ], [ -74.3949, -46.7597 ], [ -74.4699, -46.7343 ], [ -74.4663, -46.7144 ], [ -74.5648, -46.7178 ], [ -74.4279, -46.773 ], [ -74.5007, -46.7904 ], [ -74.5864, -46.7765 ], [ -74.6128, -46.8026 ], [ -74.6022, -46.83 ], [ -74.6356, -46.8385 ], [ -74.6637, -46.812 ], [ -74.7743, -46.7851 ], [ -74.7738, -46.7722 ], [ -74.7598, -46.7668 ], [ -74.755, -46.7793 ], [ -74.7228, -46.7436 ], [ -74.7709, -46.765 ], [ -74.7669, -46.7659 ], [ -74.7806, -46.7784 ], [ -74.7802, -46.8037 ], [ -74.791, -46.8098 ], [ -74.8348, -46.7691 ], [ -74.9673, -46.7437 ], [ -75.0456, -46.626 ], [ -75.0174, -46.5891 ], [ -74.9786, -46.5799 ], [ -74.9863, -46.5574 ], [ -74.9183, -46.5056 ], [ -74.9167, -46.4537 ], [ -74.8864, -46.4332 ], [ -74.9401, -46.4478 ], [ -74.9382, -46.4815 ], [ -74.9989, -46.535 ], [ -75.0212, -46.5057 ], [ -75.0307, -46.5708 ], [ -75.0548, -46.5677 ], [ -75.1539, -46.6373 ], [ -75.156, -46.5937 ], [ -75.1831, -46.5652 ], [ -75.1651, -46.5999 ], [ -75.1928, -46.6011 ], [ -75.1909, -46.6362 ], [ -75.3118, -46.6354 ], [ -75.2831, -46.6595 ], [ -75.3303, -46.6577 ], [ -75.3218, -46.674 ], [ -75.3576, -46.6209 ], [ -75.3971, -46.6557 ], [ -75.4821, -46.6733 ], [ -75.5052, -46.7222 ], [ -75.5812, -46.6979 ], [ -75.5123, -46.7357 ], [ -75.5234, -46.7493 ], [ -75.5402, -46.7358 ], [ -75.5769, -46.8086 ], [ -75.5294, -46.7777 ], [ -75.4958, -46.7875 ], [ -75.5257, -46.7674 ], [ -75.4798, -46.7142 ], [ -75.4402, -46.732 ], [ -75.4151, -46.7159 ], [ -75.3435, -46.7186 ], [ -75.3191, -46.7283 ], [ -75.3427, -46.7453 ], [ -75.3841, -46.7224 ], [ -75.3675, -46.75 ], [ -75.418, -46.8032 ], [ -75.3523, -46.7636 ], [ -75.3784, -46.7986 ], [ -75.3266, -46.7771 ], [ -75.2955, -46.8138 ], [ -75.3031, -46.8358 ], [ -75.392, -46.8775 ], [ -75.3124, -46.8511 ], [ -75.2618, -46.8729 ], [ -75.2944, -46.8424 ], [ -75.2819, -46.8177 ], [ -75.2542, -46.8528 ], [ -75.2536, -46.9029 ], [ -75.4417, -46.9701 ], [ -75.5099, -46.9423 ], [ -75.5001, -46.9039 ], [ -75.5754, -46.8842 ], [ -75.583, -46.8246 ], [ -75.6439, -46.8074 ], [ -75.6246, -46.7656 ], [ -75.6547, -46.7174 ], [ -75.6194, -46.7123 ], [ -75.64, -46.7086 ], [ -75.6359, -46.6831 ], [ -75.6063, -46.693 ], [ -75.6391, -46.6773 ], [ -75.5882, -46.6829 ], [ -75.634, -46.6527 ], [ -75.5923, -46.6441 ], [ -75.604, -46.5976 ], [ -75.5817, -46.5801 ], [ -75.5508, -46.5968 ], [ -75.561, -46.5778 ], [ -75.5117, -46.6015 ], [ -75.5016, -46.5907 ], [ -75.4543, -46.6209 ], [ -75.4857, -46.5688 ], [ -75.4231, -46.5824 ], [ -75.5039, -46.5244 ], [ -75.4568, -46.5145 ], [ -75.4276, -46.5299 ], [ -75.4278, -46.5119 ], [ -75.3974, -46.5464 ], [ -75.3858, -46.4964 ], [ -75.3179, -46.4968 ], [ -75.3596, -46.4587 ], [ -75.35, -46.4359 ], [ -75.2828, -46.4825 ], [ -75.2788, -46.4545 ], [ -75.3153, -46.4538 ], [ -75.3362, -46.4327 ], [ -75.3106, -46.4377 ], [ -75.3015, -46.4018 ], [ -75.254, -46.4152 ], [ -75.261, -46.3918 ], [ -75.2198, -46.3719 ], [ -75.1697, -46.3826 ], [ -75.1829, -46.4153 ], [ -75.1408, -46.4498 ], [ -75.1712, -46.393 ], [ -75.1319, -46.3825 ], [ -75.1661, -46.3901 ], [ -75.1654, -46.384 ], [ -75.186, -46.3673 ], [ -75.1462, -46.324 ], [ -75.1754, -46.3034 ], [ -75.0149, -46.3734 ], [ -74.8717, -46.3718 ], [ -75.0381, -46.3519 ], [ -75.0997, -46.3255 ], [ -75.0961, -46.2848 ], [ -74.9949, -46.2909 ], [ -75.0696, -46.2758 ], [ -75.0396, -46.2243 ], [ -75.001, -46.2145 ], [ -74.8573, -46.3011 ], [ -74.9188, -46.2313 ], [ -74.8736, -46.1598 ], [ -74.7865, -46.1685 ], [ -74.7403, -46.2227 ], [ -74.7392, -46.1891 ], [ -74.6282, -46.1701 ], [ -74.7468, -46.1727 ], [ -74.7738, -46.1263 ], [ -74.7355, -46.0782 ], [ -74.742, -46.0499 ], [ -74.6322, -46.0394 ], [ -74.586, -46.0561 ], [ -74.5819, -46.0508 ], [ -74.5436, -46.0483 ], [ -74.5751, -46.0261 ], [ -74.5904, -46.0513 ], [ -74.6245, -46.0317 ], [ -74.7061, -46.0323 ], [ -74.6661, -46.006 ], [ -74.6912, -45.9575 ], [ -74.6687, -45.9047 ], [ -74.7023, -45.9246 ], [ -74.7069, -45.9644 ], [ -74.738, -45.96 ], [ -74.6997, -45.9711 ], [ -74.7241, -46.0094 ], [ -74.8072, -46.0549 ], [ -74.85, -46.0335 ], [ -74.8291, -46.0716 ], [ -74.8768, -46.1149 ], [ -75.0143, -46.1124 ], [ -75.0582, -46.0602 ], [ -75.0563, -46.0398 ], [ -74.9379, -46.0135 ], [ -74.8574, -46.0264 ], [ -74.8086, -45.9965 ], [ -74.8669, -46.019 ], [ -75.0029, -46.0066 ], [ -75.0354, -45.9901 ], [ -74.9868, -45.9927 ], [ -74.967, -45.9564 ], [ -74.9111, -45.9688 ], [ -74.9719, -45.952 ], [ -75.0006, -45.9648 ], [ -74.9803, -45.9684 ], [ -74.9925, -45.9864 ], [ -75.06, -45.9725 ], [ -75.0329, -45.9433 ], [ -75.0731, -45.9342 ], [ -75.0769, -45.8762 ], [ -75.0065, -45.8593 ], [ -74.9617, -45.92 ], [ -74.947, -45.8875 ], [ -74.9122, -45.9201 ], [ -74.774, -45.9518 ], [ -74.9406, -45.868 ], [ -74.911, -45.8613 ], [ -74.8417, -45.9029 ], [ -74.8606, -45.882 ], [ -74.8412, -45.8713 ], [ -74.8226, -45.8711 ], [ -74.8347, -45.8877 ], [ -74.8147, -45.8667 ], [ -74.7808, -45.8859 ], [ -74.751, -45.872 ], [ -74.7809, -45.8829 ], [ -74.7999, -45.8351 ], [ -74.7214, -45.8183 ], [ -74.6736, -45.827 ], [ -74.7042, -45.9021 ], [ -74.6522, -45.8827 ], [ -74.6275, -45.8307 ], [ -74.5613, -45.8383 ], [ -74.5705, -45.8779 ], [ -74.5468, -45.8424 ], [ -74.5198, -45.8687 ], [ -74.5438, -45.838 ], [ -74.5058, -45.849 ], [ -74.487, -45.8919 ], [ -74.5293, -45.914 ], [ -74.4592, -45.9065 ], [ -74.4886, -45.9327 ], [ -74.4798, -45.9592 ], [ -74.4313, -45.9202 ], [ -74.4185, -45.9399 ], [ -74.4439, -46.016 ], [ -74.4764, -46.0223 ], [ -74.4337, -46.0284 ], [ -74.43, -46.0505 ], [ -74.4039, -45.976 ], [ -74.3856, -45.9989 ], [ -74.3906, -45.9544 ], [ -74.3242, -45.9758 ], [ -74.4529, -45.8625 ], [ -74.4509, -45.8397 ], [ -74.3733, -45.8692 ], [ -74.4261, -45.8397 ], [ -74.4354, -45.8034 ], [ -74.4103, -45.8238 ], [ -74.3497, -45.7992 ], [ -74.3308, -45.8225 ], [ -74.3399, -45.7945 ], [ -74.3145, -45.821 ], [ -74.2834, -45.8117 ], [ -74.298, -45.8448 ], [ -74.2672, -45.875 ], [ -74.266, -45.8342 ], [ -74.2126, -45.8151 ], [ -74.1064, -45.8068 ], [ -74.0618, -45.8469 ], [ -74.0728, -45.8131 ], [ -74.0494, -45.8474 ], [ -74.0599, -45.8603 ], [ -74.2559, -45.9036 ], [ -74.1406, -45.8912 ], [ -74.0769, -45.9137 ], [ -74.1634, -45.9452 ], [ -74.0349, -45.9095 ], [ -74.0044, -45.937 ], [ -74.0086, -45.9722 ], [ -74.1049, -46.0148 ], [ -74.2447, -46.0333 ], [ -74.305, -46.0084 ], [ -74.2464, -46.0422 ], [ -74.0588, -46.0151 ], [ -74.057, -46.106 ], [ -74.1261, -46.1393 ], [ -74.1617, -46.1292 ], [ -74.3039, -46.1406 ], [ -74.3322, -46.1219 ], [ -74.3026, -46.147 ], [ -74.1754, -46.1362 ], [ -74.1366, -46.1499 ], [ -74.0505, -46.1222 ], [ -74.0093, -46.0937 ], [ -74.0444, -46.0999 ], [ -74.0197, -46.0307 ], [ -74.0442, -46.0178 ], [ -74.0069, -45.9857 ], [ -73.9988, -46.0202 ], [ -73.9442, -46.0337 ], [ -73.9392, -46.0796 ], [ -73.9823, -46.1466 ], [ -74.154, -46.2228 ], [ -74.2872, -46.2509 ], [ -74.4037, -46.2056 ], [ -74.4334, -46.1531 ], [ -74.4478, -46.1943 ], [ -74.2927, -46.261 ], [ -73.9995, -46.1825 ], [ -74.0031, -46.2218 ], [ -74.0413, -46.2352 ], [ -74.0054, -46.2331 ], [ -73.9934, -46.2738 ], [ -73.9875, -46.2316 ], [ -73.9415, -46.2259 ], [ -73.9243, -46.2826 ], [ -73.967, -46.2777 ], [ -73.9712, -46.2603 ], [ -73.9776, -46.2812 ], [ -73.8285, -46.3486 ], [ -73.9375, -46.2238 ], [ -73.9899, -46.2276 ], [ -73.9513, -46.1437 ], [ -73.8613, -46.1346 ], [ -73.8119, -46.2003 ], [ -73.7261, -46.2316 ], [ -73.7613, -46.3641 ], [ -73.8625, -46.4547 ], [ -73.8448, -46.5274 ], [ -73.8798, -46.4873 ], [ -73.8675, -46.5025 ], [ -73.9084, -46.5056 ], [ -73.8871, -46.5127 ], [ -73.9225, -46.534 ], [ -73.9639, -46.6079 ], [ -73.9117, -46.5392 ], [ -73.9164, -46.5618 ], [ -73.877, -46.5618 ], [ -73.8624, -46.5931 ], [ -73.8073, -46.5759 ], [ -73.7698, -46.4934 ], [ -73.7226, -46.4888 ], [ -73.7184, -46.516 ], [ -73.6986, -46.528 ], [ -73.6784, -46.5324 ], [ -73.6799, -46.5364 ], [ -73.6566, -46.5414 ], [ -73.5916, -46.4982 ], [ -73.6567, -46.5363 ], [ -73.6978, -46.5272 ], [ -73.7121, -46.4909 ], [ -73.7624, -46.4719 ], [ -73.7212, -46.414 ], [ -73.7596, -46.3998 ], [ -73.707, -46.4064 ], [ -73.5688, -46.3021 ], [ -73.4218, -46.3167 ], [ -73.4209, -46.3278 ], [ -73.4097, -46.3299 ], [ -73.4119, -46.3332 ], [ -73.4081, -46.341 ], [ -73.3967, -46.3468 ], [ -73.3935, -46.3639 ], [ -73.3863, -46.3685 ], [ -73.3225, -46.3508 ], [ -73.3131, -46.3611 ], [ -73.2916, -46.3642 ], [ -73.2847, -46.3782 ], [ -73.2706, -46.3825 ], [ -73.2751, -46.3966 ], [ -73.2388, -46.4279 ], [ -73.2746, -46.3965 ], [ -73.2693, -46.3829 ], [ -73.2836, -46.3783 ], [ -73.2907, -46.3642 ], [ -73.3004, -46.3587 ], [ -73.3131, -46.3603 ], [ -73.3217, -46.3502 ], [ -73.3293, -46.3499 ], [ -73.3887, -46.3658 ], [ -73.3894, -46.3504 ], [ -73.4104, -46.332 ], [ -73.3861, -46.3377 ], [ -73.3992, -46.3273 ], [ -73.4193, -46.327 ], [ -73.4212, -46.2951 ], [ -73.5114, -46.2815 ], [ -73.5345, -46.2953 ], [ -73.5564, -46.2719 ], [ -73.4853, -46.1544 ], [ -73.4335, -46.1549 ], [ -73.4652, -46.1296 ], [ -73.3896, -46.0455 ], [ -73.2686, -46.0375 ], [ -73.3471, -46.0348 ], [ -73.3295, -46.02 ], [ -73.2773, -46.0138 ], [ -73.2563, -46.008 ], [ -73.2322, -45.9946 ], [ -73.1939, -45.9985 ], [ -73.2324, -45.9944 ], [ -73.2563, -46.0074 ], [ -73.298, -46.0107 ], [ -73.3089, -46.0175 ], [ -73.3277, -46.0189 ], [ -73.3417, -46.0264 ], [ -73.3614, -45.9974 ], [ -73.3526, -46.0154 ], [ -73.3871, -46.0127 ], [ -73.3697, -45.9536 ], [ -73.3128, -45.9265 ], [ -73.3326, -45.9226 ], [ -73.3162, -45.8994 ], [ -73.2258, -45.8886 ], [ -73.1576, -45.8288 ], [ -73.0767, -45.8755 ], [ -73.0093, -45.8782 ], [ -73.1546, -45.8177 ], [ -73.2353, -45.8842 ], [ -73.3708, -45.8923 ], [ -73.5199, -45.8482 ], [ -73.5312, -45.8249 ], [ -73.3748, -45.6962 ], [ -73.2143, -45.6665 ], [ -73.2348, -45.6784 ], [ -73.1902, -45.689 ], [ -73.1299, -45.6507 ], [ -73.2779, -45.646 ], [ -73.2892, -45.6272 ], [ -73.2752, -45.6033 ], [ -73.2368, -45.5868 ], [ -73.2761, -45.5915 ], [ -73.2998, -45.6231 ], [ -73.368, -45.6392 ], [ -73.4691, -45.7434 ], [ -73.5621, -45.7808 ], [ -73.4916, -45.4674 ], [ -73.4449, -45.4178 ], [ -73.3931, -45.4068 ], [ -73.3873, -45.4883 ], [ -73.3815, -45.3877 ], [ -73.3284, -45.3489 ], [ -73.3015, -45.4128 ], [ -73.3011, -45.3755 ], [ -73.328, -45.3462 ], [ -73.1975, -45.2916 ], [ -73.1488, -45.3153 ], [ -73.1471, -45.3585 ], [ -73.1056, -45.3943 ], [ -72.9758, -45.4435 ], [ -72.9913, -45.4528 ], [ -72.875, -45.4771 ], [ -72.8438, -45.4593 ], [ -72.8339, -45.484 ], [ -72.7769, -45.4061 ], [ -72.8197, -45.3779 ], [ -72.9237, -45.4229 ], [ -73.0068, -45.396 ], [ -73.0555, -45.3375 ], [ -73.1026, -45.3245 ], [ -73.1063, -45.2982 ], [ -73.209, -45.2387 ], [ -73.2725, -45.246 ], [ -73.3287, -45.2932 ], [ -73.4249, -45.2745 ], [ -73.4657, -45.241 ], [ -73.4987, -45.2442 ], [ -73.5099, -45.1977 ], [ -73.4652, -45.2053 ], [ -73.4407, -45.2615 ], [ -73.4262, -45.1886 ], [ -73.3126, -45.2032 ], [ -73.2974, -45.1906 ], [ -73.3357, -45.1632 ], [ -73.3028, -45.1693 ], [ -73.2739, -45.149 ], [ -73.3205, -45.0983 ], [ -73.2681, -45.0696 ], [ -73.3382, -45.0925 ], [ -73.3631, -45.0666 ], [ -73.3559, -44.9545 ], [ -73.2181, -44.9623 ], [ -73.1234, -44.9304 ], [ -73.0973, -44.9507 ], [ -72.9728, -44.8591 ], [ -72.9282, -44.8663 ], [ -72.746, -44.7468 ], [ -72.7129, -44.743 ], [ -72.7155, -44.7583 ], [ -72.6777, -44.7871 ], [ -72.674, -44.7799 ], [ -72.6833, -44.7659 ], [ -72.6458, -44.7784 ], [ -72.5968, -44.7561 ], [ -72.5921, -44.7395 ], [ -72.5635, -44.7288 ], [ -72.5604, -44.7247 ], [ -72.5618, -44.715 ], [ -72.5448, -44.6964 ], [ -72.5295, -44.6989 ], [ -72.5094, -44.6824 ], [ -72.468, -44.6808 ], [ -72.4629, -44.6751 ], [ -72.437, -44.6683 ], [ -72.4298, -44.6649 ], [ -72.4276, -44.6605 ], [ -72.419, -44.6565 ], [ -72.3976, -44.6581 ], [ -72.4198, -44.6559 ], [ -72.4284, -44.6603 ], [ -72.4306, -44.6647 ], [ -72.4562, -44.6708 ], [ -72.4644, -44.6754 ], [ -72.469, -44.6803 ], [ -72.494, -44.6787 ], [ -72.5101, -44.6818 ], [ -72.528, -44.6974 ], [ -72.5453, -44.6948 ], [ -72.5599, -44.7096 ], [ -72.5631, -44.7162 ], [ -72.5637, -44.7214 ], [ -72.5613, -44.7252 ], [ -72.5929, -44.7389 ], [ -72.5977, -44.7553 ], [ -72.6464, -44.7776 ], [ -72.6816, -44.7637 ], [ -72.6851, -44.7663 ], [ -72.6855, -44.7691 ], [ -72.6777, -44.7849 ], [ -72.7129, -44.7582 ], [ -72.683, -44.73 ], [ -72.7175, -44.6625 ], [ -72.6639, -44.6234 ], [ -72.6784, -44.5875 ], [ -72.6525, -44.5366 ], [ -72.583, -44.5022 ], [ -72.4618, -44.5614 ], [ -72.598, -44.4882 ], [ -72.5779, -44.4623 ], [ -72.6066, -44.4723 ], [ -72.5815, -44.395 ], [ -72.603, -44.385 ], [ -72.5601, -44.3635 ], [ -72.5553, -44.3269 ], [ -72.6459, -44.4131 ], [ -72.6703, -44.5091 ], [ -72.7162, -44.4991 ], [ -72.7121, -44.4787 ], [ -72.746, -44.4626 ], [ -72.7025, -44.4447 ], [ -72.7455, -44.4421 ], [ -72.808, -44.4002 ], [ -72.7585, -44.3815 ], [ -72.8555, -44.3876 ], [ -72.9132, -44.3705 ], [ -72.891, -44.3061 ], [ -72.8395, -44.2935 ], [ -72.894, -44.2948 ], [ -72.9129, -44.3219 ], [ -72.9787, -44.2816 ], [ -73.0484, -44.2716 ], [ -73.0668, -44.2331 ], [ -73.086, -44.2729 ], [ -73.1839, -44.2485 ], [ -73.1671, -44.2112 ], [ -73.1213, -44.1975 ], [ -73.1007, -44.2337 ], [ -73.1144, -44.2094 ], [ -73.096, -44.1846 ], [ -73.034, -44.1788 ], [ -73.0466, -44.1666 ], [ -73.0927, -44.1835 ], [ -73.0906, -44.161 ], [ -73.1104, -44.1848 ], [ -73.0901, -44.1227 ], [ -73.1194, -44.1388 ], [ -73.1421, -44.185 ], [ -73.1938, -44.2036 ], [ -73.2251, -44.1776 ], [ -73.2396, -44.198 ], [ -73.271, -44.1851 ], [ -73.2703, -44.1499 ], [ -73.2432, -44.1645 ], [ -73.2746, -44.1203 ], [ -73.2584, -44.1072 ], [ -73.2028, -44.1501 ], [ -73.1781, -44.1526 ], [ -73.1765, -44.1428 ], [ -73.203, -44.1393 ], [ -73.2096, -44.0669 ], [ -73.1531, -44.0628 ], [ -73.1293, -44.105 ], [ -73.0839, -44.091 ], [ -73.1237, -44.0117 ], [ -73.138, -44.018 ], [ -73.1015, -43.9713 ], [ -73.0727, -44.0284 ], [ -73.0997, -43.9537 ], [ -73.1104, -43.956 ], [ -73.0299, -43.916 ], [ -73.0565, -43.8756 ], [ -72.9996, -43.882 ], [ -73.0438, -43.8471 ], [ -72.9991, -43.8407 ], [ -72.979, -43.767 ], [ -72.95, -43.8524 ], [ -72.9295, -43.8609 ], [ -72.9521, -43.8148 ], [ -72.9181, -43.8063 ], [ -72.9231, -43.8082 ], [ -72.9228, -43.8147 ], [ -72.917, -43.8241 ], [ -72.9223, -43.8079 ], [ -72.8893, -43.8015 ], [ -72.8708, -43.7881 ], [ -72.8285, -43.8236 ], [ -72.7018, -43.8437 ], [ -72.8169, -43.8063 ], [ -72.8169, -43.6529 ], [ -72.8383, -43.7699 ], [ -72.9214, -43.7609 ], [ -72.933, -43.7894 ], [ -72.9431, -43.751 ], [ -73.0459, -43.7391 ], [ -72.9337, -43.6971 ], [ -72.8938, -43.7381 ], [ -72.8547, -43.7403 ], [ -72.8237, -43.6447 ], [ -72.8073, -43.6381 ], [ -72.7666, -43.6854 ], [ -72.7999, -43.7404 ], [ -72.7636, -43.77 ], [ -72.6618, -43.7773 ], [ -72.6121, -43.755 ], [ -72.5014, -43.7967 ], [ -72.4758, -43.7353 ], [ -72.4225, -43.7297 ], [ -72.4032, -43.69 ], [ -72.3344, -43.674 ], [ -72.271, -43.7614 ], [ -72.304, -43.7799 ], [ -72.2403, -43.8074 ], [ -72.2815, -43.8319 ], [ -72.1933, -43.8424 ], [ -72.1811, -43.8948 ], [ -72.1198, -43.8775 ], [ -72.0812, -43.8971 ], [ -72.1079, -43.9338 ], [ -72.0775, -43.9557 ], [ -72.0438, -43.9363 ], [ -72.0135, -43.9659 ], [ -71.9626, -43.9646 ], [ -71.9685, -43.9252 ], [ -71.9101, -43.9406 ], [ -71.8581, -43.9288 ], [ -71.8075, -43.9549 ], [ -71.8221, -44.0104 ], [ -71.7902, -44.0551 ], [ -71.7363, -44.072 ], [ -71.7682, -44.1076 ], [ -71.8495, -44.1148 ], [ -71.8451, -44.1608 ], [ -71.7801, -44.2171 ], [ -71.8313, -44.266 ], [ -71.8031, -44.2719 ], [ -71.7861, -44.331 ], [ -71.8401, -44.3508 ], [ -71.8134, -44.4179 ], [ -71.712, -44.3809 ], [ -71.6693, -44.4094 ], [ -71.3871, -44.3854 ], [ -71.3485, -44.4245 ], [ -71.2416, -44.418 ], [ -71.1288, -44.4711 ], [ -71.1619, -44.4983 ], [ -71.092, -44.532 ], [ -71.0959, -44.586 ], [ -71.2008, -44.5916 ], [ -71.2354, -44.6409 ], [ -71.1941, -44.6854 ], [ -71.2054, -44.7507 ], [ -71.2926, -44.8138 ], [ -71.3947, -44.7906 ], [ -71.4709, -44.7377 ], [ -71.5823, -44.7525 ], [ -71.5949, -44.7802 ], [ -71.6627, -44.7876 ], [ -71.6901, -44.764 ], [ -71.7846, -44.7514 ], [ -71.8245, -44.7737 ], [ -71.8157, -44.794 ], [ -71.8561, -44.8019 ], [ -71.9143, -44.7768 ], [ -71.9301, -44.8033 ], [ -72.0057, -44.7846 ], [ -72.0163, -44.7582 ], [ -72.0661, -44.7589 ], [ -72.0681, -44.7878 ], [ -72.0269, -44.806 ], [ -72.0672, -44.8503 ], [ -72.036, -44.8627 ], [ -72.0658, -44.8761 ], [ -72.0403, -44.9019 ], [ -71.978, -44.9039 ], [ -71.8793, -44.9595 ], [ -71.8153, -44.9197 ], [ -71.7806, -44.9431 ], [ -71.7543, -44.9269 ], [ -71.7415, -44.9589 ], [ -71.5598, -44.9778 ], [ -71.5406, -44.9999 ], [ -71.5579, -45.0304 ], [ -71.5053, -45.0716 ], [ -71.5267, -45.1033 ], [ -71.4917, -45.1079 ], [ -71.4854, -45.1432 ], [ -71.4174, -45.1579 ], [ -71.3331, -45.2413 ], [ -71.3503, -45.2687 ], [ -71.3198, -45.2929 ], [ -71.3493, -45.3318 ], [ -71.4471, -45.3662 ], [ -71.4382, -45.3958 ], [ -71.5278, -45.3916 ], [ -71.5344, -45.4329 ], [ -71.4699, -45.4951 ], [ -71.5598, -45.5233 ], [ -71.6822, -45.513 ], [ -71.7609, -45.5569 ], [ -71.7627, -45.5756 ], [ -71.7262, -45.5775 ], [ -71.7772, -45.6191 ], [ -71.796, -45.6654 ], [ -71.7723, -45.6953 ], [ -71.8021, -45.719 ], [ -71.7429, -45.803 ], [ -71.7677, -45.847 ], [ -71.6577, -45.8835 ], [ -71.6184, -45.9468 ], [ -71.6161, -45.977 ], [ -71.6477, -45.9861 ], [ -71.7152, -46.0893 ], [ -71.9157, -46.1388 ], [ -71.9008, -46.1648 ], [ -71.8666, -46.157 ], [ -71.86, -46.1938 ], [ -71.7782, -46.1982 ], [ -71.7274, -46.2724 ], [ -71.7569, -46.3455 ], [ -71.6687, -46.529 ], [ -71.6453, -46.6843 ], [ -71.8337, -46.7962 ], [ -71.9558, -46.8152 ], [ -71.9307, -46.8452 ], [ -71.97, -46.9037 ], [ -71.9577, -46.9736 ], [ -71.8802, -47.011 ], [ -71.9551, -47.0768 ], [ -71.8598, -47.132 ], [ -71.8499, -47.1629 ], [ -71.8879, -47.1802 ], [ -71.8925, -47.2137 ], [ -71.8648, -47.231 ], [ -72.0193, -47.1978 ], [ -71.9967, -47.2949 ], [ -72.0483, -47.3399 ], [ -72.13, -47.3294 ], [ -72.1976, -47.4164 ], [ -72.2445, -47.4045 ], [ -72.2934, -47.4455 ], [ -72.3415, -47.4552 ], [ -72.2921, -47.5122 ], [ -72.3263, -47.5702 ], [ -72.3126, -47.5957 ], [ -72.3534, -47.6371 ], [ -72.42, -47.6606 ], [ -72.4432, -47.746 ], [ -72.4662, -47.7383 ], [ -72.4827, -47.7588 ], [ -72.5221, -47.7412 ], [ -72.4687, -47.8123 ], [ -72.5278, -47.9368 ], [ -72.499, -47.9616 ], [ -72.425, -47.9663 ], [ -72.4435, -48.0634 ], [ -72.3608, -48.0721 ], [ -72.3579, -48.1024 ], [ -72.3052, -48.1393 ], [ -72.3253, -48.2146 ], [ -72.2295, -48.3239 ], [ -72.28, -48.361 ], [ -72.3804, -48.3495 ], [ -72.3472, -48.389 ], [ -72.405, -48.4142 ], [ -72.3745, -48.4497 ], [ -72.4421, -48.5129 ], [ -72.504, -48.5175 ], [ -72.5355, -48.4819 ], [ -72.5884, -48.4916 ], [ -72.541, -48.6349 ], [ -72.53, -48.7962 ], [ -72.6395, -48.8661 ], [ -72.6884, -48.8647 ], [ -72.6966, -48.8967 ], [ -72.7443, -48.906 ], [ -72.7959, -48.9683 ], [ -72.9206, -48.9356 ], [ -72.946, -48.9454 ], [ -72.9935, -48.9983 ], [ -73.0045, -49.0634 ], [ -73.1418, -49.1799 ], [ -73.1427, -49.2116 ], [ -73.9847, -48.7036 ], [ -74.0256, -48.7203 ], [ -74.0698, -48.6956 ], [ -74.1602, -48.6885 ], [ -74.2434, -48.7178 ], [ -74.2742, -48.7004 ], [ -74.2626, -48.682 ], [ -74.1958, -48.6661 ], [ -74.175, -48.6412 ], [ -74.2369, -48.6749 ], [ -74.2499, -48.6236 ], [ -74.2675, -48.6681 ], [ -74.3016, -48.6756 ], [ -74.3127, -48.6506 ], [ -74.3245, -48.6657 ], [ -74.3055, -48.6283 ], [ -74.3597, -48.5869 ], [ -74.2352, -48.5157 ], [ -74.1737, -48.5364 ], [ -74.2263, -48.5057 ], [ -74.1458, -48.4661 ], [ -73.944, -48.5668 ], [ -73.8977, -48.6122 ], [ -73.9121, -48.56 ], [ -74.0018, -48.5134 ], [ -73.9773, -48.4922 ], [ -73.9803, -48.4289 ], [ -73.9513, -48.4153 ], [ -73.8824, -48.4236 ], [ -73.832, -48.3946 ], [ -73.7868, -48.4154 ], [ -73.7973, -48.3949 ], [ -73.7737, -48.398 ], [ -73.8398, -48.3884 ], [ -73.9046, -48.4129 ], [ -73.944, -48.3973 ], [ -73.974, -48.407 ], [ -74.0045, -48.3882 ], [ -74.054, -48.389 ], [ -74.1027, -48.3465 ], [ -74.2047, -48.3525 ], [ -74.147, -48.3172 ], [ -73.9088, -48.31 ], [ -74.0983, -48.303 ], [ -74.2262, -48.3327 ], [ -74.1857, -48.284 ], [ -74.2645, -48.233 ], [ -74.2576, -48.1921 ], [ -74.2738, -48.213 ], [ -74.3687, -48.1871 ], [ -74.47, -48.0856 ], [ -74.3773, -48.0542 ], [ -74.4182, -48.0569 ], [ -74.3582, -48.0004 ], [ -74.3985, -48.0032 ], [ -74.3882, -48.0138 ], [ -74.469, -48.0793 ], [ -74.4901, -48.0828 ], [ -74.4401, -48.0495 ], [ -74.536, -48.0907 ], [ -74.5989, -48.0566 ], [ -74.6077, -47.9978 ], [ -74.489, -47.928 ], [ -74.2887, -47.9989 ], [ -74.2743, -48.0282 ], [ -74.2951, -48.007 ], [ -74.3017, -48.0193 ], [ -74.205, -48.1559 ], [ -74.2075, -48.2013 ], [ -74.2284, -48.1949 ], [ -74.2152, -48.2552 ], [ -74.1943, -48.1787 ], [ -74.1361, -48.2347 ], [ -74.0547, -48.1914 ], [ -74.1465, -48.2229 ], [ -74.1423, -48.1904 ], [ -74.1867, -48.168 ], [ -74.1909, -48.1445 ], [ -74.1646, -48.1406 ], [ -74.1931, -48.1373 ], [ -74.2592, -48.0001 ], [ -74.215, -47.9921 ], [ -74.1974, -48.0202 ], [ -74.2062, -47.9929 ], [ -74.1488, -47.9817 ], [ -74.1143, -48.0767 ], [ -74.0985, -48.0585 ], [ -74.1426, -47.9819 ], [ -74.0761, -48.0075 ], [ -74.1073, -47.9794 ], [ -74.0706, -47.9663 ], [ -74.0082, -47.9864 ], [ -74.011, -47.9724 ], [ -73.9765, -47.9773 ], [ -73.9978, -47.988 ], [ -73.9841, -48.0115 ], [ -74.019, -48.0011 ], [ -73.9856, -48.0251 ], [ -73.9708, -48.0061 ], [ -73.9108, -48.0396 ], [ -73.8651, -48.0149 ], [ -73.8223, -48.0201 ], [ -73.8074, -48.0534 ], [ -73.8355, -48.1081 ], [ -73.7955, -48.0536 ], [ -73.7112, -48.0241 ], [ -73.7015, -48.0409 ], [ -73.7086, -48.0686 ], [ -73.7562, -48.1076 ], [ -73.7458, -48.1463 ], [ -73.7461, -48.1101 ], [ -73.686, -48.0845 ], [ -73.5448, -48.1351 ], [ -73.5369, -48.1835 ], [ -73.592, -48.2512 ], [ -73.5374, -48.1882 ], [ -73.5154, -48.2422 ], [ -73.4466, -48.248 ], [ -73.4902, -48.2121 ], [ -73.4367, -48.1652 ], [ -73.3825, -48.1762 ], [ -73.3329, -48.2252 ], [ -73.2676, -48.2434 ], [ -73.1692, -48.2307 ], [ -73.136, -48.1632 ], [ -73.0988, -48.1523 ], [ -73.0808, -48.1703 ], [ -73.109, -48.097 ], [ -73.1308, -48.0849 ], [ -73.1113, -48.1498 ], [ -73.1384, -48.1611 ], [ -73.1666, -48.1917 ], [ -73.1768, -48.2306 ], [ -73.3297, -48.2248 ], [ -73.3123, -48.1869 ], [ -73.2283, -48.1462 ], [ -73.2433, -48.0448 ], [ -73.2233, -48.0131 ], [ -73.2509, -48.0354 ], [ -73.2494, -48.1295 ], [ -73.3182, -48.1754 ], [ -73.4491, -48.1239 ], [ -73.553, -48.0283 ], [ -73.5479, -48.0061 ], [ -73.4748, -47.977 ], [ -73.5914, -48.0002 ], [ -73.6198, -47.9498 ], [ -73.6017, -47.8623 ], [ -73.5036, -47.8829 ], [ -73.5026, -47.9253 ], [ -73.4438, -47.9557 ], [ -73.4014, -47.9537 ], [ -73.4101, -47.9679 ], [ -73.3021, -47.9517 ], [ -73.2025, -47.9748 ], [ -73.1778, -47.9579 ], [ -73.1304, -47.9954 ], [ -73.101, -48.0094 ], [ -73.0945, -48.0115 ], [ -73.0857, -48.0075 ], [ -73.0702, -48.0126 ], [ -73.0557, -48.0086 ], [ -73.0003, -48.0375 ], [ -73.0567, -48.0073 ], [ -73.0865, -48.0066 ], [ -73.0955, -48.011 ], [ -73.1765, -47.9574 ], [ -73.2863, -47.9321 ], [ -73.4304, -47.9437 ], [ -73.4796, -47.9187 ], [ -73.4948, -47.9049 ], [ -73.4583, -47.8954 ], [ -73.4752, -47.8772 ], [ -73.4432, -47.8603 ], [ -73.4443, -47.8418 ], [ -73.4769, -47.8618 ], [ -73.4788, -47.839 ], [ -73.5404, -47.8175 ], [ -73.5324, -47.7975 ], [ -73.5709, -47.8073 ], [ -73.5777, -47.7846 ], [ -73.6826, -47.7563 ], [ -73.6861, -47.6599 ], [ -73.6328, -47.6196 ], [ -73.59, -47.6142 ], [ -73.631, -47.6025 ], [ -73.6556, -47.6331 ], [ -73.678, -47.6233 ], [ -73.6632, -47.5966 ], [ -73.6717, -47.575 ], [ -73.6286, -47.5472 ], [ -73.6423, -47.5382 ], [ -73.7158, -47.5342 ], [ -73.7096, -47.5551 ], [ -73.6719, -47.5392 ], [ -73.6336, -47.5492 ], [ -73.6587, -47.5583 ], [ -73.6761, -47.5793 ], [ -73.668, -47.5911 ], [ -73.6796, -47.6234 ], [ -73.6626, -47.6364 ], [ -73.6902, -47.6345 ], [ -73.7328, -47.6878 ], [ -73.7116, -47.7686 ], [ -73.8791, -47.8296 ], [ -73.9954, -47.8057 ], [ -73.9828, -47.7746 ], [ -74.0091, -47.7824 ], [ -74.006, -47.7491 ], [ -74.0202, -47.7668 ], [ -74.1485, -47.7814 ], [ -74.2456, -47.7456 ], [ -74.2376, -47.7601 ], [ -74.3149, -47.7781 ], [ -74.3655, -47.7507 ], [ -74.2582, -47.7518 ], [ -74.3129, -47.7258 ], [ -74.4274, -47.744 ], [ -74.4746, -47.7785 ], [ -74.5052, -47.7696 ] ], [ [ -73.6757, -47.5962 ], [ -73.6762, -47.5966 ], [ -73.6756, -47.5977 ], [ -73.6757, -47.5962 ] ], [ [ -73.6826, -47.5953 ], [ -73.6825, -47.5948 ], [ -73.6848, -47.5938 ], [ -73.6826, -47.5953 ] ], [ [ -73.6852, -47.5936 ], [ -73.687, -47.5882 ], [ -73.6938, -47.5873 ], [ -73.6852, -47.5936 ] ], [ [ -72.4294, -47.6782 ], [ -72.4312, -47.6775 ], [ -72.4323, -47.6804 ], [ -72.4294, -47.6782 ] ], [ [ -72.545, -47.7506 ], [ -72.5473, -47.7519 ], [ -72.5438, -47.7526 ], [ -72.545, -47.7506 ] ], [ [ -73.453, -47.8977 ], [ -73.4572, -47.9001 ], [ -73.4547, -47.9006 ], [ -73.453, -47.8977 ] ], [ [ -73.4693, -47.9049 ], [ -73.4687, -47.9071 ], [ -73.4681, -47.9051 ], [ -73.4693, -47.9049 ] ], [ [ -73.4484, -47.9196 ], [ -73.4543, -47.9211 ], [ -73.4465, -47.9241 ], [ -73.4484, -47.9196 ] ], [ [ -72.447, -48.0577 ], [ -72.4443, -48.0567 ], [ -72.4447, -48.0561 ], [ -72.447, -48.0577 ] ], [ [ -73.5953, -47.88 ], [ -73.602, -47.8823 ], [ -73.601, -47.8852 ], [ -73.5953, -47.88 ] ], [ [ -73.0698, -48.1605 ], [ -73.0677, -48.1599 ], [ -73.0685, -48.1581 ], [ -73.0698, -48.1605 ] ], [ [ -73.0744, -48.1646 ], [ -73.0726, -48.1626 ], [ -73.0745, -48.1622 ], [ -73.0744, -48.1646 ] ], [ [ -72.2923, -48.257 ], [ -72.2919, -48.2574 ], [ -72.2916, -48.2568 ], [ -72.2923, -48.257 ] ], [ [ -73.4075, -48.1843 ], [ -73.4086, -48.1836 ], [ -73.4084, -48.1843 ], [ -73.4075, -48.1843 ] ], [ [ -73.4743, -48.2518 ], [ -73.5085, -48.2715 ], [ -73.5116, -48.2846 ], [ -73.4764, -48.2645 ], [ -73.4743, -48.2518 ] ], [ [ -73.5137, -48.2719 ], [ -73.5147, -48.2706 ], [ -73.5148, -48.2724 ], [ -73.5137, -48.2719 ] ], [ [ -73.5085, -48.2673 ], [ -73.5088, -48.2659 ], [ -73.5089, -48.2674 ], [ -73.5085, -48.2673 ] ], [ [ -73.537, -48.2255 ], [ -73.5377, -48.2235 ], [ -73.5387, -48.2238 ], [ -73.537, -48.2255 ] ], [ [ -73.5333, -48.2239 ], [ -73.5329, -48.2242 ], [ -73.5329, -48.2239 ], [ -73.5333, -48.2239 ] ], [ [ -73.539, -48.2221 ], [ -73.5396, -48.2218 ], [ -73.5398, -48.2225 ], [ -73.539, -48.2221 ] ], [ [ -73.5436, -48.221 ], [ -73.5441, -48.2208 ], [ -73.5442, -48.221 ], [ -73.5436, -48.221 ] ], [ [ -73.5413, -48.2199 ], [ -73.5395, -48.2189 ], [ -73.5406, -48.2184 ], [ -73.5413, -48.2199 ] ], [ [ -73.5334, -48.2144 ], [ -73.5347, -48.2192 ], [ -73.531, -48.2136 ], [ -73.5334, -48.2144 ] ], [ [ -73.5368, -48.2065 ], [ -73.5327, -48.2072 ], [ -73.5323, -48.2038 ], [ -73.5368, -48.2065 ] ], [ [ -73.5587, -48.191 ], [ -73.5606, -48.1904 ], [ -73.5629, -48.1931 ], [ -73.5587, -48.191 ] ], [ [ -73.5741, -48.1918 ], [ -73.5649, -48.1863 ], [ -73.5665, -48.1803 ], [ -73.5741, -48.1918 ] ], [ [ -73.5686, -48.1803 ], [ -73.5675, -48.1792 ], [ -73.5701, -48.1793 ], [ -73.5686, -48.1803 ] ], [ [ -73.5543, -48.1798 ], [ -73.5503, -48.1792 ], [ -73.5528, -48.1769 ], [ -73.5543, -48.1798 ] ], [ [ -73.551, -48.1764 ], [ -73.5508, -48.177 ], [ -73.5497, -48.1764 ], [ -73.551, -48.1764 ] ], [ [ -73.5688, -48.1747 ], [ -73.5692, -48.1752 ], [ -73.5687, -48.1751 ], [ -73.5688, -48.1747 ] ], [ [ -73.5507, -48.1749 ], [ -73.5491, -48.1735 ], [ -73.5491, -48.1734 ], [ -73.5507, -48.1749 ] ], [ [ -73.5714, -48.1629 ], [ -73.5741, -48.1644 ], [ -73.5719, -48.1655 ], [ -73.5714, -48.1629 ] ], [ [ -73.5667, -48.1607 ], [ -73.5651, -48.1578 ], [ -73.5632, -48.1552 ], [ -73.5669, -48.1575 ], [ -73.5667, -48.1607 ] ], [ [ -73.5674, -48.1568 ], [ -73.5688, -48.1566 ], [ -73.5685, -48.1572 ], [ -73.5674, -48.1568 ] ], [ [ -73.557, -48.1572 ], [ -73.5551, -48.1581 ], [ -73.5568, -48.1566 ], [ -73.557, -48.1572 ] ], [ [ -73.7148, -48.0354 ], [ -73.7163, -48.0358 ], [ -73.7086, -48.0398 ], [ -73.7148, -48.0354 ] ], [ [ -73.8521, -48.0219 ], [ -73.8515, -48.0208 ], [ -73.8522, -48.0207 ], [ -73.8521, -48.0219 ] ], [ [ -74.2488, -48.1786 ], [ -74.2521, -48.1778 ], [ -74.2506, -48.1824 ], [ -74.2488, -48.1786 ] ], [ [ -74.3783, -48.0422 ], [ -74.3779, -48.0431 ], [ -74.3692, -48.0405 ], [ -74.3783, -48.0422 ] ], [ [ -74.5745, -47.9885 ], [ -74.548, -47.9802 ], [ -74.5456, -47.9752 ], [ -74.5514, -47.9758 ], [ -74.5745, -47.9885 ] ], [ [ -74.5817, -48.0412 ], [ -74.5818, -48.0431 ], [ -74.5792, -48.0428 ], [ -74.5817, -48.0412 ] ], [ [ -74.5908, -48.0489 ], [ -74.589, -48.0487 ], [ -74.5896, -48.0477 ], [ -74.5908, -48.0489 ] ], [ [ -74.5658, -48.0639 ], [ -74.5563, -48.0594 ], [ -74.564, -48.0557 ], [ -74.5658, -48.0639 ] ], [ [ -74.175, -48.2963 ], [ -74.1704, -48.2972 ], [ -74.1782, -48.2938 ], [ -74.175, -48.2963 ] ], [ [ -74.1963, -48.3027 ], [ -74.1961, -48.3075 ], [ -74.1927, -48.3018 ], [ -74.1963, -48.3027 ] ], [ [ -74.0816, -48.3199 ], [ -74.0893, -48.3184 ], [ -74.0924, -48.3204 ], [ -74.0816, -48.3199 ] ], [ [ -74.069, -48.3637 ], [ -74.0595, -48.3658 ], [ -74.0576, -48.3649 ], [ -74.069, -48.3637 ] ], [ [ -73.9099, -48.3942 ], [ -73.9129, -48.3951 ], [ -73.9111, -48.396 ], [ -73.9099, -48.3942 ] ], [ [ -73.9154, -48.3936 ], [ -73.9239, -48.396 ], [ -73.91, -48.3996 ], [ -73.9154, -48.3936 ] ], [ [ -73.9958, -48.7013 ], [ -73.997, -48.7031 ], [ -73.9957, -48.7038 ], [ -73.9958, -48.7013 ] ], [ [ -72.2703, -47.416 ], [ -72.2707, -47.4153 ], [ -72.2709, -47.416 ], [ -72.2703, -47.416 ] ], [ [ -74.166, -46.8645 ], [ -74.163, -46.8657 ], [ -74.1543, -46.8616 ], [ -74.166, -46.8645 ] ], [ [ -74.0308, -46.7242 ], [ -74.0279, -46.7197 ], [ -74.0338, -46.722 ], [ -74.0308, -46.7242 ] ], [ [ -74.037, -46.7237 ], [ -74.0345, -46.7222 ], [ -74.0387, -46.7226 ], [ -74.037, -46.7237 ] ], [ [ -74.0689, -46.6902 ], [ -74.0674, -46.6764 ], [ -74.0744, -46.6906 ], [ -74.0689, -46.6902 ] ], [ [ -74.0651, -46.6893 ], [ -74.0708, -46.6914 ], [ -74.0709, -46.6918 ], [ -74.0651, -46.6893 ] ], [ [ -74.0967, -46.7001 ], [ -74.1072, -46.6909 ], [ -74.1053, -46.7023 ], [ -74.0967, -46.7001 ] ], [ [ -74.0894, -46.6905 ], [ -74.0895, -46.6783 ], [ -74.1019, -46.6652 ], [ -74.1024, -46.6721 ], [ -74.0894, -46.6905 ] ], [ [ -74.0788, -46.6755 ], [ -74.0895, -46.6762 ], [ -74.0822, -46.6781 ], [ -74.0846, -46.6863 ], [ -74.0788, -46.6755 ] ], [ [ -74.0733, -46.6805 ], [ -74.0773, -46.6797 ], [ -74.0757, -46.6823 ], [ -74.0733, -46.6805 ] ], [ [ -74.085, -46.6868 ], [ -74.0869, -46.6828 ], [ -74.0879, -46.6896 ], [ -74.085, -46.6868 ] ], [ [ -73.5965, -46.4787 ], [ -73.5869, -46.4899 ], [ -73.5743, -46.4682 ], [ -73.5965, -46.4787 ] ], [ [ -71.7714, -46.2236 ], [ -71.773, -46.2223 ], [ -71.7737, -46.2234 ], [ -71.7714, -46.2236 ] ], [ [ -71.9046, -46.1745 ], [ -71.9093, -46.1719 ], [ -71.9098, -46.1735 ], [ -71.9046, -46.1745 ] ], [ [ -71.8928, -46.1694 ], [ -71.8904, -46.1695 ], [ -71.8916, -46.1685 ], [ -71.8928, -46.1694 ] ], [ [ -71.7758, -46.106 ], [ -71.7787, -46.1066 ], [ -71.7781, -46.1077 ], [ -71.7758, -46.106 ] ], [ [ -73.2658, -46.0333 ], [ -73.2671, -46.0325 ], [ -73.2667, -46.0334 ], [ -73.2658, -46.0333 ] ], [ [ -73.2088, -46.0061 ], [ -73.2078, -46.0048 ], [ -73.2088, -46.005 ], [ -73.2088, -46.0061 ] ], [ [ -71.6224, -45.9555 ], [ -71.6259, -45.9553 ], [ -71.6224, -45.9581 ], [ -71.6224, -45.9555 ] ], [ [ -71.7712, -45.8326 ], [ -71.773, -45.8331 ], [ -71.7701, -45.8338 ], [ -71.7712, -45.8326 ] ], [ [ -73.2748, -45.6379 ], [ -73.2785, -45.6365 ], [ -73.2788, -45.6383 ], [ -73.2748, -45.6379 ] ], [ [ -71.7518, -45.5461 ], [ -71.7567, -45.5384 ], [ -71.7628, -45.5426 ], [ -71.7518, -45.5461 ] ], [ [ -71.7689, -45.5375 ], [ -71.7615, -45.5386 ], [ -71.7623, -45.5352 ], [ -71.7689, -45.5375 ] ], [ [ -73.1361, -45.272 ], [ -73.137, -45.2716 ], [ -73.1384, -45.2733 ], [ -73.1361, -45.272 ] ], [ [ -72.6594, -44.7821 ], [ -72.6604, -44.7811 ], [ -72.661, -44.7816 ], [ -72.6594, -44.7821 ] ], [ [ -72.5411, -44.7103 ], [ -72.5379, -44.7085 ], [ -72.538, -44.7074 ], [ -72.5411, -44.7103 ] ], [ [ -72.2969, -44.6746 ], [ -72.352, -44.6413 ], [ -72.3887, -44.6503 ], [ -72.3523, -44.6417 ], [ -72.2969, -44.6746 ] ], [ [ -72.3974, -44.6581 ], [ -72.3884, -44.655 ], [ -72.3888, -44.651 ], [ -72.3974, -44.6581 ] ], [ [ -73.1032, -44.217 ], [ -73.0942, -44.2167 ], [ -73.1007, -44.2069 ], [ -73.1032, -44.217 ] ], [ [ -73.0778, -44.0799 ], [ -73.0783, -44.08 ], [ -73.0779, -44.0801 ], [ -73.0778, -44.0799 ] ], [ [ -73.0783, -44.076 ], [ -73.0792, -44.0752 ], [ -73.0795, -44.075 ], [ -73.0783, -44.076 ] ], [ [ -73.0893, -44.0734 ], [ -73.0891, -44.0731 ], [ -73.0894, -44.0732 ], [ -73.0893, -44.0734 ] ], [ [ -73.0928, -44.0696 ], [ -73.0922, -44.0661 ], [ -73.0947, -44.0671 ], [ -73.0928, -44.0696 ] ], [ [ -73.0705, -44.0154 ], [ -73.0722, -44.0136 ], [ -73.0725, -44.0169 ], [ -73.0705, -44.0154 ] ], [ [ -73.0709, -44.0006 ], [ -73.0739, -43.9987 ], [ -73.0752, -44.0019 ], [ -73.0796, -44.0044 ], [ -73.0709, -44.0006 ] ], [ [ -73.0764, -44.0015 ], [ -73.0762, -44.0009 ], [ -73.077, -44.0013 ], [ -73.0764, -44.0015 ] ], [ [ -73.1895, -44.1443 ], [ -73.1889, -44.1452 ], [ -73.1884, -44.1441 ], [ -73.1895, -44.1443 ] ], [ [ -73.1546, -44.2317 ], [ -73.1544, -44.2309 ], [ -73.1553, -44.2311 ], [ -73.1546, -44.2317 ] ], [ [ -72.6782, -44.7585 ], [ -72.6783, -44.7597 ], [ -72.6773, -44.7591 ], [ -72.6782, -44.7585 ] ], [ [ -72.6737, -44.7608 ], [ -72.6747, -44.7603 ], [ -72.6745, -44.7612 ], [ -72.6737, -44.7608 ] ], [ [ -73.4799, -45.2275 ], [ -73.4808, -45.2277 ], [ -73.479, -45.2281 ], [ -73.4799, -45.2275 ] ], [ [ -73.486, -45.2196 ], [ -73.4866, -45.2187 ], [ -73.4865, -45.2202 ], [ -73.486, -45.2196 ] ], [ [ -73.3365, -45.3712 ], [ -73.3323, -45.3706 ], [ -73.3358, -45.3687 ], [ -73.3365, -45.3712 ] ], [ [ -73.2461, -45.6439 ], [ -73.2456, -45.6452 ], [ -73.2441, -45.6448 ], [ -73.2461, -45.6439 ] ], [ [ -73.3749, -46.3523 ], [ -73.3721, -46.3563 ], [ -73.3719, -46.353 ], [ -73.3749, -46.3523 ] ], [ [ -73.3715, -46.3591 ], [ -73.3751, -46.3611 ], [ -73.3707, -46.3595 ], [ -73.3715, -46.3591 ] ], [ [ -73.3118, -46.3758 ], [ -73.3047, -46.3745 ], [ -73.3174, -46.3719 ], [ -73.3118, -46.3758 ] ], [ [ -74.9496, -46.5531 ], [ -74.9485, -46.5511 ], [ -74.9518, -46.5507 ], [ -74.9496, -46.5531 ] ], [ [ -75.0931, -46.3894 ], [ -75.0935, -46.3892 ], [ -75.0929, -46.3896 ], [ -75.0931, -46.3894 ] ], [ [ -73.9005, -46.2736 ], [ -73.9006, -46.2707 ], [ -73.9027, -46.276 ], [ -73.9005, -46.2736 ] ], [ [ -73.9345, -46.2951 ], [ -73.9335, -46.2943 ], [ -73.9339, -46.2924 ], [ -73.9345, -46.2951 ] ], [ [ -74.4277, -46.1532 ], [ -74.4233, -46.1517 ], [ -74.4272, -46.1487 ], [ -74.4277, -46.1532 ] ], [ [ -73.9496, -46.0405 ], [ -73.9495, -46.0399 ], [ -73.95, -46.0394 ], [ -73.9496, -46.0405 ] ], [ [ -73.9829, -46.0203 ], [ -73.9887, -46.02 ], [ -73.9885, -46.0215 ], [ -73.9829, -46.0203 ] ], [ [ -73.9916, -46.0101 ], [ -73.9908, -46.0105 ], [ -73.9907, -46.0103 ], [ -73.9916, -46.0101 ] ], [ [ -74.041, -46.097 ], [ -74.0391, -46.0974 ], [ -74.041, -46.0964 ], [ -74.041, -46.097 ] ], [ [ -74.675, -46.0727 ], [ -74.6814, -46.0808 ], [ -74.6717, -46.0732 ], [ -74.675, -46.0727 ] ], [ [ -74.7277, -46.0597 ], [ -74.7311, -46.0557 ], [ -74.7317, -46.0621 ], [ -74.7277, -46.0597 ] ], [ [ -74.5834, -46.0566 ], [ -74.5704, -46.0573 ], [ -74.573, -46.0536 ], [ -74.5834, -46.0566 ] ], [ [ -74.6431, -46.0547 ], [ -74.633, -46.0466 ], [ -74.6506, -46.0488 ], [ -74.6431, -46.0547 ] ], [ [ -74.4106, -46.0204 ], [ -74.4084, -46.0197 ], [ -74.4103, -46.0191 ], [ -74.4106, -46.0204 ] ], [ [ -74.4115, -46.0167 ], [ -74.4124, -46.0162 ], [ -74.4124, -46.017 ], [ -74.4115, -46.0167 ] ], [ [ -74.0169, -45.9668 ], [ -74.017, -45.9657 ], [ -74.018, -45.9664 ], [ -74.0169, -45.9668 ] ], [ [ -74.1755, -45.9492 ], [ -74.1727, -45.9498 ], [ -74.1654, -45.9445 ], [ -74.1755, -45.9492 ] ], [ [ -74.0721, -45.844 ], [ -74.0745, -45.8441 ], [ -74.0723, -45.8463 ], [ -74.0721, -45.844 ] ], [ [ -74.5051, -45.9389 ], [ -74.5006, -45.9377 ], [ -74.5058, -45.9361 ], [ -74.5051, -45.9389 ] ], [ [ -74.4963, -45.9372 ], [ -74.4951, -45.9387 ], [ -74.4941, -45.9374 ], [ -74.4963, -45.9372 ] ], [ [ -74.4762, -45.9268 ], [ -74.4767, -45.9243 ], [ -74.4782, -45.9265 ], [ -74.4762, -45.9268 ] ], [ [ -74.4736, -45.9217 ], [ -74.469, -45.9216 ], [ -74.4708, -45.9192 ], [ -74.4736, -45.9217 ] ], [ [ -74.5249, -45.9166 ], [ -74.523, -45.9151 ], [ -74.5268, -45.9142 ], [ -74.5249, -45.9166 ] ], [ [ -74.8375, -46.1911 ], [ -74.8515, -46.1776 ], [ -74.8683, -46.1751 ], [ -74.8375, -46.1911 ] ], [ [ -74.9919, -46.2916 ], [ -74.9921, -46.2912 ], [ -74.9928, -46.2912 ], [ -74.9919, -46.2916 ] ], [ [ -75.1463, -46.348 ], [ -75.1362, -46.3472 ], [ -75.1476, -46.3454 ], [ -75.1463, -46.348 ] ], [ [ -75.1017, -46.3469 ], [ -75.1078, -46.3506 ], [ -75.1018, -46.351 ], [ -75.1017, -46.3469 ] ], [ [ -75.3337, -46.472 ], [ -75.3389, -46.4726 ], [ -75.3323, -46.4743 ], [ -75.3337, -46.472 ] ], [ [ -75.3611, -46.505 ], [ -75.3571, -46.5254 ], [ -75.3477, -46.5353 ], [ -75.3611, -46.505 ] ], [ [ -75.0462, -46.5235 ], [ -75.0443, -46.523 ], [ -75.0453, -46.5218 ], [ -75.0462, -46.5235 ] ], [ [ -75.3729, -46.5597 ], [ -75.3698, -46.5605 ], [ -75.3703, -46.5562 ], [ -75.3729, -46.5597 ] ], [ [ -75.4743, -46.5806 ], [ -75.4732, -46.5838 ], [ -75.4662, -46.5878 ], [ -75.4743, -46.5806 ] ], [ [ -75.4228, -46.5887 ], [ -75.4268, -46.5949 ], [ -75.4246, -46.5954 ], [ -75.4228, -46.5887 ] ], [ [ -75.477, -46.5744 ], [ -75.4763, -46.5732 ], [ -75.4778, -46.5732 ], [ -75.477, -46.5744 ] ], [ [ -75.402, -46.6177 ], [ -75.4006, -46.6176 ], [ -75.4021, -46.6172 ], [ -75.402, -46.6177 ] ], [ [ -75.3412, -46.8438 ], [ -75.3324, -46.8435 ], [ -75.3271, -46.8379 ], [ -75.3412, -46.8438 ] ], [ [ -75.2656, -46.8904 ], [ -75.2643, -46.8916 ], [ -75.2641, -46.8902 ], [ -75.2656, -46.8904 ] ], [ [ -75.4012, -46.8022 ], [ -75.3988, -46.8011 ], [ -75.4059, -46.8086 ], [ -75.4012, -46.8022 ] ], [ [ -75.362, -46.7246 ], [ -75.3636, -46.7259 ], [ -75.3603, -46.7253 ], [ -75.362, -46.7246 ] ], [ [ -75.3793, -46.728 ], [ -75.3785, -46.7282 ], [ -75.3797, -46.7277 ], [ -75.3793, -46.728 ] ], [ [ -75.329, -46.6527 ], [ -75.3305, -46.6538 ], [ -75.3276, -46.6542 ], [ -75.329, -46.6527 ] ], [ [ -74.7723, -46.7678 ], [ -74.7757, -46.7687 ], [ -74.7695, -46.7679 ], [ -74.7723, -46.7678 ] ], [ [ -74.7753, -46.7688 ], [ -74.7762, -46.77 ], [ -74.7757, -46.7708 ], [ -74.7749, -46.7698 ], [ -74.775, -46.7689 ], [ -74.7753, -46.7688 ] ], [ [ -74.7648, -46.7774 ], [ -74.7643, -46.7772 ], [ -74.765, -46.777 ], [ -74.7648, -46.7774 ] ], [ [ -74.7653, -46.7769 ], [ -74.7658, -46.7762 ], [ -74.7658, -46.7764 ], [ -74.7653, -46.7769 ] ], [ [ -74.1789, -47.0646 ], [ -74.1779, -47.0645 ], [ -74.1792, -47.064 ], [ -74.1789, -47.0646 ] ], [ [ -74.1867, -47.0923 ], [ -74.1858, -47.0927 ], [ -74.1857, -47.0923 ], [ -74.1867, -47.0923 ] ], [ [ -74.1826, -47.0965 ], [ -74.1814, -47.0972 ], [ -74.1815, -47.0966 ], [ -74.1826, -47.0965 ] ], [ [ -74.1764, -47.1054 ], [ -74.1756, -47.1039 ], [ -74.1783, -47.1046 ], [ -74.1764, -47.1054 ] ], [ [ -74.168, -47.1128 ], [ -74.1703, -47.1154 ], [ -74.1671, -47.1145 ], [ -74.168, -47.1128 ] ], [ [ -74.1555, -47.1182 ], [ -74.1592, -47.1221 ], [ -74.155, -47.1226 ], [ -74.1555, -47.1182 ] ], [ [ -74.1876, -47.2006 ], [ -74.177, -47.197 ], [ -74.1838, -47.193 ], [ -74.1876, -47.2006 ] ], [ [ -74.1793, -47.2013 ], [ -74.1798, -47.203 ], [ -74.1777, -47.2029 ], [ -74.1793, -47.2013 ] ], [ [ -74.1876, -47.1956 ], [ -74.1885, -47.1948 ], [ -74.1885, -47.1954 ], [ -74.1876, -47.1956 ] ], [ [ -74.2185, -47.3259 ], [ -74.2166, -47.3263 ], [ -74.2175, -47.3254 ], [ -74.2185, -47.3259 ] ], [ [ -74.3197, -47.274 ], [ -74.3215, -47.2712 ], [ -74.3222, -47.2743 ], [ -74.3197, -47.274 ] ], [ [ -74.3139, -47.2605 ], [ -74.3187, -47.2561 ], [ -74.3165, -47.2705 ], [ -74.3139, -47.2605 ] ], [ [ -74.3258, -47.411 ], [ -74.332, -47.4204 ], [ -74.324, -47.4127 ], [ -74.3258, -47.411 ] ], [ [ -74.3036, -47.4242 ], [ -74.3248, -47.4302 ], [ -74.2811, -47.4228 ], [ -74.3036, -47.4242 ] ], [ [ -74.3351, -47.4263 ], [ -74.3379, -47.4264 ], [ -74.3386, -47.4284 ], [ -74.3351, -47.4263 ] ], [ [ -74.1796, -47.4564 ], [ -74.1805, -47.4605 ], [ -74.1747, -47.4742 ], [ -74.1796, -47.4564 ] ], [ [ -74.074, -47.5485 ], [ -74.0829, -47.5479 ], [ -74.0933, -47.5528 ], [ -74.074, -47.5485 ] ], [ [ -74.1065, -47.552 ], [ -74.1083, -47.5466 ], [ -74.1102, -47.5493 ], [ -74.1065, -47.552 ] ], [ [ -73.8861, -47.5988 ], [ -73.9613, -47.6035 ], [ -73.9632, -47.6081 ], [ -73.9454, -47.6163 ], [ -73.8861, -47.5988 ] ], [ [ -74.0647, -47.7117 ], [ -74.0891, -47.7182 ], [ -74.0038, -47.7157 ], [ -74.0647, -47.7117 ] ], [ [ -74.1421, -47.7376 ], [ -74.1464, -47.7365 ], [ -74.148, -47.7408 ], [ -74.1421, -47.7376 ] ], [ [ -73.998, -47.7447 ], [ -74.0045, -47.7466 ], [ -74.0041, -47.7484 ], [ -73.998, -47.7447 ] ], [ [ -74.4368, -47.6875 ], [ -74.4379, -47.6869 ], [ -74.4374, -47.6878 ], [ -74.4368, -47.6875 ] ], [ [ -74.4548, -47.6796 ], [ -74.4472, -47.6807 ], [ -74.4462, -47.6804 ], [ -74.4548, -47.6796 ] ], [ [ -74.5354, -47.6683 ], [ -74.5342, -47.6682 ], [ -74.535, -47.6677 ], [ -74.5354, -47.6683 ] ], [ [ -74.6224, -47.6512 ], [ -74.6218, -47.6497 ], [ -74.6243, -47.6513 ], [ -74.6224, -47.6512 ] ], [ [ -74.5625, -47.6353 ], [ -74.5616, -47.6356 ], [ -74.5616, -47.6352 ], [ -74.5625, -47.6353 ] ], [ [ -74.5394, -47.632 ], [ -74.5403, -47.6307 ], [ -74.5421, -47.6309 ], [ -74.5394, -47.632 ] ], [ [ -74.5389, -47.6302 ], [ -74.5363, -47.6302 ], [ -74.5359, -47.63 ], [ -74.5389, -47.6302 ] ], [ [ -74.5457, -47.6289 ], [ -74.5436, -47.6292 ], [ -74.5424, -47.6284 ], [ -74.5457, -47.6289 ] ], [ [ -74.5258, -47.629 ], [ -74.5237, -47.6301 ], [ -74.5221, -47.6292 ], [ -74.5258, -47.629 ] ], [ [ -74.5337, -47.6301 ], [ -74.5338, -47.6294 ], [ -74.5342, -47.6296 ], [ -74.5337, -47.6301 ] ], [ [ -74.5854, -47.597 ], [ -74.5867, -47.5955 ], [ -74.5856, -47.5971 ], [ -74.5854, -47.597 ] ], [ [ -74.6238, -47.6421 ], [ -74.624, -47.6435 ], [ -74.6201, -47.6425 ], [ -74.6238, -47.6421 ] ], [ [ -74.5865, -47.6307 ], [ -74.588, -47.6304 ], [ -74.5877, -47.6315 ], [ -74.5865, -47.6307 ] ], [ [ -74.5928, -47.6295 ], [ -74.5904, -47.629 ], [ -74.5904, -47.6288 ], [ -74.5928, -47.6295 ] ], [ [ -74.5785, -47.6273 ], [ -74.5773, -47.6276 ], [ -74.5771, -47.6273 ], [ -74.5785, -47.6273 ] ], [ [ -74.5739, -47.6264 ], [ -74.5722, -47.6266 ], [ -74.5724, -47.6252 ], [ -74.5739, -47.6264 ] ], [ [ -74.587, -47.6243 ], [ -74.5879, -47.6258 ], [ -74.5841, -47.6234 ], [ -74.587, -47.6243 ] ], [ [ -74.5836, -47.6235 ], [ -74.5805, -47.624 ], [ -74.5796, -47.6228 ], [ -74.5836, -47.6235 ] ], [ [ -74.5787, -47.6202 ], [ -74.5768, -47.6211 ], [ -74.576, -47.6205 ], [ -74.5787, -47.6202 ] ], [ [ -74.5836, -47.6175 ], [ -74.5822, -47.6176 ], [ -74.5818, -47.6173 ], [ -74.5836, -47.6175 ] ], [ [ -74.5844, -47.6155 ], [ -74.5838, -47.6159 ], [ -74.5839, -47.6153 ], [ -74.5844, -47.6155 ] ], [ [ -74.6039, -47.6986 ], [ -74.6033, -47.7053 ], [ -74.5975, -47.7022 ], [ -74.6039, -47.6986 ] ], [ [ -74.6154, -47.7086 ], [ -74.6169, -47.7135 ], [ -74.6091, -47.7093 ], [ -74.6154, -47.7086 ] ], [ [ -74.4614, -47.7485 ], [ -74.4597, -47.7502 ], [ -74.4586, -47.7491 ], [ -74.4614, -47.7485 ] ], [ [ -74.2976, -47.7495 ], [ -74.3082, -47.7474 ], [ -74.3111, -47.7484 ], [ -74.2976, -47.7495 ] ], [ [ -74.3268, -47.7518 ], [ -74.3226, -47.7574 ], [ -74.3209, -47.7566 ], [ -74.3268, -47.7518 ] ] ] ] } },
{ "type": "Feature", "properties": { "codregion": 3 }, "geometry": { "type": "Polygon", "coordinates": [ [ [ -68.5787, -25.2858 ], [ -68.5212, -25.3296 ], [ -68.5233, -25.3771 ], [ -68.5903, -25.4156 ], [ -68.5894, -25.4483 ], [ -68.5186, -25.5723 ], [ -68.5445, -25.6341 ], [ -68.4768, -25.7024 ], [ -68.381, -26.1779 ], [ -68.5574, -26.2864 ], [ -68.588, -26.492 ], [ -68.2632, -26.9183 ], [ -68.3192, -26.9817 ], [ -68.2939, -27.0379 ], [ -68.3468, -27.033 ], [ -68.4507, -27.0948 ], [ -68.4841, -27.0573 ], [ -68.4816, -27.1286 ], [ -68.5579, -27.1154 ], [ -68.5757, -27.1757 ], [ -68.6333, -27.1617 ], [ -68.6703, -27.0987 ], [ -68.7782, -27.0981 ], [ -68.8072, -27.1524 ], [ -68.8434, -27.1596 ], [ -68.8683, -27.2625 ], [ -68.8085, -27.301 ], [ -68.8714, -27.3191 ], [ -68.8868, -27.3982 ], [ -68.9307, -27.4093 ], [ -68.9356, -27.445 ], [ -68.9809, -27.4315 ], [ -68.9414, -27.518 ], [ -68.9875, -27.5245 ], [ -68.9755, -27.56 ], [ -69.0516, -27.6167 ], [ -69.0437, -27.6957 ], [ -69.09, -27.722 ], [ -69.1233, -27.9014 ], [ -69.1735, -27.9718 ], [ -69.2379, -27.9669 ], [ -69.3076, -28.1293 ], [ -69.3832, -28.1841 ], [ -69.3911, -28.227 ], [ -69.4566, -28.1838 ], [ -69.524, -28.3305 ], [ -69.5822, -28.3528 ], [ -69.5969, -28.3924 ], [ -69.6261, -28.3783 ], [ -69.6496, -28.3965 ], [ -69.6329, -28.4302 ], [ -69.6807, -28.4711 ], [ -69.6557, -28.5029 ], [ -69.6614, -28.5828 ], [ -69.6939, -28.5949 ], [ -69.7316, -28.6842 ], [ -69.7295, -28.7382 ], [ -69.6932, -28.7721 ], [ -69.7661, -28.8995 ], [ -69.7545, -28.9841 ], [ -69.7937, -29.0499 ], [ -69.7872, -29.1297 ], [ -69.8758, -29.1387 ], [ -69.9526, -29.1887 ], [ -69.9372, -29.2481 ], [ -70.0209, -29.3286 ], [ -70.0212, -29.3844 ], [ -69.967, -29.4124 ], [ -69.9814, -29.4516 ], [ -69.9516, -29.5009 ], [ -70.0859, -29.5351 ], [ -70.1723, -29.5257 ], [ -70.2988, -29.3761 ], [ -70.3654, -29.3699 ], [ -70.3938, -29.3987 ], [ -70.4592, -29.3818 ], [ -70.4679, -29.2396 ], [ -70.5503, -29.0447 ], [ -70.7236, -29.0571 ], [ -70.7316, -29.1049 ], [ -70.8021, -29.1389 ], [ -70.9071, -29.1304 ], [ -70.9742, -29.1774 ], [ -71.0083, -29.3189 ], [ -71.0597, -29.3566 ], [ -71.0941, -29.3554 ], [ -71.0857, -29.3063 ], [ -71.1834, -29.2839 ], [ -71.2, -29.1855 ], [ -71.2822, -29.1868 ], [ -71.3516, -29.1414 ], [ -71.4146, -29.1841 ], [ -71.4975, -29.1831 ], [ -71.5035, -29.1441 ], [ -71.4616, -29.1043 ], [ -71.5021, -29.0781 ], [ -71.4788, -29.0555 ], [ -71.4917, -28.9838 ], [ -71.5256, -28.9868 ], [ -71.5042, -28.9523 ], [ -71.5222, -28.9167 ], [ -71.4848, -28.8501 ], [ -71.3789, -28.7948 ], [ -71.365, -28.7422 ], [ -71.2959, -28.6804 ], [ -71.2798, -28.6326 ], [ -71.3157, -28.5676 ], [ -71.2581, -28.5415 ], [ -71.2586, -28.4628 ], [ -71.2124, -28.4598 ], [ -71.1926, -28.3821 ], [ -71.1612, -28.3615 ], [ -71.1983, -28.3028 ], [ -71.1537, -28.2291 ], [ -71.1825, -28.1036 ], [ -71.1439, -28.0817 ], [ -71.149, -27.9824 ], [ -71.0799, -27.7773 ], [ -71.0355, -27.7327 ], [ -71.051, -27.6883 ], [ -71.0318, -27.6588 ], [ -70.9964, -27.6892 ], [ -70.8981, -27.6208 ], [ -70.8858, -27.4858 ], [ -70.9673, -27.3706 ], [ -70.9309, -27.311 ], [ -70.9744, -27.1723 ], [ -70.9354, -27.1094 ], [ -70.8976, -27.1431 ], [ -70.8619, -27.1289 ], [ -70.8559, -27.0509 ], [ -70.8126, -27.0611 ], [ -70.8245, -27.035 ], [ -70.7889, -26.9954 ], [ -70.8339, -26.8783 ], [ -70.7811, -26.7764 ], [ -70.7381, -26.7566 ], [ -70.758, -26.7099 ], [ -70.6825, -26.5701 ], [ -70.7113, -26.5276 ], [ -70.6867, -26.4642 ], [ -70.6991, -26.3913 ], [ -70.6277, -26.3473 ], [ -70.6755, -26.2906 ], [ -70.6468, -26.2542 ], [ -70.6734, -26.2043 ], [ -70.6572, -26.061 ], [ -70.6146, -26.0581 ], [ -70.6051, -26.0041 ], [ -70.526, -26.0096 ], [ -70.3931, -25.9287 ], [ -70.3243, -25.9311 ], [ -70.301, -25.8961 ], [ -70.2647, -25.9307 ], [ -70.2404, -25.916 ], [ -70.0759, -25.965 ], [ -70.0229, -25.9198 ], [ -69.9084, -25.8944 ], [ -69.8543, -25.9452 ], [ -69.7565, -25.9173 ], [ -69.5121, -25.9512 ], [ -69.439, -25.8596 ], [ -69.3802, -25.8802 ], [ -69.2481, -25.8605 ], [ -69.095, -25.7974 ], [ -69.0582, -25.7276 ], [ -69.0947, -25.7199 ], [ -69.0506, -25.6348 ], [ -69.0848, -25.5841 ], [ -68.9958, -25.5054 ], [ -69.0358, -25.4422 ], [ -68.9874, -25.3768 ], [ -68.8217, -25.3701 ], [ -68.7822, -25.4029 ], [ -68.6822, -25.3692 ], [ -68.6574, -25.3035 ], [ -68.5787, -25.2858 ] ], [ [ -70.6295, -26.3491 ], [ -70.6295, -26.349 ], [ -70.6296, -26.3491 ], [ -70.6295, -26.3491 ] ] ] } },
{ "type": "Feature", "properties": { "codregion": 4 }, "geometry": { "type": "Polygon", "coordinates": [ [ [ -71.6678, -31.165 ], [ -71.6493, -30.9763 ], [ -71.6835, -30.9215 ], [ -71.715, -30.7158 ], [ -71.6801, -30.3475 ], [ -71.6273, -30.2373 ], [ -71.6073, -30.2983 ], [ -71.5397, -30.2975 ], [ -71.4982, -30.2719 ], [ -71.5094, -30.2537 ], [ -71.4786, -30.2432 ], [ -71.4485, -30.1655 ], [ -71.4301, -30.1956 ], [ -71.3936, -30.1831 ], [ -71.3713, -30.0784 ], [ -71.4169, -29.999 ], [ -71.3728, -29.9669 ], [ -71.3507, -29.9802 ], [ -71.3649, -29.9524 ], [ -71.3428, -29.9337 ], [ -71.3347, -29.9586 ], [ -71.2975, -29.9508 ], [ -71.2741, -29.9068 ], [ -71.2834, -29.8306 ], [ -71.3453, -29.7555 ], [ -71.3202, -29.6469 ], [ -71.2868, -29.6195 ], [ -71.3346, -29.5546 ], [ -71.3363, -29.4911 ], [ -71.3169, -29.4888 ], [ -71.3034, -29.4488 ], [ -71.3404, -29.4011 ], [ -71.3266, -29.3465 ], [ -71.4691, -29.2491 ], [ -71.4984, -29.1837 ], [ -71.4146, -29.1841 ], [ -71.3516, -29.1414 ], [ -71.2822, -29.1868 ], [ -71.2, -29.1855 ], [ -71.1834, -29.2839 ], [ -71.0857, -29.3063 ], [ -71.0941, -29.3554 ], [ -71.0597, -29.3566 ], [ -71.0083, -29.3189 ], [ -70.9742, -29.1774 ], [ -70.9071, -29.1304 ], [ -70.8021, -29.1389 ], [ -70.7316, -29.1049 ], [ -70.7236, -29.0571 ], [ -70.5503, -29.0447 ], [ -70.4679, -29.2396 ], [ -70.4592, -29.3818 ], [ -70.3938, -29.3987 ], [ -70.3654, -29.3699 ], [ -70.2988, -29.3761 ], [ -70.1723, -29.5257 ], [ -70.0859, -29.5351 ], [ -69.9516, -29.5009 ], [ -69.9398, -29.6546 ], [ -69.8774, -29.7264 ], [ -69.9136, -29.8008 ], [ -69.8767, -29.8624 ], [ -69.914, -30.0255 ], [ -69.9654, -30.0856 ], [ -69.937, -30.1201 ], [ -69.8827, -30.1091 ], [ -69.809, -30.1459 ], [ -69.8355, -30.2192 ], [ -69.8853, -30.2184 ], [ -69.8964, -30.3545 ], [ -70.0214, -30.397 ], [ -70.1542, -30.3465 ], [ -70.1172, -30.4318 ], [ -70.1951, -30.4923 ], [ -70.1909, -30.5492 ], [ -70.2466, -30.6335 ], [ -70.2455, -30.7284 ], [ -70.2883, -30.7882 ], [ -70.2797, -30.8311 ], [ -70.3231, -30.9297 ], [ -70.2695, -31.0438 ], [ -70.3217, -31.0432 ], [ -70.4017, -31.1683 ], [ -70.4565, -31.0844 ], [ -70.5242, -31.1889 ], [ -70.5665, -31.6005 ], [ -70.5065, -31.6521 ], [ -70.5133, -31.6899 ], [ -70.4667, -31.7012 ], [ -70.4606, -31.8436 ], [ -70.3747, -31.8859 ], [ -70.2799, -31.8839 ], [ -70.2094, -31.9595 ], [ -70.2881, -32.0511 ], [ -70.3538, -32.0257 ], [ -70.3879, -32.0434 ], [ -70.3352, -32.0699 ], [ -70.3408, -32.1102 ], [ -70.304, -32.1359 ], [ -70.3228, -32.2741 ], [ -70.3581, -32.2538 ], [ -70.4153, -32.2821 ], [ -70.4378, -32.2703 ], [ -70.4559, -32.1725 ], [ -70.5324, -32.1481 ], [ -70.5454, -32.1751 ], [ -70.6448, -32.139 ], [ -70.657, -32.0548 ], [ -70.6911, -32.0632 ], [ -70.7395, -32.0207 ], [ -70.9305, -32.0795 ], [ -70.9524, -32.048 ], [ -71.0411, -32.0324 ], [ -71.0305, -32.0731 ], [ -71.1351, -32.1517 ], [ -71.1817, -32.1711 ], [ -71.2218, -32.1273 ], [ -71.2557, -32.1722 ], [ -71.3385, -32.203 ], [ -71.4777, -32.155 ], [ -71.5032, -32.1809 ], [ -71.5415, -32.1773 ], [ -71.5126, -32.1214 ], [ -71.5238, -32.0042 ], [ -71.4906, -31.9683 ], [ -71.5272, -31.9492 ], [ -71.5005, -31.8708 ], [ -71.5596, -31.8486 ], [ -71.5051, -31.7696 ], [ -71.546, -31.739 ], [ -71.5817, -31.5945 ], [ -71.5695, -31.5002 ], [ -71.6678, -31.165 ] ] ] } },
{ "type": "Feature", "properties": { "codregion": 5 }, "geometry": { "type": "Polygon", "coordinates": [ [ [ -71.5754, -33.0267 ], [ -71.5467, -32.9888 ], [ -71.5517, -32.9288 ], [ -71.5071, -32.9116 ], [ -71.5477, -32.8089 ], [ -71.5381, -32.7669 ], [ -71.5183, -32.7844 ], [ -71.4905, -32.7701 ], [ -71.5095, -32.7114 ], [ -71.4707, -32.7116 ], [ -71.431, -32.6409 ], [ -71.4766, -32.5223 ], [ -71.434, -32.4947 ], [ -71.4067, -32.3971 ], [ -71.4708, -32.345 ], [ -71.4712, -32.2733 ], [ -71.5257, -32.2408 ], [ -71.5419, -32.1776 ], [ -71.5032, -32.1809 ], [ -71.4777, -32.155 ], [ -71.3385, -32.203 ], [ -71.2557, -32.1722 ], [ -71.2218, -32.1273 ], [ -71.1688, -32.1679 ], [ -71.0311, -32.0738 ], [ -71.04, -32.0321 ], [ -70.9524, -32.048 ], [ -70.9305, -32.0795 ], [ -70.7402, -32.0209 ], [ -70.7035, -32.0318 ], [ -70.6911, -32.0632 ], [ -70.657, -32.0548 ], [ -70.6465, -32.0728 ], [ -70.6448, -32.139 ], [ -70.5454, -32.1751 ], [ -70.5324, -32.1481 ], [ -70.4559, -32.1725 ], [ -70.4378, -32.2703 ], [ -70.4153, -32.2821 ], [ -70.3567, -32.2541 ], [ -70.225, -32.3224 ], [ -70.2365, -32.4287 ], [ -70.1487, -32.4659 ], [ -70.1231, -32.5365 ], [ -70.172, -32.6211 ], [ -70.1459, -32.6521 ], [ -70.1472, -32.7291 ], [ -70.0561, -32.8574 ], [ -69.9889, -32.901 ], [ -70.0302, -33.0191 ], [ -70.0812, -33.0287 ], [ -70.1558, -33.1131 ], [ -70.1996, -33.111 ], [ -70.2441, -33.1875 ], [ -70.2999, -33.1128 ], [ -70.3745, -33.1052 ], [ -70.4252, -33.0212 ], [ -70.5091, -33.0891 ], [ -70.6042, -32.9421 ], [ -70.7073, -32.9606 ], [ -70.7282, -32.9245 ], [ -70.8419, -32.9224 ], [ -70.9066, -32.9359 ], [ -70.9391, -32.9728 ], [ -71.0155, -32.9773 ], [ -71.0008, -33.0504 ], [ -71.0293, -33.0839 ], [ -70.9976, -33.1986 ], [ -71.0569, -33.2044 ], [ -71.0725, -33.2303 ], [ -71.2152, -33.2343 ], [ -71.2267, -33.2694 ], [ -71.1954, -33.3105 ], [ -71.2229, -33.3731 ], [ -71.2816, -33.4105 ], [ -71.3433, -33.4156 ], [ -71.3359, -33.6074 ], [ -71.4378, -33.6798 ], [ -71.3628, -33.759 ], [ -71.4287, -33.7891 ], [ -71.5454, -33.7651 ], [ -71.5563, -33.8722 ], [ -71.5808, -33.8668 ], [ -71.7224, -33.956 ], [ -71.7496, -33.9202 ], [ -71.7712, -33.9364 ], [ -71.809, -33.9073 ], [ -71.8401, -33.9228 ], [ -71.8295, -33.8594 ], [ -71.7937, -33.773 ], [ -71.6625, -33.7097 ], [ -71.6131, -33.5863 ], [ -71.6279, -33.5517 ], [ -71.6031, -33.543 ], [ -71.7098, -33.4251 ], [ -71.6953, -33.3667 ], [ -71.6547, -33.3516 ], [ -71.6522, -33.3029 ], [ -71.7078, -33.1995 ], [ -71.6846, -33.173 ], [ -71.7457, -33.0998 ], [ -71.6664, -33.0977 ], [ -71.6468, -33.0202 ], [ -71.6189, -33.0429 ], [ -71.5754, -33.0267 ] ], [ [ -71.3615, -33.029 ], [ -71.3612, -33.0291 ], [ -71.361, -33.0291 ], [ -71.3615, -33.029 ] ], [ [ -71.4707, -33.0674 ], [ -71.4705, -33.0671 ], [ -71.4706, -33.0673 ], [ -71.4707, -33.0674 ] ] ] } },
{ "type": "Feature", "properties": { "codregion": 13 }, "geometry": { "type": "Polygon", "coordinates": [ [ [ -70.7309, -32.9261 ], [ -70.7073, -32.9606 ], [ -70.5956, -32.9467 ], [ -70.5091, -33.0891 ], [ -70.4346, -33.0213 ], [ -70.4021, -33.0323 ], [ -70.3745, -33.1052 ], [ -70.3373, -33.0965 ], [ -70.2723, -33.1312 ], [ -70.2605, -33.1846 ], [ -70.1996, -33.111 ], [ -70.1558, -33.1131 ], [ -70.0936, -33.0514 ], [ -70.0521, -33.1353 ], [ -70.0642, -33.2058 ], [ -70.0266, -33.2349 ], [ -70.0387, -33.2702 ], [ -70.0061, -33.286 ], [ -70.0035, -33.3222 ], [ -69.9168, -33.267 ], [ -69.918, -33.2447 ], [ -69.9043, -33.2729 ], [ -69.7999, -33.2881 ], [ -69.7703, -33.3575 ], [ -69.7869, -33.3928 ], [ -69.8157, -33.3911 ], [ -69.7959, -33.4228 ], [ -69.8719, -33.5409 ], [ -69.8843, -33.6837 ], [ -69.8642, -33.7164 ], [ -69.9042, -33.7741 ], [ -69.8983, -33.8475 ], [ -69.8553, -33.8922 ], [ -69.9059, -33.9634 ], [ -69.8535, -33.9635 ], [ -69.8221, -34.0127 ], [ -69.8541, -34.0564 ], [ -69.834, -34.0862 ], [ -69.8732, -34.133 ], [ -69.8011, -34.1935 ], [ -69.8065, -34.248 ], [ -69.8965, -34.2655 ], [ -69.9093, -34.2906 ], [ -69.9708, -34.2499 ], [ -70.028, -34.2878 ], [ -70.0528, -34.2801 ], [ -70.0673, -34.2066 ], [ -70.1127, -34.2018 ], [ -70.1642, -34.1591 ], [ -70.1417, -34.1202 ], [ -70.1696, -34.0448 ], [ -70.2408, -34.0328 ], [ -70.2623, -34.0715 ], [ -70.3381, -34.0551 ], [ -70.3211, -33.9993 ], [ -70.3762, -33.9279 ], [ -70.3749, -33.8836 ], [ -70.439, -33.8506 ], [ -70.5026, -33.8629 ], [ -70.5173, -33.8885 ], [ -70.6, -33.8944 ], [ -70.6539, -33.9369 ], [ -70.7079, -33.9054 ], [ -70.7582, -33.9428 ], [ -70.7967, -33.9313 ], [ -70.8249, -33.9534 ], [ -70.7918, -33.993 ], [ -70.8076, -34.0253 ], [ -70.8888, -34.0386 ], [ -70.893, -34.0758 ], [ -70.9373, -34.09 ], [ -70.9142, -34.1447 ], [ -71.0715, -34.1841 ], [ -71.1848, -34.1584 ], [ -71.3007, -34.0303 ], [ -71.3902, -34.0759 ], [ -71.4484, -34.0144 ], [ -71.5665, -33.987 ], [ -71.5873, -34.034 ], [ -71.7119, -33.9664 ], [ -71.6915, -33.9282 ], [ -71.5563, -33.8722 ], [ -71.5461, -33.7655 ], [ -71.4287, -33.7891 ], [ -71.3628, -33.759 ], [ -71.4378, -33.6798 ], [ -71.3359, -33.6074 ], [ -71.3433, -33.4156 ], [ -71.2816, -33.4105 ], [ -71.2229, -33.3731 ], [ -71.1954, -33.3105 ], [ -71.2267, -33.2694 ], [ -71.2152, -33.2343 ], [ -71.0725, -33.2303 ], [ -71.0569, -33.2044 ], [ -70.9976, -33.1986 ], [ -71.0293, -33.0839 ], [ -71.0008, -33.0501 ], [ -71.0207, -32.9814 ], [ -70.9391, -32.9728 ], [ -70.9066, -32.9359 ], [ -70.8419, -32.9224 ], [ -70.7309, -32.9261 ] ] ] } },
{ "type": "Feature", "properties": { "codregion": 10 }, "geometry": { "type": "MultiPolygon", "coordinates": [ [ [ [ -74.7423, -43.5176 ], [ -74.5964, -43.5817 ], [ -74.5527, -43.6275 ], [ -74.6971, -43.6447 ], [ -74.7706, -43.6832 ], [ -74.8377, -43.5634 ], [ -74.7446, -43.5666 ], [ -74.7423, -43.5176 ] ] ], [ [ [ -74.2523, -43.3491 ], [ -74.2329, -43.4092 ], [ -74.2801, -43.4281 ], [ -74.2782, -43.3623 ], [ -74.2523, -43.3491 ] ] ], [ [ [ -73.7583, -43.3178 ], [ -73.662, -43.3533 ], [ -73.6814, -43.3921 ], [ -73.7729, -43.3842 ], [ -73.808, -43.3208 ], [ -73.7583, -43.3178 ] ] ], [ [ [ -73.7116, -43.1808 ], [ -73.662, -43.1945 ], [ -73.6678, -43.2475 ], [ -73.7436, -43.2048 ], [ -73.7116, -43.1808 ] ] ], [ [ [ -73.6175, -43.1645 ], [ -73.5701, -43.2489 ], [ -73.5752, -43.273 ], [ -73.6257, -43.2397 ], [ -73.6422, -43.1868 ], [ -73.6175, -43.1645 ] ] ], [ [ [ -73.554, -43.1388 ], [ -73.5486, -43.1692 ], [ -73.5083, -43.1758 ], [ -73.5191, -43.1413 ], [ -73.4971, -43.1737 ], [ -73.5852, -43.2039 ], [ -73.5606, -43.1873 ], [ -73.5852, -43.1412 ], [ -73.554, -43.1388 ] ] ], [ [ [ -73.5304, -42.9157 ], [ -73.3525, -42.9889 ], [ -73.3237, -43.0163 ], [ -73.4662, -42.9939 ], [ -73.5153, -42.9745 ], [ -73.5252, -42.945 ], [ -73.569, -42.9593 ], [ -73.5742, -42.9364 ], [ -73.6041, -42.9328 ], [ -73.5304, -42.9157 ] ] ], [ [ [ -73.0196, -42.6939 ], [ -72.9802, -42.7376 ], [ -72.924, -42.7242 ], [ -72.9178, -42.7827 ], [ -72.9701, -42.7524 ], [ -72.9523, -42.7968 ], [ -72.937, -42.7857 ], [ -72.9494, -42.8093 ], [ -73.0314, -42.7198 ], [ -73.0196, -42.6939 ] ] ], [ [ [ -73.3577, -42.6323 ], [ -73.2345, -42.6339 ], [ -73.2407, -42.6623 ], [ -73.3577, -42.6323 ] ] ], [ [ [ -73.5059, -42.6064 ], [ -73.4228, -42.623 ], [ -73.4714, -42.6485 ], [ -73.53, -42.6472 ], [ -73.543, -42.6292 ], [ -73.5046, -42.6203 ], [ -73.4817, -42.6431 ], [ -73.5059, -42.6064 ] ] ], [ [ [ -73.593, -42.571 ], [ -73.5656, -42.618 ], [ -73.5791, -42.6743 ], [ -73.5192, -42.6801 ], [ -73.5763, -42.7085 ], [ -73.596, -42.6521 ], [ -73.6611, -42.6391 ], [ -73.7019, -42.6553 ], [ -73.7436, -42.6302 ], [ -73.7206, -42.5961 ], [ -73.6781, -42.6028 ], [ -73.593, -42.571 ] ] ], [ [ [ -73.5961, -42.3823 ], [ -73.5143, -42.4024 ], [ -73.5131, -42.4575 ], [ -73.3956, -42.5407 ], [ -73.3882, -42.5839 ], [ -73.4426, -42.5721 ], [ -73.4353, -42.5407 ], [ -73.4069, -42.5509 ], [ -73.5089, -42.5078 ], [ -73.5389, -42.4687 ], [ -73.6383, -42.4692 ], [ -73.6036, -42.4382 ], [ -73.6581, -42.3901 ], [ -73.5961, -42.3823 ] ] ], [ [ [ -73.0609, -42.2714 ], [ -73.0601, -42.299 ], [ -73.1309, -42.3429 ], [ -73.1728, -42.2682 ], [ -73.1351, -42.2897 ], [ -73.1458, -42.3028 ], [ -73.1136, -42.2889 ], [ -73.1267, -42.277 ], [ -73.1015, -42.2809 ], [ -73.1229, -42.2693 ], [ -73.1383, -42.279 ], [ -73.109, -42.2578 ], [ -73.0609, -42.2714 ] ] ], [ [ [ -73.3869, -42.108 ], [ -73.3576, -42.1824 ], [ -73.4608, -42.1419 ], [ -73.3869, -42.108 ] ] ], [ [ [ -72.5362, -42.0735 ], [ -72.4772, -42.0897 ], [ -72.4899, -42.1699 ], [ -72.6089, -42.134 ], [ -72.57, -42.0781 ], [ -72.5579, -42.1037 ], [ -72.5362, -42.0735 ] ] ], [ [ [ -73.8805, -41.7824 ], [ -73.9115, -41.7955 ], [ -73.853, -41.8297 ], [ -73.8792, -41.8558 ], [ -73.8984, -41.8266 ], [ -73.9194, -41.8539 ], [ -73.9323, -41.823 ], [ -73.973, -41.8352 ], [ -73.9729, -41.8178 ], [ -73.9968, -41.8532 ], [ -73.856, -41.8828 ], [ -73.8155, -41.8582 ], [ -73.7898, -41.8792 ], [ -73.6683, -41.7988 ], [ -73.6235, -41.8258 ], [ -73.5881, -41.7933 ], [ -73.4763, -41.8323 ], [ -73.5324, -41.8769 ], [ -73.4704, -41.9051 ], [ -73.5275, -41.893 ], [ -73.5091, -41.9243 ], [ -73.5437, -41.9263 ], [ -73.5628, -41.954 ], [ -73.5212, -41.9679 ], [ -73.5177, -41.9511 ], [ -73.4833, -42.0179 ], [ -73.4144, -42.073 ], [ -73.4325, -42.1142 ], [ -73.4635, -42.126 ], [ -73.4827, -42.1114 ], [ -73.4876, -42.1617 ], [ -73.4231, -42.1779 ], [ -73.3981, -42.211 ], [ -73.3624, -42.2078 ], [ -73.3603, -42.2414 ], [ -73.384, -42.2407 ], [ -73.4088, -42.2606 ], [ -73.3772, -42.244 ], [ -73.3371, -42.2657 ], [ -73.3557, -42.3384 ], [ -73.4345, -42.33 ], [ -73.4332, -42.3079 ], [ -73.4712, -42.3439 ], [ -73.5447, -42.3338 ], [ -73.6687, -42.387 ], [ -73.6407, -42.4362 ], [ -73.6837, -42.4801 ], [ -73.5763, -42.5348 ], [ -73.6292, -42.524 ], [ -73.6395, -42.547 ], [ -73.7199, -42.5693 ], [ -73.7385, -42.5381 ], [ -73.7833, -42.5337 ], [ -73.7435, -42.5178 ], [ -73.7232, -42.4603 ], [ -73.7251, -42.4245 ], [ -73.7574, -42.4261 ], [ -73.7477, -42.4749 ], [ -73.7669, -42.4645 ], [ -73.8045, -42.5389 ], [ -73.7499, -42.5524 ], [ -73.7879, -42.6113 ], [ -73.7058, -42.6644 ], [ -73.6594, -42.6657 ], [ -73.6814, -42.6944 ], [ -73.632, -42.7015 ], [ -73.6084, -42.75 ], [ -73.5466, -42.755 ], [ -73.4879, -42.7925 ], [ -73.463, -42.8832 ], [ -73.4856, -42.903 ], [ -73.477, -42.8756 ], [ -73.4937, -42.862 ], [ -73.4876, -42.8854 ], [ -73.5088, -42.8698 ], [ -73.5703, -42.8879 ], [ -73.6116, -42.8033 ], [ -73.6225, -42.8471 ], [ -73.6526, -42.848 ], [ -73.6047, -42.8524 ], [ -73.5862, -42.8898 ], [ -73.6317, -42.8856 ], [ -73.657, -42.854 ], [ -73.7522, -42.8499 ], [ -73.6167, -42.9172 ], [ -73.6162, -42.942 ], [ -73.6457, -42.9424 ], [ -73.5909, -42.9548 ], [ -73.6176, -42.9776 ], [ -73.545, -42.9738 ], [ -73.5098, -43.07 ], [ -73.5721, -43.0328 ], [ -73.6222, -43.0536 ], [ -73.5174, -43.0728 ], [ -73.478, -43.1313 ], [ -73.4908, -43.1439 ], [ -73.5327, -43.1251 ], [ -73.5424, -43.1 ], [ -73.5434, -43.1219 ], [ -73.6318, -43.1177 ], [ -73.6267, -43.1447 ], [ -73.6999, -43.1513 ], [ -73.7174, -43.0926 ], [ -73.7307, -43.0941 ], [ -73.7519, -43.2054 ], [ -73.6744, -43.2668 ], [ -73.6607, -43.3183 ], [ -73.7948, -43.3134 ], [ -73.876, -43.2802 ], [ -73.8096, -43.3126 ], [ -73.811, -43.3346 ], [ -73.7944, -43.3536 ], [ -73.792, -43.4104 ], [ -73.825, -43.4015 ], [ -73.8474, -43.4289 ], [ -73.8854, -43.4207 ], [ -73.9264, -43.3701 ], [ -73.9797, -43.3609 ], [ -74.0042, -43.3908 ], [ -74.0218, -43.3507 ], [ -74.1038, -43.3924 ], [ -74.1438, -43.3489 ], [ -74.299, -43.3269 ], [ -74.3271, -43.2925 ], [ -74.3658, -43.2923 ], [ -74.4069, -43.2612 ], [ -74.3482, -43.1489 ], [ -74.3065, -43.1357 ], [ -74.3362, -43.1172 ], [ -74.3241, -43.0765 ], [ -74.2896, -43.0807 ], [ -74.2252, -43.0279 ], [ -74.2658, -42.9926 ], [ -74.2069, -42.9683 ], [ -74.2278, -42.9178 ], [ -74.1716, -42.904 ], [ -74.152, -42.855 ], [ -74.1681, -42.7668 ], [ -74.1442, -42.76 ], [ -74.1585, -42.7176 ], [ -74.1255, -42.7011 ], [ -74.1217, -42.646 ], [ -74.1571, -42.5415 ], [ -74.1996, -42.5148 ], [ -74.1404, -42.3307 ], [ -74.1727, -42.2678 ], [ -74.1356, -42.1989 ], [ -74.0536, -42.1453 ], [ -74.0583, -42.0966 ], [ -74.0283, -42.0685 ], [ -74.055, -41.9685 ], [ -74.0247, -41.9488 ], [ -74.057, -41.9375 ], [ -73.9942, -41.9035 ], [ -74.0571, -41.8382 ], [ -74.0529, -41.8026 ], [ -74.0296, -41.8069 ], [ -74.0029, -41.7733 ], [ -73.9544, -41.7969 ], [ -73.9013, -41.7667 ], [ -73.8805, -41.7824 ] ] ], [ [ [ -73.0502, -41.7446 ], [ -72.9914, -41.8233 ], [ -72.9946, -41.8629 ], [ -73.031, -41.8631 ], [ -73.1153, -41.8062 ], [ -73.0721, -41.8198 ], [ -73.0868, -41.7914 ], [ -73.0446, -41.8213 ], [ -73.0979, -41.7727 ], [ -73.0659, -41.7748 ], [ -73.0873, -41.7478 ], [ -73.0502, -41.7446 ] ] ], [ [ [ -72.9601, -41.6594 ], [ -72.9014, -41.6787 ], [ -72.8864, -41.6989 ], [ -72.9239, -41.6903 ], [ -72.9079, -41.7094 ], [ -72.9292, -41.7123 ], [ -72.9631, -41.6946 ], [ -72.9534, -41.7249 ], [ -72.9856, -41.7216 ], [ -72.9925, -41.6689 ], [ -72.9601, -41.6594 ] ] ], [ [ [ -72.8503, -41.4956 ], [ -72.9395, -41.4729 ], [ -73.0415, -41.5193 ], [ -73.0313, -41.5616 ], [ -73.0974, -41.5922 ], [ -73.0643, -41.6135 ], [ -73.0866, -41.6196 ], [ -73.0376, -41.7044 ], [ -73.061, -41.7215 ], [ -73.0977, -41.6992 ], [ -73.0936, -41.7295 ], [ -73.1354, -41.7546 ], [ -73.1599, -41.739 ], [ -73.1503, -41.7042 ], [ -73.1717, -41.741 ], [ -73.127, -41.7634 ], [ -73.1902, -41.7826 ], [ -73.1582, -41.7767 ], [ -73.1604, -41.791 ], [ -73.2347, -41.8016 ], [ -73.2331, -41.7723 ], [ -73.2612, -41.7876 ], [ -73.4069, -41.7643 ], [ -73.3477, -41.8137 ], [ -73.4202, -41.7826 ], [ -73.4797, -41.7994 ], [ -73.5515, -41.7696 ], [ -73.7635, -41.742 ], [ -73.7217, -41.7299 ], [ -73.6864, -41.6653 ], [ -73.6971, -41.6337 ], [ -73.6698, -41.6406 ], [ -73.6506, -41.6029 ], [ -73.5519, -41.6378 ], [ -73.5735, -41.6179 ], [ -73.5147, -41.6068 ], [ -73.481, -41.5259 ], [ -73.4191, -41.5078 ], [ -73.373, -41.524 ], [ -73.4062, -41.5044 ], [ -73.3469, -41.5239 ], [ -73.3293, -41.5036 ], [ -73.3398, -41.4814 ], [ -73.3474, -41.5222 ], [ -73.4154, -41.4955 ], [ -73.4771, -41.5143 ], [ -73.5289, -41.5883 ], [ -73.5651, -41.5812 ], [ -73.6017, -41.6062 ], [ -73.6547, -41.5855 ], [ -73.6405, -41.5625 ], [ -73.7048, -41.4936 ], [ -73.6724, -41.5803 ], [ -73.7006, -41.5737 ], [ -73.6587, -41.589 ], [ -73.6745, -41.6021 ], [ -73.7506, -41.5587 ], [ -73.7889, -41.5864 ], [ -73.7987, -41.5062 ], [ -73.854, -41.4637 ], [ -73.8306, -41.3337 ], [ -73.9193, -41.1446 ], [ -73.9056, -41.1246 ], [ -73.946, -40.9849 ], [ -73.848, -40.9213 ], [ -73.8868, -40.8601 ], [ -73.8305, -40.7219 ], [ -73.8028, -40.718 ], [ -73.8336, -40.6667 ], [ -73.7561, -40.6201 ], [ -73.716, -40.5548 ], [ -73.7785, -40.4555 ], [ -73.7481, -40.4421 ], [ -73.7488, -40.2866 ], [ -73.6982, -40.2371 ], [ -73.6718, -40.2768 ], [ -73.6001, -40.3013 ], [ -73.4543, -40.2701 ], [ -73.4058, -40.3379 ], [ -73.1487, -40.361 ], [ -73.0778, -40.3452 ], [ -72.9071, -40.4406 ], [ -72.8921, -40.5069 ], [ -72.8145, -40.5455 ], [ -72.7806, -40.5967 ], [ -72.6572, -40.6245 ], [ -72.6069, -40.6811 ], [ -72.4375, -40.6541 ], [ -72.3348, -40.6758 ], [ -72.2865, -40.6463 ], [ -72.1989, -40.6716 ], [ -72.1, -40.6635 ], [ -72.0521, -40.63 ], [ -71.9703, -40.6348 ], [ -71.8808, -40.5671 ], [ -71.8552, -40.5922 ], [ -71.8254, -40.5776 ], [ -71.8681, -40.6628 ], [ -71.9622, -40.7184 ], [ -71.965, -40.7456 ], [ -71.9201, -40.7854 ], [ -71.9342, -40.8221 ], [ -71.9087, -40.8568 ], [ -71.8588, -40.8811 ], [ -71.8565, -40.9588 ], [ -71.8987, -40.9587 ], [ -71.9052, -40.9852 ], [ -71.8181, -41.0625 ], [ -71.8512, -41.0987 ], [ -71.8398, -41.1504 ], [ -71.8867, -41.161 ], [ -71.8339, -41.2717 ], [ -71.8989, -41.2555 ], [ -71.8762, -41.3088 ], [ -71.9095, -41.3586 ], [ -71.8363, -41.4327 ], [ -71.8523, -41.5155 ], [ -71.8176, -41.5755 ], [ -71.848, -41.5663 ], [ -71.8855, -41.6056 ], [ -71.7943, -41.6943 ], [ -71.81, -41.7207 ], [ -71.753, -41.7855 ], [ -71.7731, -41.795 ], [ -71.7508, -41.8247 ], [ -71.7974, -41.8429 ], [ -71.7722, -41.9295 ], [ -71.7944, -41.9616 ], [ -71.7567, -42.0369 ], [ -71.7276, -42.0448 ], [ -71.7251, -42.1101 ], [ -71.7817, -42.1481 ], [ -71.8742, -42.1549 ], [ -71.9162, -42.1894 ], [ -71.9577, -42.1407 ], [ -72.0535, -42.1141 ], [ -72.0803, -42.1306 ], [ -72.0672, -42.1474 ], [ -72.1752, -42.1419 ], [ -72.1679, -42.2599 ], [ -72.1213, -42.3232 ], [ -72.131, -42.3841 ], [ -72.1126, -42.3987 ], [ -72.0758, -42.3827 ], [ -72.0274, -42.408 ], [ -72.0471, -42.4524 ], [ -72.0105, -42.4883 ], [ -72.0555, -42.5699 ], [ -72.1167, -42.6025 ], [ -72.0969, -42.6419 ], [ -72.136, -42.6802 ], [ -72.1713, -42.6712 ], [ -72.1787, -42.6955 ], [ -72.1287, -42.7314 ], [ -72.131, -42.7767 ], [ -72.165, -42.7986 ], [ -72.1193, -42.8756 ], [ -72.1425, -42.8988 ], [ -72.1168, -42.9367 ], [ -72.0727, -42.9501 ], [ -72.0018, -43.0381 ], [ -71.9353, -43.0539 ], [ -71.9329, -43.1019 ], [ -71.7603, -43.1648 ], [ -71.7296, -43.1985 ], [ -71.7571, -43.2282 ], [ -71.7342, -43.3125 ], [ -71.7871, -43.2965 ], [ -71.8393, -43.3341 ], [ -71.9033, -43.321 ], [ -71.8909, -43.3815 ], [ -71.933, -43.3862 ], [ -71.9132, -43.4166 ], [ -71.9307, -43.4566 ], [ -71.8807, -43.4513 ], [ -71.8479, -43.4835 ], [ -71.8913, -43.5104 ], [ -71.8768, -43.5487 ], [ -71.7766, -43.5386 ], [ -71.7598, -43.5839 ], [ -71.7076, -43.5844 ], [ -71.7029, -43.6255 ], [ -71.6268, -43.6237 ], [ -71.5811, -43.6518 ], [ -71.6119, -43.6759 ], [ -71.5998, -43.6973 ], [ -71.6616, -43.7033 ], [ -71.7538, -43.7879 ], [ -71.7637, -43.8407 ], [ -71.7082, -43.8549 ], [ -71.7069, -43.8945 ], [ -71.6654, -43.9022 ], [ -71.6487, -43.9455 ], [ -71.7368, -44.067 ], [ -71.7902, -44.0551 ], [ -71.8265, -43.9999 ], [ -71.8075, -43.9549 ], [ -71.8566, -43.9292 ], [ -71.9101, -43.9406 ], [ -71.9694, -43.9253 ], [ -71.9556, -43.9462 ], [ -71.9788, -43.9669 ], [ -72.0438, -43.9363 ], [ -72.0775, -43.9557 ], [ -72.1079, -43.9338 ], [ -72.0812, -43.8971 ], [ -72.1198, -43.8775 ], [ -72.1811, -43.8948 ], [ -72.1933, -43.8424 ], [ -72.2775, -43.8351 ], [ -72.2403, -43.8074 ], [ -72.304, -43.7799 ], [ -72.271, -43.7614 ], [ -72.3344, -43.674 ], [ -72.4032, -43.69 ], [ -72.4225, -43.7297 ], [ -72.4758, -43.7353 ], [ -72.5014, -43.7967 ], [ -72.6121, -43.755 ], [ -72.6618, -43.7773 ], [ -72.7636, -43.77 ], [ -72.7999, -43.7404 ], [ -72.7666, -43.6854 ], [ -72.8073, -43.6381 ], [ -72.8547, -43.7403 ], [ -72.8938, -43.7381 ], [ -72.9377, -43.697 ], [ -73.0485, -43.7382 ], [ -72.9659, -43.6828 ], [ -72.9491, -43.6365 ], [ -72.8749, -43.6114 ], [ -72.8829, -43.5773 ], [ -72.9128, -43.6061 ], [ -72.9995, -43.5942 ], [ -73.05, -43.5317 ], [ -73.0913, -43.4674 ], [ -73.051, -43.3949 ], [ -73.0627, -43.3227 ], [ -72.9802, -43.2673 ], [ -72.8706, -43.2332 ], [ -72.9142, -43.1305 ], [ -72.8583, -43.0287 ], [ -72.7804, -43.0288 ], [ -72.7725, -43.0587 ], [ -72.6923, -43.1052 ], [ -72.8167, -42.9513 ], [ -72.8077, -42.9332 ], [ -72.7235, -42.9718 ], [ -72.7125, -42.9132 ], [ -72.8337, -42.8355 ], [ -72.8561, -42.7665 ], [ -72.8413, -42.7047 ], [ -72.8107, -42.7163 ], [ -72.7993, -42.699 ], [ -72.854, -42.6197 ], [ -72.8119, -42.5102 ], [ -72.6749, -42.5208 ], [ -72.5533, -42.5816 ], [ -72.4901, -42.578 ], [ -72.4974, -42.5475 ], [ -72.507, -42.5714 ], [ -72.5339, -42.5574 ], [ -72.5199, -42.5453 ], [ -72.6306, -42.5131 ], [ -72.6969, -42.4441 ], [ -72.6993, -42.4079 ], [ -72.7654, -42.3768 ], [ -72.7845, -42.31 ], [ -72.8203, -42.3233 ], [ -72.8376, -42.294 ], [ -72.7681, -42.2431 ], [ -72.7404, -42.2535 ], [ -72.7363, -42.2251 ], [ -72.6703, -42.225 ], [ -72.5815, -42.1884 ], [ -72.5141, -42.2449 ], [ -72.5089, -42.3455 ], [ -72.4471, -42.4169 ], [ -72.4485, -42.4977 ], [ -72.4224, -42.4802 ], [ -72.3902, -42.4892 ], [ -72.419, -42.4443 ], [ -72.4153, -42.3736 ], [ -72.4703, -42.3005 ], [ -72.4462, -42.2697 ], [ -72.3715, -42.2494 ], [ -72.4467, -42.2568 ], [ -72.46, -42.2007 ], [ -72.4432, -42.1653 ], [ -72.3476, -42.1704 ], [ -72.4478, -42.1639 ], [ -72.4646, -42.1443 ], [ -72.4289, -41.9748 ], [ -72.4938, -41.9695 ], [ -72.535, -42.0435 ], [ -72.5869, -42.0441 ], [ -72.599, -42.0064 ], [ -72.6144, -42.043 ], [ -72.6428, -42.0372 ], [ -72.6276, -42.015 ], [ -72.683, -42.0028 ], [ -72.6887, -42.0313 ], [ -72.8107, -41.9726 ], [ -72.8032, -41.9409 ], [ -72.8779, -41.9141 ], [ -72.7901, -41.8699 ], [ -72.7899, -41.8373 ], [ -72.6486, -41.7313 ], [ -72.5875, -41.7478 ], [ -72.4648, -41.7255 ], [ -72.3157, -41.6558 ], [ -72.3234, -41.5952 ], [ -72.2817, -41.5058 ], [ -72.3149, -41.494 ], [ -72.3108, -41.4662 ], [ -72.2754, -41.3919 ], [ -72.3174, -41.3699 ], [ -72.3317, -41.3942 ], [ -72.301, -41.423 ], [ -72.3868, -41.6611 ], [ -72.57, -41.7153 ], [ -72.6479, -41.6965 ], [ -72.6693, -41.6173 ], [ -72.7056, -41.5995 ], [ -72.7391, -41.5331 ], [ -72.7519, -41.5549 ], [ -72.8235, -41.4854 ], [ -72.8503, -41.4956 ] ], [ [ -73.194, -41.7748 ], [ -73.1945, -41.7764 ], [ -73.1928, -41.7782 ], [ -73.194, -41.7748 ] ] ] ] } },
{ "type": "Feature", "properties": { "codregion": 14 }, "geometry": { "type": "MultiPolygon", "coordinates": [ [ [ [ -73.3076, -39.8581 ], [ -73.2575, -39.8992 ], [ -73.2859, -39.9461 ], [ -73.3293, -39.9311 ], [ -73.3314, -39.9072 ], [ -73.3446, -39.9016 ], [ -73.321, -39.8988 ], [ -73.3797, -39.884 ], [ -73.3076, -39.8581 ] ] ], [ [ [ -72.863, -39.2881 ], [ -72.8335, -39.3158 ], [ -72.9002, -39.3812 ], [ -72.8963, -39.4328 ], [ -72.8574, -39.3972 ], [ -72.8392, -39.4137 ], [ -72.7932, -39.4049 ], [ -72.7894, -39.4323 ], [ -72.6886, -39.4329 ], [ -72.6579, -39.4602 ], [ -72.5323, -39.4337 ], [ -72.517, -39.477 ], [ -72.4399, -39.4748 ], [ -72.3432, -39.5092 ], [ -72.2197, -39.4671 ], [ -72.2702, -39.5111 ], [ -72.2152, -39.531 ], [ -72.1178, -39.5107 ], [ -71.927, -39.4207 ], [ -71.8613, -39.4351 ], [ -71.8421, -39.4698 ], [ -71.7619, -39.508 ], [ -71.7026, -39.5031 ], [ -71.679, -39.5656 ], [ -71.7158, -39.6493 ], [ -71.6691, -39.6823 ], [ -71.7121, -39.7245 ], [ -71.6669, -39.8076 ], [ -71.6906, -39.8429 ], [ -71.6712, -39.8636 ], [ -71.6363, -39.8585 ], [ -71.592, -39.9123 ], [ -71.6878, -40.0324 ], [ -71.6739, -40.1049 ], [ -71.6977, -40.1179 ], [ -71.827, -40.091 ], [ -71.7991, -40.1376 ], [ -71.8285, -40.1732 ], [ -71.7978, -40.1874 ], [ -71.8295, -40.2169 ], [ -71.7545, -40.3031 ], [ -71.7167, -40.2787 ], [ -71.6842, -40.2936 ], [ -71.6566, -40.3637 ], [ -71.6937, -40.3731 ], [ -71.6927, -40.4048 ], [ -71.7409, -40.4372 ], [ -71.7939, -40.4073 ], [ -71.825, -40.42 ], [ -71.8584, -40.5545 ], [ -71.8891, -40.5514 ], [ -71.8814, -40.5808 ], [ -71.9291, -40.5909 ], [ -71.9703, -40.6348 ], [ -72.0521, -40.63 ], [ -72.0792, -40.6605 ], [ -72.1989, -40.6716 ], [ -72.2865, -40.6463 ], [ -72.3348, -40.6758 ], [ -72.4375, -40.6541 ], [ -72.6069, -40.6811 ], [ -72.6572, -40.6245 ], [ -72.7806, -40.5967 ], [ -72.8145, -40.5455 ], [ -72.8921, -40.5069 ], [ -72.9071, -40.4406 ], [ -73.0778, -40.3452 ], [ -73.1487, -40.361 ], [ -73.4058, -40.3379 ], [ -73.4543, -40.2701 ], [ -73.5972, -40.3017 ], [ -73.6718, -40.2768 ], [ -73.6829, -40.2392 ], [ -73.7225, -40.2357 ], [ -73.7248, -40.1997 ], [ -73.6529, -40.1339 ], [ -73.6646, -40.0509 ], [ -73.707, -40.0058 ], [ -73.677, -39.9642 ], [ -73.5928, -39.957 ], [ -73.5925, -39.9313 ], [ -73.5151, -39.9154 ], [ -73.4686, -39.8518 ], [ -73.4247, -39.8696 ], [ -73.4164, -39.936 ], [ -73.4022, -39.9199 ], [ -73.3772, -39.9429 ], [ -73.376, -39.8943 ], [ -73.3387, -39.9123 ], [ -73.3268, -39.952 ], [ -73.2964, -39.9542 ], [ -73.3031, -39.9707 ], [ -73.2894, -39.9832 ], [ -73.3024, -39.971 ], [ -73.2934, -39.959 ], [ -73.296, -39.9527 ], [ -73.3057, -39.9461 ], [ -73.2856, -39.9487 ], [ -73.272, -39.9394 ], [ -73.257, -39.9056 ], [ -73.2216, -39.9377 ], [ -73.2581, -39.8727 ], [ -73.2072, -39.8929 ], [ -73.1732, -39.8876 ], [ -73.1676, -39.912 ], [ -73.13, -39.9292 ], [ -73.1551, -39.9111 ], [ -73.1364, -39.8857 ], [ -73.1882, -39.8561 ], [ -73.1753, -39.8838 ], [ -73.2049, -39.8916 ], [ -73.2261, -39.8593 ], [ -73.2423, -39.8765 ], [ -73.2403, -39.8535 ], [ -73.2635, -39.8723 ], [ -73.2677, -39.8414 ], [ -73.2456, -39.809 ], [ -73.2254, -39.8235 ], [ -73.2143, -39.8207 ], [ -73.1923, -39.7853 ], [ -73.1625, -39.804 ], [ -73.1886, -39.7824 ], [ -73.211, -39.7932 ], [ -73.221, -39.8194 ], [ -73.2553, -39.7988 ], [ -73.2532, -39.7778 ], [ -73.2365, -39.79 ], [ -73.2342, -39.7312 ], [ -73.1254, -39.7056 ], [ -73.1058, -39.6888 ], [ -73.0837, -39.7055 ], [ -73.087, -39.6871 ], [ -73.114, -39.6866 ], [ -73.1327, -39.7035 ], [ -73.1861, -39.6923 ], [ -73.1165, -39.6436 ], [ -73.1613, -39.6614 ], [ -73.1225, -39.6133 ], [ -73.1637, -39.6637 ], [ -73.1658, -39.6219 ], [ -73.1802, -39.6347 ], [ -73.1618, -39.6167 ], [ -73.1372, -39.6077 ], [ -73.1277, -39.595 ], [ -73.1564, -39.6088 ], [ -73.1747, -39.6275 ], [ -73.1632, -39.5922 ], [ -73.1904, -39.6233 ], [ -73.1799, -39.6707 ], [ -73.2372, -39.6665 ], [ -73.2001, -39.6822 ], [ -73.2217, -39.7191 ], [ -73.2418, -39.6918 ], [ -73.2411, -39.719 ], [ -73.2981, -39.7467 ], [ -73.2601, -39.7593 ], [ -73.2853, -39.8562 ], [ -73.2913, -39.832 ], [ -73.3111, -39.8387 ], [ -73.2934, -39.8515 ], [ -73.3288, -39.8557 ], [ -73.3471, -39.8094 ], [ -73.334, -39.8568 ], [ -73.4001, -39.8749 ], [ -73.4051, -39.6944 ], [ -73.3526, -39.6738 ], [ -73.3606, -39.6558 ], [ -73.2821, -39.5881 ], [ -73.2889, -39.5552 ], [ -73.253, -39.5387 ], [ -73.2659, -39.4585 ], [ -73.2156, -39.4309 ], [ -73.2426, -39.3902 ], [ -73.1599, -39.4159 ], [ -73.0864, -39.3887 ], [ -73.0234, -39.2979 ], [ -72.946, -39.3172 ], [ -72.863, -39.2881 ] ] ] ] } },
{ "type": "Feature", "properties": { "codregion": 9 }, "geometry": { "type": "Polygon", "coordinates": [ [ [ -72.7731, -37.59 ], [ -72.7272, -37.626 ], [ -72.6533, -37.6206 ], [ -72.632, -37.6689 ], [ -72.4936, -37.6457 ], [ -72.4794, -37.7479 ], [ -72.401, -37.8419 ], [ -72.3177, -37.8815 ], [ -72.2452, -37.8784 ], [ -72.1291, -37.953 ], [ -72.102, -37.9987 ], [ -72.0491, -38.0141 ], [ -71.9663, -37.9939 ], [ -71.879, -38.0783 ], [ -71.7765, -38.0303 ], [ -71.7342, -38.0432 ], [ -71.698, -38.0842 ], [ -71.7214, -38.1462 ], [ -71.6939, -38.1691 ], [ -71.7155, -38.21 ], [ -71.6879, -38.2499 ], [ -71.7093, -38.2659 ], [ -71.6493, -38.3143 ], [ -71.6086, -38.2408 ], [ -71.5536, -38.2461 ], [ -71.5318, -38.204 ], [ -71.436, -38.1769 ], [ -71.4131, -38.1072 ], [ -71.3773, -38.0853 ], [ -71.2828, -38.1104 ], [ -71.0853, -38.0896 ], [ -70.9955, -38.1707 ], [ -71.0325, -38.2494 ], [ -70.997, -38.2914 ], [ -70.9837, -38.4306 ], [ -70.8417, -38.5395 ], [ -70.8275, -38.5964 ], [ -70.9033, -38.6678 ], [ -70.8835, -38.7017 ], [ -70.925, -38.7635 ], [ -71.0956, -38.7549 ], [ -71.1858, -38.8145 ], [ -71.2384, -38.8022 ], [ -71.2958, -38.8719 ], [ -71.4335, -38.9291 ], [ -71.4404, -38.9778 ], [ -71.3971, -39.046 ], [ -71.4211, -39.1511 ], [ -71.3736, -39.2824 ], [ -71.3994, -39.3497 ], [ -71.4575, -39.3716 ], [ -71.4477, -39.4507 ], [ -71.4731, -39.492 ], [ -71.5341, -39.5272 ], [ -71.5048, -39.5583 ], [ -71.4672, -39.5571 ], [ -71.5026, -39.6371 ], [ -71.6095, -39.6279 ], [ -71.6236, -39.5924 ], [ -71.696, -39.563 ], [ -71.7042, -39.5018 ], [ -71.7619, -39.508 ], [ -71.8421, -39.4698 ], [ -71.8613, -39.4351 ], [ -71.9224, -39.421 ], [ -72.1178, -39.5107 ], [ -72.2152, -39.531 ], [ -72.2702, -39.5111 ], [ -72.2197, -39.4671 ], [ -72.3432, -39.5092 ], [ -72.4399, -39.4748 ], [ -72.517, -39.477 ], [ -72.5323, -39.4337 ], [ -72.6579, -39.4602 ], [ -72.6886, -39.4329 ], [ -72.7894, -39.4323 ], [ -72.7932, -39.4049 ], [ -72.8392, -39.4137 ], [ -72.8574, -39.3972 ], [ -72.8967, -39.4326 ], [ -72.9002, -39.3812 ], [ -72.8335, -39.3158 ], [ -72.8582, -39.2882 ], [ -72.908, -39.2894 ], [ -72.946, -39.3172 ], [ -73.0234, -39.2979 ], [ -73.0864, -39.3887 ], [ -73.1599, -39.4159 ], [ -73.2427, -39.3902 ], [ -73.2045, -39.3757 ], [ -73.2254, -39.2545 ], [ -73.3191, -38.9879 ], [ -73.4884, -38.6575 ], [ -73.519, -38.4816 ], [ -73.4737, -38.473 ], [ -73.3825, -38.3986 ], [ -73.3203, -38.4375 ], [ -73.3213, -38.4823 ], [ -73.2746, -38.49 ], [ -73.2721, -38.4354 ], [ -73.3088, -38.4121 ], [ -73.3079, -38.3747 ], [ -73.3408, -38.3668 ], [ -73.3288, -38.3431 ], [ -73.2222, -38.2719 ], [ -73.2014, -38.2312 ], [ -73.1383, -38.2156 ], [ -73.1319, -38.184 ], [ -73.0776, -38.1769 ], [ -73.0806, -38.0957 ], [ -73.2062, -38.0407 ], [ -73.1848, -37.9867 ], [ -73.12, -37.9594 ], [ -73.1251, -37.8774 ], [ -73.0469, -37.8445 ], [ -73.024, -37.8076 ], [ -73.0241, -37.7204 ], [ -73.0712, -37.7095 ], [ -73.103, -37.7263 ], [ -73.1243, -37.6894 ], [ -73.0802, -37.6762 ], [ -73.0713, -37.6214 ], [ -73.012, -37.6304 ], [ -72.7731, -37.59 ] ] ] } },
{ "type": "Feature", "properties": { "codregion": 8 }, "geometry": { "type": "MultiPolygon", "coordinates": [ [ [ [ -73.9491, -38.3163 ], [ -73.8657, -38.3689 ], [ -73.886, -38.4184 ], [ -73.9399, -38.4179 ], [ -73.9491, -38.3163 ] ] ], [ [ [ -73.5232, -36.9721 ], [ -73.5212, -37.0068 ], [ -73.454, -37.0515 ], [ -73.5089, -37.0429 ], [ -73.5202, -37.0781 ], [ -73.556, -37.0256 ], [ -73.5232, -36.9721 ] ] ], [ [ [ -73.2759, -38.2967 ], [ -73.3411, -38.3659 ], [ -73.3079, -38.3747 ], [ -73.3088, -38.4121 ], [ -73.2722, -38.4354 ], [ -73.2746, -38.49 ], [ -73.3213, -38.4823 ], [ -73.3203, -38.4375 ], [ -73.3825, -38.3986 ], [ -73.4738, -38.473 ], [ -73.5172, -38.4811 ], [ -73.5295, -38.3872 ], [ -73.4948, -38.3268 ], [ -73.5142, -38.262 ], [ -73.4673, -38.2291 ], [ -73.4544, -38.0818 ], [ -73.5351, -37.8862 ], [ -73.6656, -37.7225 ], [ -73.6743, -37.6025 ], [ -73.6015, -37.5351 ], [ -73.5905, -37.4609 ], [ -73.6318, -37.3774 ], [ -73.685, -37.3674 ], [ -73.6839, -37.3355 ], [ -73.6557, -37.2995 ], [ -73.6495, -37.2027 ], [ -73.5873, -37.1453 ], [ -73.5431, -37.2045 ], [ -73.457, -37.2046 ], [ -73.3938, -37.2437 ], [ -73.2739, -37.2259 ], [ -73.1904, -37.1679 ], [ -73.1521, -37.1151 ], [ -73.1712, -37.0805 ], [ -73.1415, -37.0607 ], [ -73.1882, -36.9995 ], [ -73.1521, -36.8475 ], [ -73.2169, -36.7742 ], [ -73.1917, -36.7466 ], [ -73.1687, -36.767 ], [ -73.131, -36.7468 ], [ -73.1626, -36.7123 ], [ -73.1177, -36.6147 ], [ -73.0904, -36.63 ], [ -73.1063, -36.7221 ], [ -72.992, -36.7326 ], [ -72.9559, -36.6271 ], [ -73.0019, -36.5786 ], [ -72.9757, -36.5259 ], [ -72.9532, -36.5234 ], [ -72.9549, -36.5567 ], [ -72.9317, -36.5433 ], [ -72.8975, -36.4461 ], [ -72.8097, -36.4597 ], [ -72.8011, -36.5107 ], [ -72.8278, -36.5264 ], [ -72.7982, -36.6059 ], [ -72.7337, -36.6172 ], [ -72.7195, -36.6553 ], [ -72.6542, -36.6665 ], [ -72.5903, -36.7339 ], [ -72.593, -36.8161 ], [ -72.5384, -36.8495 ], [ -72.5731, -36.8656 ], [ -72.5708, -36.8937 ], [ -72.6451, -36.8834 ], [ -72.6525, -36.9217 ], [ -72.5169, -36.9394 ], [ -72.5022, -36.8957 ], [ -72.4513, -36.9082 ], [ -72.4615, -36.9271 ], [ -72.3853, -36.9118 ], [ -72.326, -36.9814 ], [ -72.192, -37.0303 ], [ -72.1872, -37.0531 ], [ -72.2613, -37.0926 ], [ -72.2744, -37.1947 ], [ -72.1603, -37.1974 ], [ -72.1191, -37.1786 ], [ -72.062, -37.1935 ], [ -72.0662, -37.1678 ], [ -72.0357, -37.1656 ], [ -71.9905, -37.1932 ], [ -71.8994, -37.1847 ], [ -71.797, -37.1086 ], [ -71.687, -37.1443 ], [ -71.5625, -37.1338 ], [ -71.5516, -37.0196 ], [ -71.5104, -37.0045 ], [ -71.41, -37.0903 ], [ -71.3841, -37.0671 ], [ -71.27, -37.1115 ], [ -71.0962, -37.1096 ], [ -71.1345, -37.1422 ], [ -71.1148, -37.2067 ], [ -71.1697, -37.2251 ], [ -71.1873, -37.2762 ], [ -71.2207, -37.2749 ], [ -71.1992, -37.3811 ], [ -71.1518, -37.4022 ], [ -71.1175, -37.4886 ], [ -71.1499, -37.5393 ], [ -71.1277, -37.5872 ], [ -71.1917, -37.6288 ], [ -71.2114, -37.6892 ], [ -71.1255, -37.8219 ], [ -71.1833, -37.8583 ], [ -71.1408, -37.8592 ], [ -71.1071, -37.891 ], [ -71.1141, -37.9517 ], [ -71.0617, -37.9704 ], [ -71.0556, -38.0446 ], [ -70.992, -38.0834 ], [ -70.9906, -38.1109 ], [ -71.0449, -38.1222 ], [ -71.0853, -38.0896 ], [ -71.2828, -38.1104 ], [ -71.3773, -38.0853 ], [ -71.4131, -38.1072 ], [ -71.436, -38.1769 ], [ -71.5318, -38.204 ], [ -71.5536, -38.2461 ], [ -71.6086, -38.2408 ], [ -71.6493, -38.3143 ], [ -71.7093, -38.2659 ], [ -71.6879, -38.2499 ], [ -71.7155, -38.21 ], [ -71.6939, -38.1691 ], [ -71.7214, -38.1462 ], [ -71.698, -38.0842 ], [ -71.7342, -38.0432 ], [ -71.7765, -38.0303 ], [ -71.879, -38.0783 ], [ -71.9663, -37.9939 ], [ -72.0491, -38.0141 ], [ -72.102, -37.9987 ], [ -72.1291, -37.953 ], [ -72.2452, -37.8784 ], [ -72.3177, -37.8815 ], [ -72.401, -37.8419 ], [ -72.4794, -37.7479 ], [ -72.4936, -37.6457 ], [ -72.5375, -37.6655 ], [ -72.6494, -37.665 ], [ -72.6533, -37.6206 ], [ -72.7272, -37.626 ], [ -72.776, -37.5817 ], [ -72.9274, -37.6197 ], [ -73.0708, -37.6208 ], [ -73.0802, -37.6762 ], [ -73.1244, -37.6889 ], [ -73.103, -37.7263 ], [ -73.0712, -37.7095 ], [ -73.0241, -37.7204 ], [ -73.0238, -37.8067 ], [ -73.0469, -37.8445 ], [ -73.1251, -37.8774 ], [ -73.12, -37.9594 ], [ -73.1863, -37.9882 ], [ -73.2062, -38.0531 ], [ -73.0806, -38.0957 ], [ -73.0776, -38.1769 ], [ -73.1314, -38.1836 ], [ -73.1383, -38.2156 ], [ -73.2014, -38.2312 ], [ -73.2222, -38.2719 ], [ -73.2759, -38.2967 ] ] ] ] } },
{ "type": "Feature", "properties": { "codregion": 16 }, "geometry": { "type": "Polygon", "coordinates": [ [ [ -72.326, -36.9814 ], [ -72.3853, -36.9118 ], [ -72.4615, -36.9271 ], [ -72.4513, -36.9082 ], [ -72.4823, -36.8969 ], [ -72.5095, -36.9031 ], [ -72.5169, -36.9394 ], [ -72.6525, -36.9217 ], [ -72.6451, -36.8834 ], [ -72.5708, -36.8937 ], [ -72.5731, -36.8656 ], [ -72.5384, -36.8495 ], [ -72.593, -36.8161 ], [ -72.5903, -36.7339 ], [ -72.6542, -36.6665 ], [ -72.7195, -36.6553 ], [ -72.7337, -36.6172 ], [ -72.7982, -36.6059 ], [ -72.8278, -36.5264 ], [ -72.8011, -36.5107 ], [ -72.8097, -36.4597 ], [ -72.8839, -36.4447 ], [ -72.8087, -36.2763 ], [ -72.815, -36.0935 ], [ -72.7656, -36.0057 ], [ -72.6837, -36.0196 ], [ -72.6552, -36.0469 ], [ -72.6445, -36.0151 ], [ -72.5832, -36.0779 ], [ -72.4927, -36.0722 ], [ -72.5019, -36.1428 ], [ -72.4789, -36.1524 ], [ -72.4013, -36.176 ], [ -72.3587, -36.1574 ], [ -72.3377, -36.2055 ], [ -72.4122, -36.2078 ], [ -72.3725, -36.2571 ], [ -72.3156, -36.2326 ], [ -72.2776, -36.2614 ], [ -72.2373, -36.2069 ], [ -72.1391, -36.2459 ], [ -72.1031, -36.1232 ], [ -72.0754, -36.1311 ], [ -72.0727, -36.1562 ], [ -71.9906, -36.2086 ], [ -71.9742, -36.2586 ], [ -71.8115, -36.2547 ], [ -71.701, -36.3532 ], [ -71.5712, -36.4043 ], [ -71.4672, -36.412 ], [ -71.4098, -36.5032 ], [ -71.3528, -36.5125 ], [ -71.3383, -36.5432 ], [ -71.2703, -36.4411 ], [ -71.2249, -36.4626 ], [ -71.1149, -36.3618 ], [ -71.0593, -36.3871 ], [ -71.0681, -36.4478 ], [ -71.0353, -36.4742 ], [ -71.0574, -36.6182 ], [ -71.009, -36.6908 ], [ -71.0661, -36.7145 ], [ -71.086, -36.6778 ], [ -71.1132, -36.6799 ], [ -71.1322, -36.8142 ], [ -71.1797, -36.8412 ], [ -71.1238, -36.8606 ], [ -71.1487, -36.9152 ], [ -71.0887, -36.928 ], [ -71.1005, -36.9655 ], [ -71.2224, -36.9778 ], [ -71.1671, -36.9972 ], [ -71.0961, -37.1096 ], [ -71.27, -37.1115 ], [ -71.3841, -37.0671 ], [ -71.41, -37.0903 ], [ -71.5104, -37.0045 ], [ -71.5516, -37.0196 ], [ -71.5625, -37.1338 ], [ -71.687, -37.1443 ], [ -71.797, -37.1086 ], [ -71.8994, -37.1847 ], [ -71.9905, -37.1932 ], [ -72.0357, -37.1656 ], [ -72.0662, -37.1678 ], [ -72.062, -37.1935 ], [ -72.1191, -37.1786 ], [ -72.2709, -37.1954 ], [ -72.2613, -37.0926 ], [ -72.1821, -37.0463 ], [ -72.326, -36.9814 ] ] ] } },
{ "type": "Feature", "properties": { "codregion": 7 }, "geometry": { "type": "Polygon", "coordinates": [ [ [ -72.0343, -34.6873 ], [ -71.9134, -34.8151 ], [ -71.8179, -34.8408 ], [ -71.7945, -34.8277 ], [ -71.7096, -34.9373 ], [ -71.6749, -34.9236 ], [ -71.6886, -34.897 ], [ -71.6617, -34.8552 ], [ -71.4647, -34.9006 ], [ -71.4385, -34.8799 ], [ -71.3658, -34.9129 ], [ -71.3869, -34.8865 ], [ -71.3738, -34.8336 ], [ -71.2788, -34.7916 ], [ -71.261, -34.8243 ], [ -71.2128, -34.8352 ], [ -71.1348, -34.7864 ], [ -71.0987, -34.8281 ], [ -71.0468, -34.7924 ], [ -70.9574, -34.872 ], [ -70.8833, -34.8501 ], [ -70.8217, -34.8713 ], [ -70.8095, -34.8523 ], [ -70.7699, -34.8594 ], [ -70.6222, -34.9876 ], [ -70.6148, -34.9608 ], [ -70.5413, -34.9339 ], [ -70.4777, -34.9941 ], [ -70.4152, -34.9836 ], [ -70.3646, -35.0057 ], [ -70.3744, -35.1697 ], [ -70.4723, -35.2038 ], [ -70.5269, -35.1942 ], [ -70.5826, -35.2705 ], [ -70.565, -35.3002 ], [ -70.5036, -35.3204 ], [ -70.4319, -35.3186 ], [ -70.4467, -35.4634 ], [ -70.3675, -35.5196 ], [ -70.4134, -35.5284 ], [ -70.3846, -35.6054 ], [ -70.423, -35.6407 ], [ -70.3581, -35.7494 ], [ -70.3793, -35.7869 ], [ -70.3117, -35.8132 ], [ -70.4212, -35.8763 ], [ -70.423, -35.9152 ], [ -70.365, -35.925 ], [ -70.422, -35.9706 ], [ -70.3747, -35.9947 ], [ -70.3692, -36.0382 ], [ -70.4119, -36.0602 ], [ -70.4209, -36.156 ], [ -70.4886, -36.1783 ], [ -70.5305, -36.1431 ], [ -70.5783, -36.1398 ], [ -70.571, -36.175 ], [ -70.6317, -36.2385 ], [ -70.7055, -36.272 ], [ -70.6836, -36.3047 ], [ -70.7111, -36.3448 ], [ -70.6776, -36.3887 ], [ -70.7124, -36.4268 ], [ -70.7389, -36.4291 ], [ -70.7465, -36.4058 ], [ -70.7886, -36.4287 ], [ -70.8174, -36.3959 ], [ -70.8477, -36.4184 ], [ -70.8843, -36.3965 ], [ -70.8908, -36.4689 ], [ -70.9738, -36.5023 ], [ -71.0606, -36.4633 ], [ -71.0593, -36.3871 ], [ -71.1149, -36.3618 ], [ -71.2249, -36.4626 ], [ -71.2815, -36.4483 ], [ -71.3374, -36.5434 ], [ -71.3528, -36.5125 ], [ -71.4098, -36.5032 ], [ -71.4672, -36.412 ], [ -71.5712, -36.4043 ], [ -71.701, -36.3532 ], [ -71.8115, -36.2547 ], [ -71.9742, -36.2586 ], [ -71.9906, -36.2086 ], [ -72.0727, -36.1562 ], [ -72.0754, -36.1311 ], [ -72.1031, -36.1232 ], [ -72.1391, -36.2459 ], [ -72.2373, -36.2069 ], [ -72.2776, -36.2614 ], [ -72.3156, -36.2326 ], [ -72.3725, -36.2571 ], [ -72.4122, -36.2078 ], [ -72.3377, -36.2055 ], [ -72.3384, -36.1744 ], [ -72.5017, -36.1433 ], [ -72.4927, -36.0722 ], [ -72.5832, -36.0779 ], [ -72.6449, -36.0149 ], [ -72.6552, -36.0469 ], [ -72.6865, -36.0187 ], [ -72.7781, -36.0143 ], [ -72.7849, -35.9752 ], [ -72.5666, -35.7946 ], [ -72.638, -35.602 ], [ -72.6184, -35.5606 ], [ -72.4882, -35.4628 ], [ -72.499, -35.3909 ], [ -72.4088, -35.3191 ], [ -72.3835, -35.2214 ], [ -72.2038, -35.1103 ], [ -72.1796, -34.8948 ], [ -72.0658, -34.6959 ], [ -72.0343, -34.6873 ] ] ] } },
{ "type": "Feature", "properties": { "codregion": 6 }, "geometry": { "type": "Polygon", "coordinates": [ [ [ -72.03, -34.4671 ], [ -72.0491, -34.4254 ], [ -71.9808, -34.3619 ], [ -71.972, -34.2995 ], [ -72.0087, -34.1321 ], [ -71.8355, -33.9037 ], [ -71.8399, -33.9229 ], [ -71.809, -33.9073 ], [ -71.7812, -33.9352 ], [ -71.7488, -33.9205 ], [ -71.7537, -33.9387 ], [ -71.5873, -34.034 ], [ -71.5639, -33.9867 ], [ -71.4484, -34.0144 ], [ -71.3902, -34.0759 ], [ -71.3007, -34.0303 ], [ -71.1848, -34.1584 ], [ -71.0721, -34.1841 ], [ -70.9142, -34.1447 ], [ -70.9373, -34.09 ], [ -70.893, -34.0758 ], [ -70.8888, -34.0386 ], [ -70.8076, -34.0253 ], [ -70.7918, -33.993 ], [ -70.8249, -33.9534 ], [ -70.7967, -33.9313 ], [ -70.7582, -33.9428 ], [ -70.7079, -33.9054 ], [ -70.6539, -33.9369 ], [ -70.6, -33.8944 ], [ -70.5164, -33.8882 ], [ -70.5026, -33.8629 ], [ -70.4394, -33.8505 ], [ -70.3749, -33.8836 ], [ -70.3762, -33.9279 ], [ -70.3211, -33.9993 ], [ -70.3381, -34.0551 ], [ -70.2623, -34.0715 ], [ -70.2408, -34.0328 ], [ -70.1696, -34.0448 ], [ -70.1417, -34.1202 ], [ -70.1642, -34.1591 ], [ -70.0506, -34.2259 ], [ -70.0091, -34.3944 ], [ -70.0813, -34.4729 ], [ -70.1317, -34.4878 ], [ -70.2178, -34.6118 ], [ -70.216, -34.6842 ], [ -70.3062, -34.7474 ], [ -70.3094, -34.7697 ], [ -70.2482, -34.7991 ], [ -70.3326, -34.9371 ], [ -70.3332, -34.9902 ], [ -70.3656, -35.0054 ], [ -70.4152, -34.9836 ], [ -70.4777, -34.9941 ], [ -70.5413, -34.9339 ], [ -70.6148, -34.9608 ], [ -70.6222, -34.9876 ], [ -70.7699, -34.8594 ], [ -70.8095, -34.8523 ], [ -70.8217, -34.8713 ], [ -70.8833, -34.8501 ], [ -70.9574, -34.872 ], [ -71.0468, -34.7924 ], [ -71.0987, -34.8281 ], [ -71.1349, -34.7863 ], [ -71.2128, -34.8352 ], [ -71.261, -34.8243 ], [ -71.2788, -34.7916 ], [ -71.3738, -34.8336 ], [ -71.3869, -34.8865 ], [ -71.3658, -34.9129 ], [ -71.4385, -34.8799 ], [ -71.4647, -34.9006 ], [ -71.6617, -34.8552 ], [ -71.6886, -34.897 ], [ -71.6749, -34.9236 ], [ -71.7096, -34.9373 ], [ -71.7952, -34.8271 ], [ -71.8179, -34.8408 ], [ -71.9134, -34.8151 ], [ -71.9531, -34.7573 ], [ -71.9973, -34.7405 ], [ -72.005, -34.7049 ], [ -72.0562, -34.687 ], [ -72.03, -34.4671 ] ], [ [ -70.8153, -34.8501 ], [ -70.8153, -34.8501 ], [ -70.8153, -34.8501 ], [ -70.8153, -34.8501 ] ] ] } }
]
}
