{"moran_i": 0.2845076123664235, "p_value": 0.006, "slope": 0.2845076123664235, "intercept": 0.10623993862756867}